order,ncr_id,source_dataset,map_status,combined_into,entity_name,rendered_shortest,current_shortest,current_short,current_normal,tier,shortest_type,shortest_source,shortest_source_url,acronym,acronym_source,area_aliases,parent_org,region,roles,org_type,weight,issues,collision_ids,nearby_collision_ids
"1","SUP-albertville-municipal-utilities-board","supplemental","published",,"Albertville Municipal Utilities Board","LBRTVL","Albertville Municipal","","Albertville Municipal Utilities Board","normal",,,,"Albertville Municipal",,"[]",,,"[""DP""]","municipal","1","[""missing_org_names_entry"",""over_15_characters""]","[]","[]"
"2","SUP-alliance-municipal-electric-system","supplemental","published",,"Alliance Municipal Electric System","LLNC","Alliance Municipal","","Alliance Municipal Electric System","normal",,,,"Alliance Municipal",,"[]",,,"[""DP""]","municipal","1","[""missing_org_names_entry"",""over_15_characters""]","[]","[]"
"3","SUP-brownfield-municipal-light-power","supplemental","published",,"Brownfield Municipal Light & Power","BRWNFL","Brownfield Municipal","","Brownfield Municipal Light & Power","normal",,,,"Brownfield Municipal",,"[]",,,"[""DP""]","municipal","1","[""missing_org_names_entry"",""over_15_characters""]","[]","[]"
"4","SUP-city-of-green-cove-springs","supplemental","published",,"City of Green Cove Springs","GCS","Green Cove Springs","","City of Green Cove Springs","normal",,,,"Green Cove Springs",,"[]",,,"[""DP""]","municipal","1","[""missing_org_names_entry"",""over_15_characters""]","[]","[]"
"5","SUP-city-of-natchitoches-utility-department","supplemental","published",,"City of Natchitoches Utility Department","NTCHTC","Natchitoches Utility","","City of Natchitoches Utility Department","normal",,,,"Natchitoches Utility",,"[]",,,"[""DP""]","municipal","1","[""missing_org_names_entry"",""over_15_characters""]","[]","[]"
"6","SUP-city-of-olive-hill-utility-department","supplemental","published",,"City of Olive Hill Utility Department","OH","Olive Hill Utility","","City of Olive Hill Utility Department","normal",,,,"Olive Hill Utility",,"[]",,,"[""DP""]","municipal","1","[""missing_org_names_entry"",""over_15_characters""]","[]","[]"
"7","SUP-kbr-rural-public-power-district","supplemental","published",,"KBR Rural Public Power District","KR","KBR Rural Public","","KBR Rural Public Power District","normal",,,,"KBR Rural Public",,"[]",,,"[""DP""]","municipal","1","[""missing_org_names_entry"",""over_15_characters""]","[]","[]"
"8","SUP-public-utility-district-no-1-of-jefferson-county","supplemental","published",,"Public Utility District No. 1 of Jefferson County","JC","Jefferson County","","Public Utility District No. 1 of Jefferson County","normal",,,,"Jefferson County",,"[]",,,"[""DP""]","municipal","1","[""missing_org_names_entry"",""over_15_characters""]","[]","[]"
"9","SUP-public-utility-district-no-1-of-wahkiakum-county","supplemental","published",,"Public Utility District No. 1 of Wahkiakum County","WC","Wahkiakum County","","Public Utility District No. 1 of Wahkiakum County","normal",,,,"Wahkiakum County",,"[]",,,"[""DP""]","municipal","1","[""missing_org_names_entry"",""over_15_characters""]","[]","[]"
"10","SUP-town-of-boyce-electric-utility","supplemental","published",,"Town of Boyce Electric Utility","Boyce","Boyce Electric Utility","","Town of Boyce Electric Utility","normal",,,,"Boyce Electric Utility",,"[]",,,"[""DP""]","municipal","1","[""missing_org_names_entry"",""over_15_characters""]","[]","[]"
"11","SUP-town-of-erath-electric-utility","supplemental","published",,"Town of Erath Electric Utility","Erath","Erath Electric Utility","","Town of Erath Electric Utility","normal",,,,"Erath Electric Utility",,"[]",,,"[""DP""]","municipal","1","[""missing_org_names_entry"",""over_15_characters""]","[]","[]"
"12","SUP-town-of-gueydan-electric-utility","supplemental","published",,"Town of Gueydan Electric Utility","GYDN","Gueydan Electric Utility","","Town of Gueydan Electric Utility","normal",,,,"Gueydan Electric Utility",,"[]",,,"[""DP""]","municipal","1","[""missing_org_names_entry"",""over_15_characters""]","[]","[]"
"13","SUP-town-of-welsh-electric-utility","supplemental","published",,"Town of Welsh Electric Utility","Welsh","Welsh Electric Utility","","Town of Welsh Electric Utility","normal",,,,"Welsh Electric Utility",,"[]",,,"[""DP""]","municipal","1","[""missing_org_names_entry"",""over_15_characters""]","[]","[]"
"14","NCR12253","geocoded","combined_member","NCR12252","Spring Canyon Energy III LLC",,"Spring Canyon III","Spring Canyon Energy III","Spring Canyon Energy III LLC","normal",,,,"Spring Canyon III","common_market_name","[]",,"WECC","[""GO"",""GOP""]",,"4","[""over_15_characters""]","[]","[]"
"15","NCR05456","geocoded","combined_member","NCR10347","Wellhead Power Panoche, LLC",,"Wellhead Panoche","Wellhead Power Panoche","Wellhead Power Panoche, LLC","normal",,,,"Wellhead Panoche","name_initialism","[]",,"WECC","[""GO""]",,"2","[""over_15_characters""]","[]","[]"
"16","NCR05457","geocoded","combined_member","NCR10347","Wellhead Services, Inc",,"Wellhead Services","Wellhead Services","Wellhead Services, Inc","normal",,,,"Wellhead Services","name_initialism","[]",,"WECC","[""GOP""]",,"2","[""over_15_characters""]","[]","[]"
"17","SUP-seattle-city-light","supplemental","source_only",,"Seattle City Light",,"Seattle City Light","","Seattle City Light","normal",,,,"Seattle City Light",,"[]",,,"[""DP""]","IOU","1","[""missing_org_names_entry"",""over_15_characters""]","[]","[]"
"18","NCR00024","geocoded","published",,"Florida Power & Light Co.","FPL","FPL","Florida Power & Light","Florida Power & Light Co.","major",,,,"FPL","common_market_name","[]",,"SERC","[""BA"",""DP"",""GO"",""GOP"",""PC"",""RC"",""RP"",""TO"",""TOP"",""TP"",""TSP""]",,"49","[""duplicate_label"",""nearby_label_collision""]","[""NCR-SEED-027""]","[""NCR-SEED-027""]"
"19","NCR01151","geocoded","published",,"Tennessee Valley Authority","TVA","TVA","Tennessee Valley Authority","Tennessee Valley Authority","major",,,,"TVA","official_website","[]",,"SERC","[""BA"",""DP"",""GO"",""GOP"",""PC"",""RC"",""RP"",""TO"",""TOP"",""TP"",""TSP""]",,"49","[""duplicate_label"",""nearby_label_collision""]","[""NCR-SEED-025""]","[""NCR-SEED-025""]"
"20","NCR07124","geocoded","published",,"ISO-NE","ISO-NE","ISO-NE","ISO New England","ISO-NE","major",,,,"ISO-NE","common_market_name","[]",,"NPCC","[""BA"",""PC"",""RC"",""RP"",""TOP"",""TP"",""TSP""]","ISO_RTO","42","[""duplicate_label"",""nearby_label_collision""]","[""NCR-SEED-005""]","[""NCR-SEED-005""]"
"21","NCR07160","geocoded","published",,"New York Independent System Operator","NYISO","NYISO","New York ISO","New York Independent System Operator","major",,,,"NYISO","official_website","[]",,"NPCC","[""BA"",""PC"",""RC"",""RP"",""TOP"",""TP"",""TSP""]","other","42","[""duplicate_label"",""nearby_label_collision""]","[""NCR-SEED-006""]","[""NCR-SEED-006""]"
"22","NCR00879","geocoded","published",,"PJM Interconnection, LLC","PJM","PJM","PJM Interconnection","PJM Interconnection, LLC","major",,,,"PJM","common_market_name","[]",,"RF","[""BA"",""PC"",""RC"",""RP"",""TOP"",""TP"",""TSP""]",,"42","[""duplicate_label"",""nearby_label_collision""]","[""NCR-SEED-001""]","[""NCR-SEED-001""]"
"23","NCR01320","geocoded","published",,"Southern Company Services, Inc. - Trans","SCS","SCS","Southern Company Services - Trans","Southern Company Services - Trans","major",,,,"SCS-Trans","name_initialism","[]",,"SERC","[""BA"",""PC"",""RC"",""TOP"",""TP"",""TSP""]",,"40","[""duplicate_label"",""nearby_label_collision""]","[""NCR01319""]","[""NCR01319""]"
"24","NCR05016","geocoded","published",,"Arizona Public Service Company","APS","APS","Arizona Public Service","Arizona Public Service Company","major",,,,"APS","common_market_name","[]",,"WECC","[""BA"",""DP"",""GO"",""GOP"",""PC"",""RP"",""TO"",""TOP"",""TP"",""TSP""]",,"39","[""duplicate_label"",""nearby_label_collision""]","[""NCR-SEED-011""]","[""NCR-SEED-011""]"
"25","NCR01177","geocoded","published",,"Associated Electric Cooperative, Inc.","AECI","AECI","Associated Electric Cooperative","Associated Electric Cooperative, Inc.","major",,,,"AECI","official_website","[]",,"SERC","[""BA"",""DP"",""GO"",""GOP"",""PC"",""RP"",""TO"",""TOP"",""TP"",""TSP""]",,"39","[""duplicate_label"",""nearby_label_collision""]","[""NCR-SEED-026""]","[""NCR-SEED-026""]"
"26","NCR01219","geocoded","published",,"Duke Energy Carolinas, LLC","DEC","DEC","Duke Energy Carolinas","Duke Energy Carolinas, LLC","major",,,,"DEC","common_market_name","[]",,"SERC","[""BA"",""DP"",""GO"",""GOP"",""PC"",""RP"",""TO"",""TOP"",""TP"",""TSP""]",,"39","[""duplicate_label"",""nearby_label_collision""]","[""NCR-SEED-020""]","[""NCR-SEED-020""]"
"27","NCR00063","geocoded","published",,"Duke Energy Florida, LLC","Duke","Duke","Duke Energy Florida","Duke Energy Florida, LLC","major",,,,"DEF","common_market_name","[]",,"SERC","[""BA"",""DP"",""GO"",""GOP"",""PC"",""RP"",""TO"",""TOP"",""TP"",""TSP""]",,"39","[""duplicate_label"",""nearby_label_collision""]","[""NCR-SEED-028"",""NCR00761""]","[""NCR-SEED-028""]"
"28","NCR01298","geocoded","published",,"Duke Energy Progress, LLC","DEP","DEP","Duke Energy Progress","Duke Energy Progress, LLC","major",,,,"DEP","common_market_name","[]",,"SERC","[""BA"",""DP"",""GO"",""GOP"",""PC"",""RP"",""TO"",""TOP"",""TP"",""TSP""]",,"39","[""duplicate_label"",""nearby_label_collision""]","[""NCR-SEED-021""]","[""NCR-SEED-021""]"
"29","NCR05140","geocoded","published",,"El Paso Electric Company","EPE","EPE","El Paso Electric","El Paso Electric Company","major",,,,"EPE","common_market_name","[]",,"WECC","[""BA"",""DP"",""GO"",""GOP"",""PC"",""RP"",""TO"",""TOP"",""TP"",""TSP""]",,"39","[""duplicate_label"",""nearby_label_collision""]","[""NCR-SEED-019""]","[""NCR-SEED-019""]"
"30","NCR05191","geocoded","published",,"Idaho Power Company","Idaho","Idaho","Idaho Power","Idaho Power Company","major",,,,"IPCO","name_initialism","[]",,"WECC","[""BA"",""DP"",""GO"",""GOP"",""PC"",""RP"",""TO"",""TOP"",""TP"",""TSP""]",,"39","[""duplicate_label"",""nearby_label_collision""]","[""NCR-SEED-014""]","[""NCR-SEED-014""]"
"31","NCR00040","geocoded","published",,"JEA","JEA","JEA","JEA","JEA","major",,,,"JEA","official_website","[]",,"SERC","[""BA"",""DP"",""GO"",""GOP"",""PC"",""RP"",""TO"",""TOP"",""TP"",""TSP""]",,"39","[""duplicate_label"",""nearby_label_collision""]","[""NCR-SEED-030""]","[""NCR-SEED-030""]"
"32","NCR05282","geocoded","published",,"NorthWestern Corporation","NWE","NWE","NorthWestern Energy","NorthWestern Energy","major",,,,"NorthWestern","official_website","[]",,"WECC","[""BA"",""DP"",""GO"",""GOP"",""PC"",""RP"",""TO"",""TOP"",""TP"",""TSP""]",,"39","[""duplicate_label"",""nearby_label_collision""]","[""NCR01021""]","[""NCR01021""]"
"33","NCR05304","geocoded","published",,"PacifiCorp","PAC","PacifiCorp","PacifiCorp","PacifiCorp","major",,,,"PacifiCorp","official_website","[]",,"WECC","[""BA"",""DP"",""GO"",""GOP"",""PC"",""RP"",""TO"",""TOP"",""TP"",""TSP""]",,"39","[""duplicate_label"",""nearby_label_collision""]","[""NCR-SEED-015""]","[""NCR-SEED-015""]"
"34","NCR05325","geocoded","published",,"Portland General Electric Company","PGE","PGE","Portland General Electric","Portland General Electric Company","major",,,,"PGE","common_market_name","[]",,"WECC","[""BA"",""DP"",""GO"",""GOP"",""PC"",""RP"",""TO"",""TOP"",""TP"",""TSP""]",,"39","[""duplicate_label"",""nearby_label_collision""]","[""NCR-SEED-017""]","[""NCR-SEED-017""]"
"35","NCR05521","geocoded","published",,"Public Service Company of Colorado","PSCo","PSCo","Public Service of Colorado","Public Service Company of Colorado","major",,,,"PSCo","common_market_name","[]",,"WECC","[""BA"",""DP"",""GO"",""GOP"",""PC"",""RP"",""TO"",""TOP"",""TP"",""TSP""]",,"39","[""duplicate_label"",""nearby_label_collision""]","[""NCR-SEED-012""]","[""NCR-SEED-012""]"
"36","NCR05333","geocoded","published",,"Public Service Company of New Mexico","PNM","PNM","Public Service of New Mexico","Public Service Company of New Mexico","major",,,,"PNM","common_market_name","[]",,"WECC","[""BA"",""DP"",""GO"",""GOP"",""PC"",""RP"",""TO"",""TOP"",""TP"",""TSP""]",,"39","[""duplicate_label"",""nearby_label_collision""]","[""NCR-SEED-018""]","[""NCR-SEED-018""]"
"37","NCR05344","geocoded","published",,"Puget Sound Energy, Inc.","PSE","PSE","Puget Sound Energy","Puget Sound Energy, Inc.","major",,,,"PSE","common_market_name","[]",,"WECC","[""BA"",""DP"",""GO"",""GOP"",""PC"",""RP"",""TO"",""TOP"",""TP"",""TSP""]",,"39","[""duplicate_label"",""nearby_label_collision""]","[""NCR-SEED-016""]","[""NCR-SEED-016""]"
"38","NCR00074","geocoded","published",,"Tampa Electric Company","TECO","TECO","Tampa Electric","Tampa Electric Company","major",,,,"TECO","common_market_name","[]",,"SERC","[""BA"",""DP"",""GO"",""GOP"",""PC"",""RP"",""TO"",""TOP"",""TP"",""TSP""]",,"39","[""duplicate_label"",""nearby_label_collision""]","[""NCR-SEED-029""]","[""NCR-SEED-029""]"
"39","NCR04056","geocoded","published",,"Electric Reliability Council of Texas, Inc.","ERCOT","ERCOT","Electric Reliability Council of Texas","Electric Reliability Council of Texas, Inc.","major",,,,"ERCOT","common_market_name","[]",,"Texas RE","[""BA"",""PC"",""RC"",""RP"",""TOP"",""TSP""]",,"38","[""duplicate_label"",""nearby_label_collision""]","[""NCR-SEED-007""]","[""NCR-SEED-007""]"
"40","NCR00826","geocoded","published",,"Midcontinent Independent System Operator, Inc.","MISO","MISO","Midcontinent ISO","Midcontinent Independent System Operator, Inc.","major",,,,"MISO","common_market_name","[]",,"MRO","[""BA"",""PC"",""RC"",""RP"",""TP"",""TSP""]","ISO_RTO","36","[""duplicate_label"",""nearby_label_collision""]","[""NCR-SEED-002""]","[""NCR-SEED-002""]"
"41","NCR05048","geocoded","published",,"California Independent System Operator","CAISO","CAISO","California ISO","California Independent System Operator","major",,,,"CAISO","common_market_name","[]",,"WECC","[""BA"",""PC"",""RC"",""TOP"",""TSP""]",,"36","[""duplicate_label"",""nearby_label_collision""]","[""NCR-SEED-003""]","[""NCR-SEED-003""]"
"42","NCR05032","geocoded","published",,"Bonneville Power Administration","BPA","BPA","Bonneville Power Administration","Bonneville Power Administration","major",,,,"BPA","common_market_name","[]",,"WECC","[""BA"",""PC"",""RP"",""TO"",""TOP"",""TP"",""TSP""]",,"34","[""duplicate_label"",""nearby_label_collision""]","[""NCR-SEED-054""]","[""NCR-SEED-054""]"
"43","NCR01143","geocoded","published",,"Southwest Power Pool, Inc.","SPP","SPP","Southwest Power Pool","Southwest Power Pool","major",,,,"SPP","common_market_name","[]",,"MRO","[""BA"",""PC"",""RC"",""RSG"",""TSP""]","ISO_RTO","33","[""duplicate_label"",""nearby_label_collision""]","[""NCR-SEED-004""]","[""NCR-SEED-004""]"
"44","NCR-SEED-048","geocoded","published",,"Evergy Kansas Central, Inc.","Evergy","Evergy","Evergy Kansas Central","Evergy Kansas Central, Inc.","major",,,,"Evergy","common_market_name","[]",,"MRO","[""BA"",""TO"",""TOP"",""DP"",""GO"",""GOP"",""LSE"",""TSP""]","IOU","28","[""duplicate_label"",""nearby_label_collision""]","[""NCR00658""]","[""NCR00658""]"
"45","NCR01083","geocoded","published",,"Cleco Corporate Holdings LLC","Cleco","Cleco","Cleco","Cleco","normal",,,,"Cleco","official_website","[]",,"SERC","[""BA"",""DP"",""GO"",""GOP"",""RP"",""TO"",""TOP"",""TP""]",,"27","[""duplicate_label"",""nearby_label_collision""]","[""NCR13099""]","[""NCR13099""]"
"46","NCR00992","geocoded","published",,"Great River Energy","GRE","GRE","Great River Energy","Great River Energy","major",,,,"GRE","official_website","[]",,"MRO","[""BA"",""DP"",""GO"",""GOP"",""RP"",""TO"",""TOP"",""TP""]","cooperative","27","[""duplicate_label"",""nearby_label_collision""]","[""NCR-SEED-044""]","[""NCR-SEED-044""]"
"47","NCR01020","geocoded","published",,"Northern States Power (Xcel Energy)","NSP","NSP","Xcel Energy","Xcel Energy","major",,,,"NSP","sec_filing","[]",,"MRO","[""BA"",""DP"",""GO"",""GOP"",""RP"",""TO"",""TOP"",""TP""]","IOU","27","[""duplicate_label"",""nearby_label_collision""]","[""NCR-SEED-042""]","[""NCR-SEED-042""]"
"48","NCR05023","geocoded","published",,"Basin Electric Power Cooperative","Basin","Basin","Basin Electric","Basin Electric Power Cooperative","major",,,,"Basin Electric","official_website","[]",,"WECC","[""DP"",""GO"",""GOP"",""PC"",""RP"",""TO"",""TP"",""TSP""]",,"25","[""duplicate_label"",""nearby_label_collision""]","[""NCR-SEED-043"",""NCR00102""]","[""NCR-SEED-043"",""NCR00102""]"
"49","NCR05368","geocoded","published",,"Sacramento Municipal Utility District","SMUD","SMUD","Sacramento Municipal Utility District","SMUD","major",,,,"SMUD","official_website","[]",,"WECC","[""DP"",""GO"",""GOP"",""RP"",""TO"",""TOP"",""TP"",""TSP""]",,"24","[""duplicate_label"",""nearby_label_collision""]","[""SUP-sacramento-municipal-utility-district""]","[""SUP-sacramento-municipal-utility-district""]"
"50","NCR01175","geocoded","published",,"Ameren Services Company","Ameren","Ameren","Ameren","Ameren","major",,,,"Ameren","official_website","[]",,"SERC","[""BA"",""DP"",""RP"",""TO"",""TOP"",""TP""]",,"23","[""duplicate_label"",""nearby_label_collision""]","[""NCR10248""]","[""NCR10248""]"
"51","NCR01234","geocoded","published",,"Entergy","Entergy","Entergy","Entergy","Entergy","major",,,,"Entergy","common_market_name","[]",,"SERC","[""BA"",""DP"",""RP"",""TO"",""TOP"",""TP""]",,"23","[""duplicate_label"",""nearby_label_collision""]","[""NCR11166"",""NCR11167"",""NCR12526""]","[""NCR11167"",""NCR12526""]"
"52","NCR00682","geocoded","published",,"American Electric Power Service Corporation as agent for Appalachian Power Company, Indiana Michigan Power Company, Kentucky Power Company, Kingsport Power Company, Ohio Power Company, Wheeling Power Company, AEP Ohio Transmission Company, AEP Appalachian Transmission Company, AEP West Virginia Transmission Company, AEP Indiana Michigan Transmission Company and AEP Kentucky Transmission Company, Inc.","AEP","AEP","AEP Service Corp","AEP Service Corporation","major",,,,"AEP Service Corp","common_market_name","[]","American Electric Power Company, Inc.","RF","[""DP"",""GO"",""GOP"",""RP"",""TO"",""TOP"",""TP""]","other","19","[""duplicate_label"",""nearby_label_collision""]","[""NCR-SEED-036"",""NCR04006"",""NCR11401"",""NCR12527"",""NCR13230""]","[""NCR-SEED-036"",""NCR04006"",""NCR11401"",""NCR12527"",""NCR13230""]"
"53","NCR00658","geocoded","published",,"Evergy, Inc.","Evergy","Evergy","Evergy","Evergy","major",,,,"Evergy","official_website","[]",,"MRO","[""DP"",""GO"",""GOP"",""RP"",""TO"",""TOP"",""TP""]","IOU","19","[""duplicate_label"",""nearby_label_collision""]","[""NCR-SEED-048""]","[""NCR-SEED-048""]"
"54","NCR05244","geocoded","published",,"Modesto Irrigation District","MID","MID","Modesto Irrigation District","Modesto Irrigation District","normal",,,,"MID","official_website","[]",,"WECC","[""DP"",""GO"",""GOP"",""RP"",""TO"",""TOP"",""TP""]",,"19","[""duplicate_label"",""nearby_label_collision""]","[""NCR05234""]","[""NCR05234""]"
"55","NCR01018","geocoded","published",,"Nebraska Public Power District","NPPD","NPPD","Nebraska Public Power District","Nebraska Public Power District","major",,,,"NPPD","official_website","[]",,"MRO","[""DP"",""GO"",""GOP"",""RP"",""TO"",""TOP"",""TP""]","municipal","19","[""duplicate_label"",""nearby_label_collision""]","[""NCR-SEED-049""]","[""NCR-SEED-049""]"
"56","NCR01130","geocoded","published",,"Oklahoma Gas And Electric Co.","OG&E","OG&E","Oklahoma Gas and Electric","Oklahoma Gas & Electric","major",,,,"OG&E","common_market_name","[]",,"MRO","[""DP"",""GO"",""GOP"",""RP"",""TO"",""TOP"",""TP""]","IOU","19","[""duplicate_label"",""nearby_label_collision""]","[""NCR-SEED-047""]","[""NCR-SEED-047""]"
"57","NCR00860","geocoded","published",,"Omaha Public Power District","OPPD","OPPD","Omaha Public Power District","Omaha Public Power District","major",,,,"OPPD","official_website","[]",,"MRO","[""DP"",""GO"",""GOP"",""RP"",""TO"",""TOP"",""TP""]","municipal","19","[""duplicate_label"",""nearby_label_collision""]","[""NCR-SEED-045""]","[""NCR-SEED-045""]"
"58","NCR05299","geocoded","published",,"Pacific Gas and Electric Company","PG&E","PG&E","Pacific Gas and Electric","Pacific Gas and Electric Company","major",,,,"PG&E","official_website","[]",,"WECC","[""DP"",""GO"",""GOP"",""RP"",""TO"",""TOP"",""TP""]",,"19","[""duplicate_label"",""nearby_label_collision""]","[""NCR-SEED-008""]","[""NCR-SEED-008""]"
"59","NCR05377","geocoded","published",,"San Diego Gas & Electric","SDG&E","SDG&E","San Diego Gas & Electric","San Diego Gas & Electric Company","major",,,,"SDG&E","official_website","[]",,"WECC","[""DP"",""GO"",""GOP"",""RP"",""TO"",""TOP"",""TP""]",,"19","[""duplicate_label"",""nearby_label_collision""]","[""NCR-SEED-010""]","[""NCR-SEED-010""]"
"60","NCR05398","geocoded","published",,"Southern California Edison Company","SCE","SCE","Southern California Edison","Southern California Edison Company","major",,,,"SCE","official_website","[]",,"WECC","[""DP"",""GO"",""GOP"",""RP"",""TO"",""TOP"",""TP""]",,"19","[""duplicate_label"",""nearby_label_collision""]","[""NCR-SEED-009""]","[""NCR-SEED-009""]"
"61","NCR01145","geocoded","published",,"Southwestern Public Service Co. (Xcel Energy)","SPS","SPS","Xcel Energy","Xcel Energy","major",,,,"SPS","sec_filing","[]",,"MRO","[""DP"",""GO"",""GOP"",""RP"",""TO"",""TOP"",""TP""]","IOU","19","[""duplicate_label"",""nearby_label_collision""]","[""NCR-SEED-046""]","[""NCR-SEED-046""]"
"62","NCR01148","geocoded","published",,"Sunflower Electric Power Corporation","SNFLWR","Sunflower","Sunflower Electric","Sunflower Electric Power Corporation","major",,,,"Sunflower","official_website","[]",,"MRO","[""DP"",""GO"",""GOP"",""RP"",""TO"",""TOP"",""TP""]","cooperative","19","[""duplicate_label"",""nearby_label_collision""]","[""NCR-SEED-059"",""NCR11702"",""NCR12266"",""NCR12352""]","[""NCR-SEED-059""]"
"63","NCR-SEED-055","geocoded","published",,"Western Area Power Administration","WAPA","WAPA","Western Area Power Administration","Western Area Power Administration","major",,,,"WAPA","common_market_name","[]",,"WECC","[""TO"",""TOP"",""TSP"",""TP"",""GOP""]","federal","19","[""duplicate_label"",""nearby_label_collision""]","[""NCR01036"",""NCR05464"",""SUP-virgin-islands-water-and-power-authority""]","[""NCR05464""]"
"64","NCR04037","geocoded","published",,"CPS Energy","CPS","CPS","CPS Energy","CPS Energy","major",,,,"CPS Energy","official_website","[]",,"Texas RE","[""DP"",""GO"",""GOP"",""TO"",""TOP"",""TP""]",,"17","[""duplicate_label"",""nearby_label_collision""]","[""NCR-SEED-051"",""SUP-cps-energy""]","[""NCR-SEED-051"",""SUP-cps-energy""]"
"65","NCR04049","geocoded","published",,"Denton Municipal Electric","DME","DME","Denton Municipal Electric","Denton Municipal Electric","normal",,,,"DME","name_initialism","[]",,"Texas RE","[""DP"",""GO"",""GOP"",""TO"",""TOP"",""TP""]",,"17","[""duplicate_label"",""nearby_label_collision""]","[""SUP-denton-municipal-electric""]","[""SUP-denton-municipal-electric""]"
"66","NCR05126","geocoded","published",,"Deseret Generation & Transmission Co-operative","Deseret","Deseret","Deseret G&T","Deseret Generation & Transmission","major",,,,"Deseret Power","official_website","[]",,"WECC","[""GO"",""GOP"",""RP"",""TO"",""TP"",""TSP""]",,"17","[""duplicate_label"",""nearby_label_collision""]","[""NCR-SEED-060""]","[""NCR-SEED-060""]"
"67","NCR05335","geocoded","published",,"Public Utility District No. 1 of Snohomish County","SnoPUD","SnoPUD","Snohomish County PUD","Snohomish County PUD No. 1","normal",,,,"SnoPUD","official_website","[]",,"WECC","[""DP"",""GO"",""GOP"",""TO"",""TOP"",""TP""]",,"17","[""duplicate_label"",""nearby_label_collision""]","[""SUP-snohomish-county-public-utility-district""]","[""SUP-snohomish-county-public-utility-district""]"
"68","NCR10102","geocoded","published",,"Tri-State Generation And Transmission Association Inc. - Transmission","TS","Tri-State","Tri-State Transmission","Tri-State Generation and Transmission","normal",,,,"Tri-State","official_website","[]",,"MRO","[""TO"",""TOP"",""TP"",""TSP""]","cooperative","17","[""duplicate_label"",""nearby_label_collision""]","[""NCR-SEED-056"",""NCR10030""]","[""NCR-SEED-056"",""NCR10030""]"
"69","NCR00740","geocoded","published",,"Consumers Energy Company","CNSMRS","Consumers","Consumers","Consumers Energy Company","major",,,,"Consumers","common_market_name","[]",,"RF","[""BA"",""DP"",""GO"",""GOP"",""RP""]",,"15","[""duplicate_label"",""nearby_label_collision""]","[""NCR-SEED-035""]","[""NCR-SEED-035""]"
"70","NCR00753","geocoded","published",,"DTE Electric Company","DTE","DTE","DTE Electric","DTE Electric Company","major",,,,"DTE","common_market_name","[]",,"RF","[""BA"",""DP"",""GO"",""GOP"",""RP""]",,"15","[""duplicate_label"",""nearby_label_collision""]","[""NCR-SEED-034"",""NCR12192""]","[""NCR-SEED-034"",""NCR12192""]"
"71","NCR04015","geocoded","published",,"Brazos Electric Power Co Op, Inc.","Brazos","Brazos","Brazos Electric","Brazos Electric Power Cooperative","normal",,,,"Brazos Electric","official_website","[]",,"Texas RE","[""DP"",""TO"",""TOP"",""TP""]",,"13","[""duplicate_label"",""nearby_label_collision""]","[""NCR01186"",""NCR10210""]","[""NCR01186""]"
"72","NCR04029","geocoded","published",,"City of Austin dba Austin Energy","Austin","Austin","Austin Energy","Austin Energy","major",,,,"Austin Energy","official_website","[]",,"Texas RE","[""DP"",""TO"",""TOP"",""TP""]",,"13","[""duplicate_label"",""nearby_label_collision""]","[""SUP-austin-energy""]","[""SUP-austin-energy""]"
"73","NCR04033","geocoded","published",,"City of Garland","GP&L","GP&L","Garland Power & Light","Garland Power & Light","normal",,,,"GP&L","official_website","[]",,"Texas RE","[""DP"",""TO"",""TOP"",""TP""]",,"13","[""duplicate_label"",""nearby_label_collision""]","[""NCR04034"",""NCR04035""]","[""NCR04034"",""NCR04035""]"
"74","NCR04109","geocoded","published",,"Oncor Electric Delivery Company LLC","Oncor","Oncor","Oncor Electric Delivery","Oncor Electric Delivery","major",,,,"Oncor","common_market_name","[]",,"Texas RE","[""DP"",""TO"",""TOP"",""TP""]",,"13","[""duplicate_label"",""nearby_label_collision""]","[""NCR-SEED-050""]","[""NCR-SEED-050""]"
"75","NCR04111","geocoded","published",,"Pedernales Elec Co Op Inc.","PEC","PEC","Pedernales Electric Cooperative","Pedernales Electric Cooperative","normal",,,,"PEC","official_website","[]",,"Texas RE","[""DP"",""TO"",""TOP"",""TP""]",,"13","[""duplicate_label"",""nearby_label_collision""]","[""NCR10347"",""SUP-pedernales-electric-cooperative""]","[""SUP-pedernales-electric-cooperative""]"
"76","NCR04113","geocoded","published",,"Rayburn Country Electric Cooperative, Inc.","Rayburn","Rayburn","Rayburn Country Electric Cooperative","Rayburn Country Electric Cooperative","normal",,,,"Rayburn","official_website","[]",,"Texas RE","[""DP"",""TO"",""TOP"",""TP""]",,"13","[""duplicate_label"",""nearby_label_collision""]","[""NCR12339""]","[""NCR12339""]"
"77","NCR01361","geocoded","published",,"USACE - Savannah District","USACE","USACE","USACE Savannah District","U.S. Army Corps of Engineers - Savannah District","normal",,,,"USACE Savannah","name_initialism","[]",,"SERC","[""GO"",""GOP"",""TO"",""TOP""]",,"12","[""duplicate_label"",""nearby_label_collision""]","[""NCR00978"",""NCR01356"",""NCR01357"",""NCR01359"",""NCR01360"",""NCR01364"",""NCR06037"",""NCR06038"",""NCR11109""]","[""NCR01356""]"
"78","NCR05464","geocoded","published",,"Western Area Power Administration - Rocky Mountain Region","WAPA","WAPA","WAPA Rocky Mountain","Western Area Power Administration","major",,,,"WAPA RM","official_website","[]","Western Area Power Administration","MRO","[""TO"",""TOP"",""TP""]","federal","12","[""duplicate_label"",""nearby_label_collision""]","[""NCR-SEED-055"",""NCR01036"",""SUP-virgin-islands-water-and-power-authority""]","[""NCR-SEED-055""]"
"79","NCR07161","geocoded","published",,"New York Power Authority","NYPA","NYPA","New York Power Authority","New York Power Authority","major",,,,"NYPA","official_website","[]",,"NPCC","[""GO"",""GOP"",""TO"",""TP""]","other","10","[""duplicate_label"",""nearby_label_collision""]","[""NCR-SEED-041""]","[""NCR-SEED-041""]"
"80","NCR01227","geocoded","published",,"East Texas Electric Cooperative Inc.","ETEC","ETEC","East Texas Electric Cooperative","East Texas Electric Cooperative","normal",,,,"ETEC","official_website","[]",,"MRO","[""DP"",""RP"",""TO"",""TP""]","cooperative","9","[""duplicate_label"",""nearby_label_collision""]","[""NCR11657""]","[""NCR11657""]"
"81","NCR00004","geocoded","published",,"Beaches Energy Services of Jacksonville Beach","Beaches","Beaches","Beaches Energy Services","Beaches Energy Services","normal",,,,"Beaches","common_market_name","[]",,"SERC","[""DP"",""TO"",""TOP""]",,"9","[""duplicate_label"",""nearby_label_collision""]","[""SUP-beaches-energy-services""]","[""SUP-beaches-energy-services""]"
"82","NCR01254","geocoded","published",,"Henderson Municipal Power & Light","HMP&L","HMP&L","Henderson Municipal Power & Light","Henderson Municipal Power & Light","normal",,,,"HMP&L","official_website","[]",,"SERC","[""DP"",""TO"",""TP""]",,"7","[""duplicate_label"",""nearby_label_collision""]","[""NCR11916""]","[""NCR11916""]"
"83","NCR00683","geocoded","published",,"American Municipal Power Inc.","AMP","AMP","American Municipal Power","American Municipal Power","normal",,,,"AMP","official_website","[]",,"RF","[""GO"",""GOP"",""RP""]","municipal","6","[""duplicate_label"",""nearby_label_collision""]","[""NCR10042"",""NCR11899""]","[""NCR11899""]"
"84","NCR04088","geocoded","published",,"Kiowa Power Partners, LLC","Kiowa","Kiowa","Kiowa Power Partners","Kiowa Power Partners, LLC","normal",,,,"Kiowa Power","common_market_name","[]",,"Texas RE","[""GO"",""GOP"",""TO""]",,"6","[""duplicate_label"",""nearby_label_collision""]","[""NCR01113"",""NCR12525""]","[""NCR01113""]"
"85","NCR01356","geocoded","published",,"USACE - Charleston District","USACE","USACE","USACE Charleston District","U.S. Army Corps of Engineers - Charleston District","normal",,,,"USACE Charleston","name_initialism","[]",,"SERC","[""GO"",""GOP"",""TO""]",,"6","[""duplicate_label"",""nearby_label_collision""]","[""NCR00978"",""NCR01357"",""NCR01359"",""NCR01360"",""NCR01361"",""NCR01364"",""NCR06037"",""NCR06038"",""NCR11109""]","[""NCR01361""]"
"86","NCR07163","geocoded","published",,"Niagara Mohawk Power Corporation","NiMo","NiMo","Niagara Mohawk","Niagara Mohawk Power Corporation","major",,,,"NiMo","common_market_name","[]","National Grid USA","NPCC","[""TOP""]","IOU","6","[""duplicate_label"",""nearby_label_collision""]","[""NCR-SEED-040""]","[""NCR-SEED-040""]"
"87","NCR01166","geocoded","published",,"Alabama Power Company","Alabama","Alabama","Alabama Power","Alabama Power Company","major",,,,"APC","common_market_name","[]",,"SERC","[""DP"",""GO"",""TO""]",,"5","[""duplicate_label"",""nearby_label_collision""]","[""NCR-SEED-023""]","[""NCR-SEED-023""]"
"88","NCR01247","geocoded","published",,"Georgia Power Company","Georgia","Georgia","Georgia Power","Georgia Power Company","major",,,,"GPC","common_market_name","[]",,"SERC","[""DP"",""GO"",""TO""]",,"5","[""duplicate_label"",""nearby_label_collision""]","[""NCR-SEED-022""]","[""NCR-SEED-022""]"
"89","NCR05234","geocoded","published",,"Merced Irrigation District","MID","MID","Merced Irrigation District","Merced Irrigation District","normal",,,,"MID","official_website","[]",,"WECC","[""DP"",""GO"",""GOP""]",,"5","[""duplicate_label"",""nearby_label_collision""]","[""NCR05244""]","[""NCR05244""]"
"90","NCR11966","geocoded","published",,"AES Alamitos Energy LLC","AES","AES","AES Alamitos","AES Alamitos Energy","normal",,,,"AES Alamitos","common_market_name","[]",,"WECC","[""GO"",""GOP""]",,"4","[""duplicate_label"",""nearby_label_collision""]","[""NCR00798"",""NCR05002"",""NCR05004"",""NCR11679"",""NCR11967"",""NCR12104""]","[""NCR05002"",""NCR05004"",""NCR11967"",""NCR12104""]"
"91","NCR11967","geocoded","published",,"AES Huntington Beach Energy LLC","AES","AES","AES Huntington Beach","AES Huntington Beach Energy","normal",,,,"AES HB","name_initialism","[]",,"WECC","[""GO"",""GOP""]",,"4","[""duplicate_label"",""nearby_label_collision""]","[""NCR00798"",""NCR05002"",""NCR05004"",""NCR11679"",""NCR11966"",""NCR12104""]","[""NCR05002"",""NCR05004"",""NCR11966"",""NCR12104""]"
"92","NCR08039","geocoded","published",,"Allegheny Ridge Wind Farm, LLC","LLGHNY","Allegheny","Allegheny Ridge Wind Farm","Allegheny Ridge Wind Farm","normal",,,,"Allegheny Ridge","common_market_name","[]","Leeward Renewable Energy","RF","[""GO"",""GOP""]","merchant","4","[""duplicate_label"",""nearby_label_collision""]","[""NCR12040""]","[""NCR12040""]"
"93","NCR10248","geocoded","published",,"Ameren Missouri","Ameren","Ameren","Ameren Missouri","Ameren Missouri","major",,,,"Ameren MO","official_website","[]","Ameren Corporation","MRO","[""GO"",""GOP""]","IOU","4","[""duplicate_label"",""nearby_label_collision""]","[""NCR01175""]","[""NCR01175""]"
"94","NCR00538","geocoded","published",,"Astoria Energy, LLC","Astoria","Astoria","Astoria Energy","Astoria Energy","normal",,,,"Astoria Energy","common_market_name","[]","APG Asset Management","NPCC","[""GO"",""GOP""]","merchant","4","[""duplicate_label"",""nearby_label_collision""]","[""NCR07012"",""NCR11955""]","[""NCR07012""]"
"95","NCR07012","geocoded","published",,"Astoria Generating Company L.P.","Astoria","Astoria","Astoria Generating","Astoria Generating Company","normal",,,,"Astoria Gen","name_initialism","[]","Eastern Generation","NPCC","[""GO"",""GOP""]","merchant","4","[""duplicate_label"",""nearby_label_collision""]","[""NCR00538"",""NCR11955""]","[""NCR00538""]"
"96","NCR11040","geocoded","published",,"Beech Ridge Energy LLC","BR","Beech Ridge","Beech Ridge Energy","Beech Ridge Energy","normal",,,,"Beech Ridge","common_market_name","[]","Invenergy","RF","[""GO"",""GOP""]","merchant","4","[""duplicate_label"",""nearby_label_collision""]","[""NCR12022""]","[""NCR12022""]"
"97","NCR12242","geocoded","published",,"Brazoria West Solar Project, LLC","Brazoria","Brazoria","Brazoria West Solar","Brazoria West Solar Project","normal",,,,"Brazoria West","name_initialism","[]",,"Texas RE","[""GO"",""GOP""]",,"4","[""duplicate_label"",""nearby_label_collision""]","[""NCR12269""]","[""NCR12269""]"
"98","NCR10195","geocoded","published",,"Brush Power","Brush","Brush","Brush Power","Brush Power","normal",,,,"Brush","name_initialism","[]",,"WECC","[""GO"",""GOP""]",,"4","[""duplicate_label"",""nearby_label_collision""]","[""NCR11528""]","[""NCR11528""]"
"99","NCR00006","geocoded","published",,"Calpine Corporation","Calpine","Calpine","Calpine","Calpine Corporation","major",,,,"Calpine","official_website","[]",,"NPCC","[""GO"",""GOP""]","merchant","4","[""duplicate_label"",""nearby_label_collision""]","[""NCR-SEED-058""]","[""NCR-SEED-058""]"
"100","NCR11986","geocoded","published",,"Camilla Solar Energy LLC","Camilla","Camilla","Camilla Solar Energy","Camilla Solar Energy","normal",,,,"Camilla Solar","common_market_name","[]",,"SERC","[""GO"",""GOP""]",,"4","[""duplicate_label"",""nearby_label_collision""]","[""SUP-city-of-camilla""]","[""SUP-city-of-camilla""]"
"101","NCR00778","geocoded","published",,"Constellation Energy Generation, LLC - Constellation Nuclear","CNSTLL","Constellation","Constellation Nuclear","Constellation Nuclear","major",,,,"CEG Nuclear","common_market_name","[]","Constellation Energy Corporation","NPCC","[""GO"",""GOP""]","merchant","4","[""length_13_to_15"",""duplicate_label"",""nearby_label_collision""]","[""NCR04057"",""NCR10122"",""NCR10390"",""NCR11216"",""NCR11325""]","[""NCR04057"",""NCR10390"",""NCR11216"",""NCR11325""]"
"102","NCR10390","geocoded","published",,"Constellation Energy Generation, LLC - South Region","CNSTLL","Constellation","Constellation South","Constellation Energy South","major",,,,"Constellation South","sec_filing","[]",,"SERC","[""GO"",""GOP""]",,"4","[""length_13_to_15"",""duplicate_label"",""nearby_label_collision""]","[""NCR00778"",""NCR04057"",""NCR10122"",""NCR11216"",""NCR11325""]","[""NCR00778"",""NCR04057"",""NCR11216"",""NCR11325""]"
"103","NCR11216","geocoded","published",,"Constellation Maryland Peaker Fleet","CMPF","Constellation","Constellation Maryland Peakers","Constellation Maryland Peaker Fleet","major",,,,"CMPF","nerc_cores","[]","Constellation Energy Corporation","RF","[""GO"",""GOP""]","merchant","4","[""length_13_to_15"",""duplicate_label"",""nearby_label_collision""]","[""NCR00778"",""NCR04057"",""NCR10122"",""NCR10390"",""NCR11325""]","[""NCR00778"",""NCR04057"",""NCR10390"",""NCR11325""]"
"104","NCR11290","geocoded","published",,"Copper Mountain Solar 2, LLC","CM Solar","CM Solar","Copper Mountain Solar 2","Copper Mountain Solar 2","normal",,,,"CM Solar 2","common_market_name","[]",,"WECC","[""GO"",""GOP""]",,"4","[""duplicate_label"",""nearby_label_collision""]","[""NCR12121""]","[""NCR12121""]"
"105","NCR05119","geocoded","published",,"Coso Energy Developers","Coso","Coso","Coso Energy Developers","Coso Energy Developers","normal",,,,"Coso","official_website","[]",,"WECC","[""GO"",""GOP""]",,"4","[""duplicate_label"",""nearby_label_collision""]","[""NCR05120"",""NCR05122"",""NCR13267""]","[""NCR05120"",""NCR05122"",""NCR13267""]"
"106","NCR13272","geocoded","published",,"CPV Backbone Solar, LLC","CPV","CPV","CPV Backbone Solar","CPV Backbone Solar","normal",,,,"CPV Backbone","official_website","[]","Competitive Power Ventures","RF","[""GO"",""GOP""]","merchant","4","[""duplicate_label"",""nearby_label_collision""]","[""NCR11585"",""NCR11706"",""NCR11827"",""NCR11952"",""NCR12421"",""NCR12445"",""NCR13148"",""NCR13149""]","[""NCR11952"",""NCR12421""]"
"107","NCR13148","geocoded","published",,"CPV Canton Mountain Wind, LLC","CPV","CPV","CPV Canton Mountain Wind","CPV Canton Mountain Wind","normal",,,,"Canton Mountain","official_website","[]","Competitive Power Ventures","NPCC","[""GO"",""GOP""]","merchant","4","[""duplicate_label"",""nearby_label_collision""]","[""NCR11585"",""NCR11706"",""NCR11827"",""NCR11952"",""NCR12421"",""NCR12445"",""NCR13149"",""NCR13272""]","[""NCR13149""]"
"108","NCR11952","geocoded","published",,"CPV Fairview, LLC","CPV","CPV","CPV Fairview","CPV Fairview","normal",,,,"CPV Fairview","official_website","[]","Competitive Power Ventures","RF","[""GO"",""GOP""]","merchant","4","[""duplicate_label"",""nearby_label_collision""]","[""NCR11585"",""NCR11706"",""NCR11827"",""NCR12421"",""NCR12445"",""NCR13148"",""NCR13149"",""NCR13272""]","[""NCR12421"",""NCR13272""]"
"109","NCR12421","geocoded","published",,"CPV Maple Hill Solar, LLC","CPV","CPV","CPV Maple Hill Solar","CPV Maple Hill Solar","normal",,,,"CPV Maple Hill","official_website","[]","Competitive Power Ventures","RF","[""GO"",""GOP""]","merchant","4","[""duplicate_label"",""nearby_label_collision""]","[""NCR11585"",""NCR11706"",""NCR11827"",""NCR11952"",""NCR12445"",""NCR13148"",""NCR13149"",""NCR13272""]","[""NCR11952"",""NCR13272""]"
"110","NCR13149","geocoded","published",,"CPV Saddleback Ridge Wind, LLC","CPV","CPV","CPV Saddleback Ridge Wind","CPV Saddleback Ridge Wind","normal",,,,"Saddleback Ridge","official_website","[]","Competitive Power Ventures","NPCC","[""GO"",""GOP""]","merchant","4","[""duplicate_label"",""nearby_label_collision""]","[""NCR11585"",""NCR11706"",""NCR11827"",""NCR11952"",""NCR12421"",""NCR12445"",""NCR13148"",""NCR13272""]","[""NCR13148""]"
"111","NCR11585","geocoded","published",,"CPV Shore, LLC","CPV","CPV","CPV Shore","CPV Shore","normal",,,,"CPV Shore","official_website","[]","Competitive Power Ventures","RF","[""GO"",""GOP""]","merchant","4","[""duplicate_label"",""nearby_label_collision""]","[""NCR11706"",""NCR11827"",""NCR11952"",""NCR12421"",""NCR12445"",""NCR13148"",""NCR13149"",""NCR13272""]","[""NCR11827""]"
"112","NCR11827","geocoded","published",,"CPV Valley, LLC","CPV","CPV","CPV Valley","CPV Valley","normal",,,,"CPV Valley","official_website","[]","Competitive Power Ventures","NPCC","[""GO"",""GOP""]","merchant","4","[""duplicate_label"",""nearby_label_collision""]","[""NCR11585"",""NCR11706"",""NCR11952"",""NCR12421"",""NCR12445"",""NCR13148"",""NCR13149"",""NCR13272""]","[""NCR11585""]"
"113","NCR13447","geocoded","published",,"Dairyland Power Cooperative - Elwood","Elwood","Elwood","Dairyland Elwood","Dairyland Power Cooperative - Elwood","normal",,,,"DPC-Elwood","name_initialism","[]",,"RF","[""GO"",""GOP""]",,"4","[""duplicate_label"",""nearby_label_collision""]","[""NCR13421""]","[""NCR13421""]"
"114","NCR00209","geocoded","published",,"Energy Northwest - Columbia","ENW","ENW","Energy Northwest Columbia","Energy Northwest Columbia Generating Station","major",,,,"EN-Columbia","name_initialism","[]",,"WECC","[""GO"",""GOP""]",,"4","[""duplicate_label"",""nearby_label_collision""]","[""NCR00250""]","[""NCR00250""]"
"115","NCR00250","geocoded","published",,"Energy Northwest - Energy/Business Services","ENW","ENW","Energy Northwest","Energy Northwest Energy and Business Services","major",,,,"EN-ENBS","name_initialism","[]",,"WECC","[""GO"",""GOP""]",,"4","[""duplicate_label"",""nearby_label_collision""]","[""NCR00209""]","[""NCR00209""]"
"116","NCR00540","geocoded","published",,"Essential Power Newington, LLC","NWNGTN","Newington","Essential Power Newington","Essential Power Newington","normal",,,,"Newington","common_market_name","[]","Essential Power","NPCC","[""GO"",""GOP""]","merchant","4","[""duplicate_label"",""nearby_label_collision""]","[""NCR11852""]","[""NCR11852""]"
"117","NCR04058","geocoded","published",,"Exxon Mobil Corporation","Exxon","Exxon","Exxon Mobil","Exxon Mobil","major",,,,"ExxonMobil","sec_filing","[]",,"Texas RE","[""GO"",""GOP""]",,"4","[""duplicate_label"",""nearby_label_collision""]","[""NCR00128"",""NCR01239""]","[""NCR01239""]"
"118","NCR01239","geocoded","published",,"ExxonMobil Oil Corporation - Beaumont Refinery","Exxon","Exxon","ExxonMobil Beaumont","ExxonMobil Beaumont Refinery","major",,,,"Exxon Bmt","name_initialism","[]",,"SERC","[""GO"",""GOP""]",,"4","[""duplicate_label"",""nearby_label_collision""]","[""NCR00128"",""NCR04058""]","[""NCR04058""]"
"119","NCR13031","geocoded","published",,"Five Wells Solar Center LLC","FW","Five Wells","Five Wells Solar","Five Wells Solar Center","normal",,,,"Five Wells","name_initialism","[]",,"Texas RE","[""GO"",""GOP""]",,"4","[""duplicate_label"",""nearby_label_collision""]","[""NCR12458""]","[""NCR12458""]"
"120","NCR11930","geocoded","published",,"Fluvanna Wind Energy 2 LLC","Fluvanna","Fluvanna","Fluvanna Wind 2","Fluvanna Wind Energy 2","normal",,,,"Fluvanna 2","name_initialism","[]",,"Texas RE","[""GO"",""GOP""]",,"4","[""duplicate_label"",""nearby_label_collision""]","[""NCR11769""]","[""NCR11769""]"
"121","NCR11769","geocoded","published",,"Fluvanna Wind Energy LLC","Fluvanna","Fluvanna","Fluvanna Wind","Fluvanna Wind Energy","normal",,,,"Fluvanna","name_initialism","[]",,"Texas RE","[""GO"",""GOP""]",,"4","[""duplicate_label"",""nearby_label_collision""]","[""NCR11930""]","[""NCR11930""]"
"122","NCR03040","geocoded","published",,"Fowler Ridge II Wind Farm LLC","Fowler","Fowler","Fowler Ridge II","Fowler Ridge II Wind Farm","normal",,,,"Fowler","name_initialism","[]",,"RF","[""GO"",""GOP""]",,"4","[""duplicate_label"",""nearby_label_collision""]","[""NCR10307"",""NCR10308""]","[""NCR10307"",""NCR10308""]"
"123","NCR10307","geocoded","published",,"Fowler Ridge Wind Farm LLC","Fowler","Fowler","Fowler Ridge Wind","Fowler Ridge Wind Farm","normal",,,,"Fowler","name_initialism","[]",,"RF","[""GO"",""GOP""]",,"4","[""duplicate_label"",""nearby_label_collision""]","[""NCR03040"",""NCR10308""]","[""NCR03040"",""NCR10308""]"
"124","NCR12088","geocoded","published",,"Frontier Windpower II, LLC","Frontier","Frontier","Frontier Windpower II","Frontier Windpower II","normal",,,,"Frontier II","name_initialism","[]","Deriva Energy","MRO","[""GO"",""GOP""]","merchant","4","[""duplicate_label"",""nearby_label_collision""]","[""NCR11692"",""NCR13142""]","[""NCR11692""]"
"125","NCR11696","geocoded","published",,"GEV - Marcus Hook","GEV","GEV","GEV Marcus Hook","GEV Marcus Hook","normal",,,,"GEV","name_initialism","[]",,"RF","[""GO"",""GOP""]",,"4","[""duplicate_label"",""nearby_label_collision""]","[""NCR00069"",""NCR11747""]","[""NCR11747""]"
"126","NCR10306","geocoded","published",,"Grand Ridge Energy LLC","Grand","Grand Ridge","Grand Ridge Energy","Grand Ridge Energy","normal",,,,"Grand","name_initialism","[]",,"RF","[""GO"",""GOP""]",,"4","[""duplicate_label"",""nearby_label_collision""]","[""NCR11029"",""NCR11030"",""NCR11031""]","[""NCR11029"",""NCR11030"",""NCR11031""]"
"127","NCR11510","geocoded","published",,"Green Pastures Wind I, LLC.","GP","Green Pastures","Green Pastures Wind I","Green Pastures Wind I","normal",,,,"Green Pastures I","name_initialism","[]",,"Texas RE","[""GO"",""GOP""]",,"4","[""length_13_to_15"",""duplicate_label"",""nearby_label_collision""]","[""NCR11573""]","[""NCR11573""]"
"128","NCR11573","geocoded","published",,"Green Pastures Wind II, LLC","GP","Green Pastures","Green Pastures Wind II","Green Pastures Wind II","normal",,,,"Green Pastures II","name_initialism","[]",,"Texas RE","[""GO"",""GOP""]",,"4","[""length_13_to_15"",""duplicate_label"",""nearby_label_collision""]","[""NCR11510""]","[""NCR11510""]"
"129","NCR11852","geocoded","published",,"GSP Newington LLC","NWNGTN","Newington","GSP Newington","Newington Station","normal",,,,"Newington","common_market_name","[]","Granite Shore Power","NPCC","[""GO"",""GOP""]","merchant","4","[""duplicate_label"",""nearby_label_collision""]","[""NCR00540""]","[""NCR00540""]"
"130","NCR11611","geocoded","published",,"Hamilton Liberty, LLC","Hamilton","Hamilton","Hamilton Liberty","Hamilton Liberty","normal",,,,"Hamilton","name_initialism","[]",,"RF","[""GO"",""GOP""]",,"4","[""duplicate_label"",""nearby_label_collision""]","[""NCR08073"",""NCR11654""]","[""NCR11654""]"
"131","NCR11654","geocoded","published",,"Hamilton Patriot, LLC","Hamilton","Hamilton","Hamilton Patriot","Hamilton Patriot","normal",,,,"Hamilton","name_initialism","[]",,"RF","[""GO"",""GOP""]",,"4","[""duplicate_label"",""nearby_label_collision""]","[""NCR08073"",""NCR11611""]","[""NCR11611""]"
"132","NCR12545","geocoded","published",,"Hardin Solar Energy II LLC","Hardin","Hardin","Hardin Solar II","Hardin Solar Energy II","normal",,,,"Hardin","name_initialism","[]",,"RF","[""GO"",""GOP""]",,"4","[""duplicate_label"",""nearby_label_collision""]","[""NCR13012""]","[""NCR13012""]"
"133","NCR13012","geocoded","published",,"Hardin Solar Energy III LLC","Hardin","Hardin","Hardin Solar III","Hardin Solar Energy III","normal",,,,"Hardin","name_initialism","[]",,"RF","[""GO"",""GOP""]",,"4","[""duplicate_label"",""nearby_label_collision""]","[""NCR12545""]","[""NCR12545""]"
"134","NCR11859","geocoded","published",,"Hunterstown Combined Cycle Generating Station","Hunterst","Hunterstown","Hunterstown CC","Hunterstown Combined Cycle Generating Station","normal",,,,"Hunterst","name_initialism","[]",,"RF","[""GO"",""GOP""]",,"4","[""duplicate_label"",""nearby_label_collision""]","[""NCR12402""]","[""NCR12402""]"
"135","NCR10361","geocoded","published",,"Indeck - Olean, LP","Indeck","Indeck","Indeck Olean","Indeck Olean","normal",,,,"Olean","common_market_name","[]","Indeck Energy Services","NPCC","[""GO"",""GOP""]","merchant","4","[""duplicate_label"",""nearby_label_collision""]","[""NCR10360"",""NCR10363"",""NCR10364"",""NCR12257""]","[""NCR10363"",""NCR10364""]"
"136","NCR10363","geocoded","published",,"Indeck - Yerkes, LP","Indeck","Indeck","Indeck Yerkes","Indeck Yerkes","normal",,,,"Yerkes","common_market_name","[]","Indeck Energy Services","NPCC","[""GO"",""GOP""]","merchant","4","[""duplicate_label"",""nearby_label_collision""]","[""NCR10360"",""NCR10361"",""NCR10364"",""NCR12257""]","[""NCR10361"",""NCR10364""]"
"137","NCR10364","geocoded","published",,"Indeck Energy Services of Silver Springs, LP","Indeck","Indeck","Indeck Silver Springs","Indeck Silver Springs","normal",,,,"Silver Springs","common_market_name","[]","Indeck Energy Services","NPCC","[""GO"",""GOP""]","merchant","4","[""duplicate_label"",""nearby_label_collision""]","[""NCR10360"",""NCR10361"",""NCR10363"",""NCR12257""]","[""NCR10361"",""NCR10363""]"
"138","NCR12454","geocoded","published",,"King Creek Wind Farm 1, LLC","KC","King Creek","King Creek Wind 1","King Creek Wind Farm 1","normal",,,,"King Creek 1","common_market_name","[]",,"Texas RE","[""GO"",""GOP""]",,"4","[""duplicate_label"",""nearby_label_collision""]","[""NCR12455""]","[""NCR12455""]"
"139","NCR12455","geocoded","published",,"King Creek Wind Farm 2, LLC","KC","King Creek","King Creek Wind 2","King Creek Wind Farm 2","normal",,,,"King Creek 2","common_market_name","[]",,"Texas RE","[""GO"",""GOP""]",,"4","[""duplicate_label"",""nearby_label_collision""]","[""NCR12454""]","[""NCR12454""]"
"140","NCR12213","geocoded","published",,"Linden Combined Cycle","Linden","Linden","Linden Combined Cycle","Linden Combined Cycle","normal",,,,"Linden CC","name_initialism","[]",,"RF","[""GO"",""GOP""]",,"4","[""duplicate_label"",""nearby_label_collision""]","[""NCR11561"",""NCR11562"",""NCR12212""]","[""NCR11561"",""NCR11562"",""NCR12212""]"
"141","NCR11273","geocoded","published",,"Mesquite Solar 1, LLC","Mesquite","Mesquite","Mesquite Solar","Mesquite Solar","normal",,,,"Mesquite Solar 1","common_market_name","[]",,"WECC","[""GO"",""GOP""]",,"4","[""duplicate_label"",""nearby_label_collision""]","[""NCR05235"",""NCR11511""]","[""NCR05235""]"
"142","NCR11653","geocoded","published",,"Mojave 3/4/5","Mojave","Mojave","Mojave Solar 3/4/5","Mojave Solar 3/4/5","normal",,,,"Mojave 3/4/5","common_market_name","[]",,"WECC","[""GO"",""GOP""]",,"4","[""duplicate_label"",""nearby_label_collision""]","[""NCR11463""]","[""NCR11463""]"
"143","NCR11842","geocoded","published",,"Montpelier Generating Station, LLC","MNTPLR","Montpelier","Montpelier Generating Station","Montpelier Generating Station","normal",,,,"Montpelier GS","name_initialism","[]",,"RF","[""GO"",""GOP""]",,"4","[""duplicate_label"",""nearby_label_collision""]","[""NCR13459""]","[""NCR13459""]"
"144","NCR13045","geocoded","published",,"Mordor 1","Mordor","Mordor","Mordor 1","Mordor 1","normal",,,,"Mordor 1","common_market_name","[]",,"WECC","[""GO"",""GOP""]",,"4","[""duplicate_label"",""nearby_label_collision""]","[""NCR13046""]","[""NCR13046""]"
"145","NCR11561","geocoded","published",,"NAES Corporation - Cogen Technologies Linden Venture","Linden","Linden","Linden Cogen","Linden Cogeneration","normal",,,,"Linden","name_initialism","[]","Cogen Technologies Linden Venture LP","NPCC","[""GO"",""GOP""]","merchant","4","[""duplicate_label"",""nearby_label_collision""]","[""NCR11562"",""NCR12212"",""NCR12213""]","[""NCR11562"",""NCR12212"",""NCR12213""]"
"146","NCR12339","geocoded","published",,"NAES Corporation-Rayburn Energy Station","Rayburn","Rayburn","Rayburn Energy Station","Rayburn Energy Station","normal",,,,"NAES-Rayburn","name_initialism","[]",,"Texas RE","[""GO"",""GOP""]",,"4","[""duplicate_label"",""nearby_label_collision""]","[""NCR04113""]","[""NCR04113""]"
"147","NCR10326","geocoded","published",,"NRG Cedar Bayou Development Co, LLC","NRG","NRG","NRG Cedar Bayou","NRG Cedar Bayou","major",,,,"Cedar Bayou","common_market_name","[]",,"Texas RE","[""GO"",""GOP""]",,"4","[""duplicate_label"",""nearby_label_collision""]","[""NCR05141"",""NCR10090"",""NCR11148"",""NCR11150"",""NCR11584"",""NCR11642"",""NCR11715"",""NCR11730"",""NCR11854"",""NCR12273"",""NCR12371""]","[""NCR10090"",""NCR12273""]"
"148","NCR10090","geocoded","published",,"NRG Texas Power, LLC","NRG","NRG","NRG Texas Power","NRG Texas Power","major",,,,"NRG Texas","common_market_name","[]",,"Texas RE","[""GO"",""GOP""]",,"4","[""duplicate_label"",""nearby_label_collision""]","[""NCR05141"",""NCR10326"",""NCR11148"",""NCR11150"",""NCR11584"",""NCR11642"",""NCR11715"",""NCR11730"",""NCR11854"",""NCR12273"",""NCR12371""]","[""NCR10326"",""NCR12273""]"
"149","NCR11953","geocoded","published",,"Prairie Breeze Wind Energy II LLC","Prairie","Prairie","Prairie Breeze II","Prairie Breeze Wind Energy II","normal",,,,"Prairie Breeze II","common_market_name","[]","Invenergy","MRO","[""GO"",""GOP""]","merchant","4","[""duplicate_label"",""nearby_label_collision""]","[""NCR11460"",""NCR11954""]","[""NCR11460"",""NCR11954""]"
"150","NCR11460","geocoded","published",,"Prairie Breeze Wind Energy LLC","Prairie","Prairie","Prairie Breeze Wind","Prairie Breeze Wind Energy","normal",,,,"Prairie Breeze","common_market_name","[]","Invenergy","MRO","[""GO"",""GOP""]","merchant","4","[""duplicate_label"",""nearby_label_collision""]","[""NCR11953"",""NCR11954""]","[""NCR11953"",""NCR11954""]"
"151","NCR11514","geocoded","published",,"ReEnergy Livermore Falls","ReEnergy","ReEnergy","ReEnergy Livermore Falls","ReEnergy Livermore Falls","normal",,,,"Livermore","common_market_name","[]","ReGenerate Energy","NPCC","[""GO"",""GOP""]","merchant","4","[""duplicate_label"",""nearby_label_collision""]","[""NCR10352""]","[""NCR10352""]"
"152","NCR10352","geocoded","published",,"ReEnergy Stratton","ReEnergy","ReEnergy","ReEnergy Stratton","ReEnergy Stratton","normal",,,,"Stratton","common_market_name","[]","ReGenerate Energy","NPCC","[""GO"",""GOP""]","merchant","4","[""duplicate_label"",""nearby_label_collision""]","[""NCR11514""]","[""NCR11514""]"
"153","NCR13518","geocoded","published",,"RWE Clean DCE Operations, LLC","RWE","RWE","RWE Clean DCE","RWE Clean DCE Operations","major",,,,"RWE DCE","official_website","[]",,"RF","[""GO"",""GOP""]",,"4","[""duplicate_label"",""nearby_label_collision""]","[""NCR11383"",""NCR11605"",""NCR12482""]","[""NCR11383""]"
"154","NCR11605","geocoded","published",,"RWE Clean Energy Asset Holdings, Inc.","RWE","RWE","RWE Clean Energy","RWE Clean Energy Asset Holdings, Inc.","normal",,,,"RWE Clean Energy","official_website","[]",,"WECC","[""GO"",""GOP""]",,"4","[""duplicate_label"",""nearby_label_collision""]","[""NCR11383"",""NCR12482"",""NCR13518""]","[""NCR12482""]"
"155","NCR12263","geocoded","published",,"Samson Solar Energy III LLC","Samson","Samson","Samson Solar III","Samson Solar Energy III","normal",,,,"Samson III","name_initialism","[]",,"Texas RE","[""GO"",""GOP""]",,"4","[""duplicate_label"",""nearby_label_collision""]","[""NCR12241""]","[""NCR12241""]"
"156","NCR12241","geocoded","published",,"Samson Solar Energy LLC","Samson","Samson","Samson Solar","Samson Solar Energy","normal",,,,"Samson","name_initialism","[]",,"Texas RE","[""GO"",""GOP""]",,"4","[""duplicate_label"",""nearby_label_collision""]","[""NCR12263""]","[""NCR12263""]"
"157","NCR11918","geocoded","published",,"Santa Rita East Wind Energy LLC","SRE","Santa Rita","Santa Rita East Wind","Santa Rita East Wind Energy","normal",,,,"SRE","name_initialism","[]",,"Texas RE","[""GO"",""GOP""]",,"4","[""duplicate_label"",""nearby_label_collision""]","[""NCR11841""]","[""NCR11841""]"
"158","NCR11841","geocoded","published",,"Santa Rita Wind Energy LLC","SRWE","Santa Rita","Santa Rita Wind","Santa Rita Wind Energy","normal",,,,"SRWE","name_initialism","[]",,"Texas RE","[""GO"",""GOP""]",,"4","[""duplicate_label"",""nearby_label_collision""]","[""NCR11918""]","[""NCR11918""]"
"159","NCR10321","geocoded","published",,"Scurry County Wind II, LLC","SCW","SCW","Scurry County Wind II","Scurry County Wind II","normal",,,,"SCW II","name_initialism","[]",,"Texas RE","[""GO"",""GOP""]",,"4","[""duplicate_label"",""nearby_label_collision""]","[""NCR10027""]","[""NCR10027""]"
"160","NCR10027","geocoded","published",,"Scurry County Wind, LP","SCW","SCW","Scurry County Wind","Scurry County Wind","normal",,,,"SCW","name_initialism","[]",,"Texas RE","[""GO"",""GOP""]",,"4","[""duplicate_label"",""nearby_label_collision""]","[""NCR10321""]","[""NCR10321""]"
"161","NCR11446","geocoded","published",,"Seneca Generation, LLC","Seneca","Seneca","Seneca Generation","Seneca Generation","normal",,,,"Seneca","eia_861","[]",,"RF","[""GO"",""GOP""]",,"4","[""duplicate_label"",""nearby_label_collision""]","[""NCR10372""]","[""NCR10372""]"
"162","NCR10372","geocoded","published",,"Seneca Power Partners, LP","Seneca","Seneca","Seneca Power Partners","Seneca Power Partners","normal",,,,"Seneca","common_market_name","[]",,"NPCC","[""GO"",""GOP""]","merchant","4","[""duplicate_label"",""nearby_label_collision""]","[""NCR11446""]","[""NCR11446""]"
"163","NCR11575","geocoded","published",,"Spinning Spur Wind Three, LLC","Spinning","Spinning","Spinning Spur Wind III","Spinning Spur Wind III","normal",,,,"SSW3","name_initialism","[]",,"Texas RE","[""GO"",""GOP""]",,"4","[""duplicate_label"",""nearby_label_collision""]","[""NCR11464""]","[""NCR11464""]"
"164","NCR11464","geocoded","published",,"Spinning Spur Wind Two","Spinning","Spinning","Spinning Spur Wind II","Spinning Spur Wind II","normal",,,,"SSW2","name_initialism","[]",,"Texas RE","[""GO"",""GOP""]",,"4","[""duplicate_label"",""nearby_label_collision""]","[""NCR11575""]","[""NCR11575""]"
"165","NCR12443","geocoded","published",,"Sun Valley Solar, LLC","SV","Sun Valley","Sun Valley Solar","Sun Valley Solar","normal",,,,"Sun Valley","name_initialism","[]",,"Texas RE","[""GO"",""GOP""]",,"4","[""duplicate_label"",""nearby_label_collision""]","[""NCR12411""]","[""NCR12411""]"
"166","NCR11462","geocoded","published",,"Temple Generation I, LLC","Temple","Temple","Temple Generation I","Temple Generation I","normal",,,,"Temple Gen I","name_initialism","[]",,"Texas RE","[""GO"",""GOP""]",,"4","[""duplicate_label"",""nearby_label_collision""]","[""NCR11872""]","[""NCR11872""]"
"167","NCR04136","geocoded","published",,"Tenaska Frontier Partners LTD","Tenaska","Tenaska","Tenaska Frontier","Tenaska Frontier Partners","major",,,,"Tenaska Frontier","common_market_name","[]",,"Texas RE","[""GO"",""GOP""]",,"4","[""duplicate_label"",""nearby_label_collision""]","[""NCR00632"",""NCR00633"",""NCR01337"",""NCR01339"",""NCR04137"",""NCR11882"",""NCR11995""]","[""NCR00632""]"
"168","NCR04137","geocoded","published",,"Tenaska Gateway Partners LTD","Tenaska","Tenaska","Tenaska Gateway","Tenaska Gateway Partners","major",,,,"Tenaska Gateway","common_market_name","[]",,"Texas RE","[""GO"",""GOP""]",,"4","[""duplicate_label"",""nearby_label_collision""]","[""NCR00632"",""NCR00633"",""NCR01337"",""NCR01339"",""NCR04136"",""NCR11882"",""NCR11995""]","[""NCR00633""]"
"169","NCR09006","geocoded","published",,"Virginia Electric & Power Company d/b/a Dominion Energy Virginia - Nuclear","Dominion","Dominion","Dominion Virginia Nuclear","Dominion Energy Virginia Nuclear","major",,,,"DE-VA Nuclear","name_initialism","[]",,"SERC","[""GO"",""GOP""]",,"4","[""duplicate_label"",""nearby_label_collision""]","[""NCR-SEED-031"",""NCR01214"",""NCR09028"",""NCR11878"",""NCR12287""]","[""NCR-SEED-031"",""NCR01214"",""NCR09028"",""NCR11878"",""NCR12287""]"
"170","NCR09028","geocoded","published",,"Virginia Electric & Power Company d/b/a Dominion Energy Virginia - Power Generation","Dominion","Dominion","Dominion Virginia Generation","Dominion Energy Virginia Generation","major",,,,"DE-VA Gen","name_initialism","[]",,"SERC","[""GO"",""GOP""]",,"4","[""duplicate_label"",""nearby_label_collision""]","[""NCR-SEED-031"",""NCR01214"",""NCR09006"",""NCR11878"",""NCR12287""]","[""NCR-SEED-031"",""NCR01214"",""NCR09006"",""NCR11878"",""NCR12287""]"
"171","NCR12287","geocoded","published",,"Virginia Electric and Power Company - Power Generation (RF)","Dominion","Dominion","Dominion Generation RF","Dominion Energy Virginia Generation","major",,,,"VEPCO Gen RF","name_initialism","[]",,"RF","[""GO"",""GOP""]",,"4","[""duplicate_label"",""nearby_label_collision""]","[""NCR-SEED-031"",""NCR01214"",""NCR09006"",""NCR09028"",""NCR11878""]","[""NCR-SEED-031"",""NCR01214"",""NCR09006"",""NCR09028"",""NCR11878""]"
"172","NCR11102","geocoded","published",,"Wallingford Energy LLC","WLLNGF","Wallingford","Wallingford Energy","Wallingford Energy","normal",,,,"Wallingford Energy","common_market_name","[]","LS Power Development, LLC","NPCC","[""GO"",""GOP""]","merchant","4","[""duplicate_label"",""nearby_label_collision""]","[""NCR07041""]","[""NCR07041""]"
"173","NCR02923","geocoded","published",,"Wheelabrator Bridgeport, L.P.","WHLBRT","Wheelabrator","Wheelabrator Bridgeport","Wheelabrator Bridgeport","normal",,,,"Wheelabrator Bridgeport","common_market_name","[]","WIN Waste Innovations","NPCC","[""GO"",""GOP""]","merchant","4","[""duplicate_label"",""nearby_label_collision""]","[""NCR08077"",""NCR10033"",""NCR10172"",""NCR10221""]","[""NCR10221""]"
"174","NCR08077","geocoded","published",,"Wheelabrator Falls Inc.","WHLBRT","Wheelabrator","Wheelabrator Falls","Wheelabrator Falls","normal",,,,"Wheelabrator Falls","eia_861","[]",,"RF","[""GO"",""GOP""]",,"4","[""duplicate_label"",""nearby_label_collision""]","[""NCR02923"",""NCR10033"",""NCR10172"",""NCR10221""]","[""NCR10221""]"
"175","NCR10172","geocoded","published",,"Wheelabrator Millbury Inc.","WHLBRT","Wheelabrator","Wheelabrator Millbury","Wheelabrator Millbury","normal",,,,"Wheelabrator Millbury","common_market_name","[]","WIN Waste Innovations","NPCC","[""GO"",""GOP""]","merchant","4","[""duplicate_label"",""nearby_label_collision""]","[""NCR02923"",""NCR08077"",""NCR10033"",""NCR10221""]","[""NCR10033""]"
"176","NCR10033","geocoded","published",,"Wheelabrator Saugus J.V.","WHLBRT","Wheelabrator","Wheelabrator Saugus","Wheelabrator Saugus","normal",,,,"Wheelabrator Saugus","common_market_name","[]","WIN Waste Innovations","NPCC","[""GO"",""GOP""]","merchant","4","[""duplicate_label"",""nearby_label_collision""]","[""NCR02923"",""NCR08077"",""NCR10172"",""NCR10221""]","[""NCR10172""]"
"177","NCR10221","geocoded","published",,"Wheelabrator Westchester Inc.","WHLBRT","Wheelabrator","Wheelabrator Westchester","Wheelabrator Westchester","normal",,,,"Wheelabrator Westchester","common_market_name","[]","WIN Waste Innovations","NPCC","[""GO"",""GOP""]","merchant","4","[""duplicate_label"",""nearby_label_collision""]","[""NCR02923"",""NCR08077"",""NCR10033"",""NCR10172""]","[""NCR02923"",""NCR08077""]"
"178","NCR08013","geocoded","published",,"Commonwealth Edison Company","ComEd","ComEd","Commonwealth Edison","Commonwealth Edison Company","major",,,,"ComEd","common_market_name","[]",,"RF","[""DP"",""TO""]",,"3","[""duplicate_label"",""nearby_label_collision""]","[""NCR-SEED-033""]","[""NCR-SEED-033""]"
"179","NCR00896","geocoded","published",,"Public Service Electric & Gas Company","PSE&G","PSE&G","Public Service Electric and Gas","Public Service Electric and Gas","major",,,,"PSE&G","common_market_name","[]",,"RF","[""DP"",""TO""]",,"3","[""duplicate_label"",""nearby_label_collision""]","[""NCR-SEED-032""]","[""NCR-SEED-032""]"
"180","NCR05337","geocoded","published",,"Public Utility District No. 1 of Benton County","BP","Benton PUD","Benton County PUD","Benton County PUD No. 1","normal",,,,"Benton PUD","official_website","[]",,"WECC","[""DP"",""GO""]",,"3","[""duplicate_label"",""nearby_label_collision""]","[""SUP-benton-pud""]","[""SUP-benton-pud""]"
"181","NCR07041","geocoded","published",,"Town of Wallingford Dept of Utilities","WLLNGF","Wallingford","Wallingford Utilities","Wallingford Department of Utilities","normal",,,,"Wallingford Utilities","common_market_name","[]",,"NPCC","[""DP"",""TO""]","municipal","3","[""duplicate_label"",""nearby_label_collision""]","[""NCR11102""]","[""NCR11102""]"
"182","NCR12312","geocoded","published",,"AL Solar D, LLC","AL Solar","AL Solar","AL Solar D","AL Solar D","normal",,,,"AL Solar D","name_initialism","[]",,"SERC","[""GO""]",,"2","[""duplicate_label"",""nearby_label_collision""]","[""NCR11833"",""NCR13549"",""NCR13550""]","[""NCR13549"",""NCR13550""]"
"183","NCR13549","geocoded","published",,"AL Solar G, LLC","AL Solar","AL Solar","AL Solar G","AL Solar G","normal",,,,"AL Solar G","name_initialism","[]",,"SERC","[""GO""]",,"2","[""duplicate_label"",""nearby_label_collision""]","[""NCR11833"",""NCR12312"",""NCR13550""]","[""NCR12312"",""NCR13550""]"
"184","NCR13047","geocoded","published",,"Angelo Solar, LLC","Angelo","Angelo","Angelo Solar","Angelo Solar","normal",,,,"Angelo Solar","official_website","[]",,"Texas RE","[""GO""]",,"2","[""duplicate_label"",""nearby_label_collision""]","[""NCR13085""]","[""NCR13085""]"
"185","NCR13085","geocoded","published",,"Angelo Storage, LLC","Angelo","Angelo","Angelo Storage","Angelo Storage","normal",,,,"Angelo Storage","official_website","[]",,"Texas RE","[""GO""]",,"2","[""duplicate_label"",""nearby_label_collision""]","[""NCR13047""]","[""NCR13047""]"
"186","NCR13029","geocoded","published",,"Aquamarine Westside, LLC","QMRN","Aquamarine","Aquamarine Westside","Aquamarine Westside","normal",,,,"Aquamarine","common_market_name","[]",,"WECC","[""GO""]",,"2","[""duplicate_label"",""nearby_label_collision""]","[""NCR12159""]","[""NCR12159""]"
"187","NCR12188","geocoded","published",,"Assembly Solar, LLC","Assembly","Assembly","Assembly Solar","Assembly Solar","normal",,,,"Assembly Solar","common_market_name","[]",,"RF","[""GO""]","merchant","2","[""duplicate_label"",""nearby_label_collision""]","[""NCR12190""]","[""NCR12190""]"
"188","NCR12022","geocoded","published",,"Beech Ridge Energy II LLC","BR","Beech Ridge","Beech Ridge Energy II","Beech Ridge Energy II","normal",,,,"Beech Ridge II","common_market_name","[]","Southern Power Company","RF","[""GOP""]","merchant","2","[""duplicate_label"",""nearby_label_collision""]","[""NCR11040""]","[""NCR11040""]"
"189","NCR12502","geocoded","published",,"Ben Milam Solar 1 LLC","Orion","Orion","Ben Milam Solar 1","Ben Milam Solar 1","normal",,,,"Orion I","common_market_name","[]",,"Texas RE","[""GO""]",,"2","[""duplicate_label"",""nearby_label_collision""]","[""NCR12503"",""NCR12510"",""NCR13352""]","[""NCR12503"",""NCR12510""]"
"190","NCR12510","geocoded","published",,"Ben Milam Solar 2 LLC","Orion","Orion","Ben Milam Solar 2","Ben Milam Solar 2","normal",,,,"Orion II","common_market_name","[]",,"Texas RE","[""GO""]",,"2","[""duplicate_label"",""nearby_label_collision""]","[""NCR12502"",""NCR12503"",""NCR13352""]","[""NCR12502"",""NCR12503""]"
"191","NCR12503","geocoded","published",,"Ben Milam Solar 3 LLC","Orion","Orion","Ben Milam Solar 3","Ben Milam Solar 3","normal",,,,"Orion III","common_market_name","[]",,"Texas RE","[""GO""]",,"2","[""duplicate_label"",""nearby_label_collision""]","[""NCR12502"",""NCR12510"",""NCR13352""]","[""NCR12502"",""NCR12510""]"
"192","NCR00690","geocoded","published",,"Big Sandy Peaker Plant, LLC","BS","Big Sandy","Big Sandy Peaker","Big Sandy Peaker Plant","normal",,,,"Big Sandy Peaker","common_market_name","[]","Middle River Power II, LLC","RF","[""GO""]","merchant","2","[""duplicate_label"",""nearby_label_collision""]","[""NCR00839""]","[""NCR00839""]"
"193","NCR11910","geocoded","published",,"Birdsboro Power LLC","BRDSBR","Birdsboro","Birdsboro Power","Birdsboro Power","normal",,,,"Birdsboro Power","common_market_name","[]","Ares Management Corporation","RF","[""GO""]","merchant","2","[""duplicate_label"",""nearby_label_collision""]","[""NCR11911""]","[""NCR11911""]"
"194","NCR13515","geocoded","published",,"Bluegrass Solar, LLC (1)","BLGRSS","Bluegrass","Bluegrass Solar 1","Bluegrass Solar 1","normal",,,,"Bluegrass Solar","common_market_name","[]","MN8 Energy LLC","RF","[""GO""]","merchant","2","[""duplicate_label"",""nearby_label_collision""]","[""NCR13516""]","[""NCR13516""]"
"195","NCR12430","geocoded","published",,"BPL Crown Solar, LLC","BPL","BPL","BPL Crown Solar","BPL Crown Solar","normal",,,,"BPL Crown","name_initialism","[]",,"Texas RE","[""GO""]",,"2","[""duplicate_label"",""nearby_label_collision""]","[""NCR12378"",""NCR12431""]","[""NCR12378"",""NCR12431""]"
"196","NCR12378","geocoded","published",,"BPL Files Solar, LLC","BPL","BPL","BPL Files Solar","BPL Files Solar","normal",,,,"BPL Files","name_initialism","[]",,"Texas RE","[""GO""]",,"2","[""duplicate_label"",""nearby_label_collision""]","[""NCR12430"",""NCR12431""]","[""NCR12430"",""NCR12431""]"
"197","NCR12269","geocoded","published",,"Brazoria County Solar Project, LLC","Brazoria","Brazoria","Brazoria County Solar","Brazoria County Solar","normal",,,,"Brazoria Solar","name_initialism","[]",,"Texas RE","[""GO""]",,"2","[""duplicate_label"",""nearby_label_collision""]","[""NCR12242""]","[""NCR12242""]"
"198","NCR12136","geocoded","published",,"BT Coniglio Solar, LLC","BT","BT","BT Coniglio Solar","BT Coniglio Solar","normal",,,,"BT Coniglio","name_initialism","[]",,"Texas RE","[""GO""]",,"2","[""under_3_without_alias_evidence"",""two_letter_label_needs_alias_evidence"",""duplicate_label"",""nearby_label_collision""]","[""NCR12345"",""NCR12515"",""NCR13152"",""NCR13229"",""NCR13400"",""NCR13425"",""NCR13528"",""SUP-bryan-texas-utilities""]","[""NCR12345"",""NCR12515"",""NCR13152"",""NCR13229"",""NCR13400"",""NCR13528""]"
"199","NCR12515","geocoded","published",,"BT Connolly Storage, LLC","BT","BT","BT Connolly Storage","BT Connolly Storage","normal",,,,"BT Connolly","name_initialism","[]",,"Texas RE","[""GO""]",,"2","[""under_3_without_alias_evidence"",""two_letter_label_needs_alias_evidence"",""duplicate_label"",""nearby_label_collision""]","[""NCR12136"",""NCR12345"",""NCR13152"",""NCR13229"",""NCR13400"",""NCR13425"",""NCR13528"",""SUP-bryan-texas-utilities""]","[""NCR12136"",""NCR12345"",""NCR13152"",""NCR13400"",""NCR13528""]"
"200","NCR13400","geocoded","published",,"BT Cooke Solar, LLC","BT","BT","BT Cooke Solar","BT Cooke Solar","normal",,,,"BT Cooke","name_initialism","[]",,"Texas RE","[""GO""]",,"2","[""under_3_without_alias_evidence"",""two_letter_label_needs_alias_evidence"",""duplicate_label"",""nearby_label_collision""]","[""NCR12136"",""NCR12345"",""NCR12515"",""NCR13152"",""NCR13229"",""NCR13425"",""NCR13528"",""SUP-bryan-texas-utilities""]","[""NCR12136"",""NCR12345"",""NCR12515"",""NCR13152"",""NCR13528""]"
"201","NCR12345","geocoded","published",,"BT Cunningham Storage, LLC","BT","BT","BT Cunningham Storage","BT Cunningham Storage","normal",,,,"BT Cunningham","name_initialism","[]",,"Texas RE","[""GO""]",,"2","[""under_3_without_alias_evidence"",""two_letter_label_needs_alias_evidence"",""duplicate_label"",""nearby_label_collision""]","[""NCR12136"",""NCR12515"",""NCR13152"",""NCR13229"",""NCR13400"",""NCR13425"",""NCR13528"",""SUP-bryan-texas-utilities""]","[""NCR12136"",""NCR12515"",""NCR13152"",""NCR13229"",""NCR13400"",""NCR13528""]"
"202","NCR13425","geocoded","published",,"BT Jungmann, LLC","BT","BT","BT Jungmann","BT Jungmann","normal",,,,"BT Jungmann","name_initialism","[]",,"Texas RE","[""GO""]",,"2","[""under_3_without_alias_evidence"",""two_letter_label_needs_alias_evidence"",""duplicate_label"",""nearby_label_collision""]","[""NCR12136"",""NCR12345"",""NCR12515"",""NCR13152"",""NCR13229"",""NCR13400"",""NCR13528"",""SUP-bryan-texas-utilities""]","[""SUP-bryan-texas-utilities""]"
"203","NCR13229","geocoded","published",,"BT Kellam Solar LLC","BT","BT","BT Kellam Solar","BT Kellam Solar","normal",,,,"BT Kellam","name_initialism","[]",,"Texas RE","[""GO""]",,"2","[""under_3_without_alias_evidence"",""two_letter_label_needs_alias_evidence"",""duplicate_label"",""nearby_label_collision""]","[""NCR12136"",""NCR12345"",""NCR12515"",""NCR13152"",""NCR13400"",""NCR13425"",""NCR13528"",""SUP-bryan-texas-utilities""]","[""NCR12136"",""NCR12345"",""NCR13152"",""NCR13528""]"
"204","NCR13152","geocoded","published",,"BT Signal Ranch, LLC","BT","BT","BT Signal Ranch","BT Signal Ranch","normal",,,,"BT Signal","name_initialism","[]",,"Texas RE","[""GO""]",,"2","[""under_3_without_alias_evidence"",""two_letter_label_needs_alias_evidence"",""duplicate_label"",""nearby_label_collision""]","[""NCR12136"",""NCR12345"",""NCR12515"",""NCR13229"",""NCR13400"",""NCR13425"",""NCR13528"",""SUP-bryan-texas-utilities""]","[""NCR12136"",""NCR12345"",""NCR12515"",""NCR13229"",""NCR13400"",""NCR13528""]"
"205","NCR13528","geocoded","published",,"BT Smith Storage LLC","BT","BT","BT Smith Storage","BT Smith Storage","normal",,,,"BT Smith","name_initialism","[]",,"Texas RE","[""GO""]",,"2","[""under_3_without_alias_evidence"",""two_letter_label_needs_alias_evidence"",""duplicate_label"",""nearby_label_collision""]","[""NCR12136"",""NCR12345"",""NCR12515"",""NCR13152"",""NCR13229"",""NCR13400"",""NCR13425"",""SUP-bryan-texas-utilities""]","[""NCR12136"",""NCR12345"",""NCR12515"",""NCR13152"",""NCR13229"",""NCR13400""]"
"206","NCR10382","geocoded","published",,"Castleton Power, LLC","CSTLTN","Castleton","Castleton Power","Castleton Power","normal",,,,"Castleton","common_market_name","[]","Fortistar","NPCC","[""GO""]","merchant","2","[""duplicate_label"",""nearby_label_collision""]","[""NCR11705""]","[""NCR11705""]"
"207","NCR13267","geocoded","published",,"Coso Battery Storage, LLC","Coso","Coso","Coso Battery Storage","Coso Battery Storage","normal",,,,"Coso BESS","common_market_name","[]",,"WECC","[""GO""]",,"2","[""duplicate_label"",""nearby_label_collision""]","[""NCR05119"",""NCR05120"",""NCR05122""]","[""NCR05119"",""NCR05120"",""NCR05122""]"
"208","NCR11250","geocoded","published",,"Dogwood Power Management, LLC","Dogwood","Dogwood","Dogwood Power Management","Dogwood Power Management","normal",,,,"Dogwood","common_market_name","[]","Kelson Energy","MRO","[""GO""]","merchant","2","[""duplicate_label"",""nearby_label_collision""]","[""NCR06054""]","[""NCR06054""]"
"209","NCR11061","geocoded","published",,"Empire Generating Co, LLC","Empire","Empire","Empire Generating","Empire Generating","normal",,,,"Empire","common_market_name","[]",,"NPCC","[""GO""]","merchant","2","[""duplicate_label"",""nearby_label_collision""]","[""NCR01155"",""NCR11729""]","[""NCR11729""]"
"210","NCR11657","geocoded","published",,"ETEC - San Jacinto County Peaking Facility","ETEC","ETEC","ETEC San Jacinto Peaking","ETEC San Jacinto County Peaking Facility","normal",,,,"SJC Peaking","name_initialism","[]",,"SERC","[""GO""]",,"2","[""duplicate_label"",""nearby_label_collision""]","[""NCR01227""]","[""NCR01227""]"
"211","NCR12410","geocoded","published",,"Ethos Energy Performance Center","Ethos","Ethos","Ethos Energy Performance Center","Ethos Energy Performance Center","normal",,,,"Ethos","name_initialism","[]",,"RF","[""GOP""]",,"2","[""duplicate_label"",""nearby_label_collision""]","[""NCR11655"",""NCR11658"",""NCR11993""]","[""NCR11655"",""NCR11658""]"
"212","NCR11658","geocoded","published",,"EthosEnergy - Hardin County Peaking Facility","Ethos","Ethos","EthosEnergy Hardin County","EthosEnergy Hardin County Peaking Facility","normal",,,,"Ethos Hardin","name_initialism","[]",,"SERC","[""GOP""]",,"2","[""duplicate_label"",""nearby_label_collision""]","[""NCR11655"",""NCR11993"",""NCR12410""]","[""NCR11655"",""NCR12410""]"
"213","NCR11692","geocoded","published",,"Frontier Windpower, LLC","Frontier","Frontier","Frontier Windpower","Frontier Windpower","normal",,,,"Frontier","name_initialism","[]","Deriva Energy","MRO","[""GO""]","merchant","2","[""duplicate_label"",""nearby_label_collision""]","[""NCR12088"",""NCR13142""]","[""NCR12088""]"
"214","NCR11747","geocoded","published",,"GEV - Linden VFT","GEV","GEV","GEV Linden VFT","GEV Linden VFT","normal",,,,"GEV","name_initialism","[]",,"RF","[""TO""]",,"2","[""duplicate_label"",""nearby_label_collision""]","[""NCR00069"",""NCR11696""]","[""NCR11696""]"
"215","NCR13364","geocoded","published",,"Hecate Energy Albany 1 LLC","Coeymans","Coeymans","Hecate Energy Albany 1","Hecate Energy Albany 1","normal",,,,"Coeymans 1","common_market_name","[]","Greenbacker Renewable Energy Corporation","NPCC","[""GO""]","merchant","2","[""duplicate_label"",""nearby_label_collision""]","[""NCR13365""]","[""NCR13365""]"
"216","NCR12393","geocoded","published",,"Heritage  Mountain","Heritage","Heritage","Heritage Mountain","Heritage Mountain","normal",,,,"Heritage","name_initialism","[]",,"RF","[""GO""]",,"2","[""duplicate_label"",""nearby_label_collision""]","[""NCR11141"",""NCR12390"",""NCR12391"",""NCR12392"",""NCR12394"",""NCR12395"",""NCR12396"",""NCR12397"",""NCR12398"",""NCR12399""]","[""NCR12392"",""NCR12397"",""NCR12398"",""NCR12399""]"
"217","NCR12395","geocoded","published",,"Heritage  Portland","Heritage","Heritage","Heritage Portland","Heritage Portland","normal",,,,"Heritage","name_initialism","[]",,"RF","[""GO""]",,"2","[""duplicate_label"",""nearby_label_collision""]","[""NCR11141"",""NCR12390"",""NCR12391"",""NCR12392"",""NCR12393"",""NCR12394"",""NCR12396"",""NCR12397"",""NCR12398"",""NCR12399""]","[""NCR12391"",""NCR12396"",""NCR12398""]"
"218","NCR12396","geocoded","published",,"Heritage  Sayreville","Heritage","Heritage","Heritage Sayreville","Heritage Sayreville","normal",,,,"Heritage","name_initialism","[]",,"RF","[""GO""]",,"2","[""duplicate_label"",""nearby_label_collision""]","[""NCR11141"",""NCR12390"",""NCR12391"",""NCR12392"",""NCR12393"",""NCR12394"",""NCR12395"",""NCR12397"",""NCR12398"",""NCR12399""]","[""NCR12391"",""NCR12395"",""NCR12398""]"
"219","NCR12397","geocoded","published",,"Heritage  Shawville","Heritage","Heritage","Heritage Shawville","Heritage Shawville","normal",,,,"Heritage","name_initialism","[]",,"RF","[""GO""]",,"2","[""duplicate_label"",""nearby_label_collision""]","[""NCR11141"",""NCR12390"",""NCR12391"",""NCR12392"",""NCR12393"",""NCR12394"",""NCR12395"",""NCR12396"",""NCR12398"",""NCR12399""]","[""NCR12390"",""NCR12392"",""NCR12393"",""NCR12399""]"
"220","NCR12398","geocoded","published",,"Heritage  Titus","Heritage","Heritage","Heritage Titus","Heritage Titus","normal",,,,"Heritage","name_initialism","[]",,"RF","[""GO""]",,"2","[""duplicate_label"",""nearby_label_collision""]","[""NCR11141"",""NCR12390"",""NCR12391"",""NCR12392"",""NCR12393"",""NCR12394"",""NCR12395"",""NCR12396"",""NCR12397"",""NCR12399""]","[""NCR12391"",""NCR12392"",""NCR12393"",""NCR12395"",""NCR12396"",""NCR12399""]"
"221","NCR12399","geocoded","published",,"Heritage  Tolna","Heritage","Heritage","Heritage Tolna","Heritage Tolna","normal",,,,"Heritage","name_initialism","[]",,"RF","[""GO""]",,"2","[""duplicate_label"",""nearby_label_collision""]","[""NCR11141"",""NCR12390"",""NCR12391"",""NCR12392"",""NCR12393"",""NCR12394"",""NCR12395"",""NCR12396"",""NCR12397"",""NCR12398""]","[""NCR12391"",""NCR12392"",""NCR12393"",""NCR12397"",""NCR12398""]"
"222","NCR12390","geocoded","published",,"Heritage Brunot Island","Heritage","Heritage","Heritage Brunot Island","Heritage Brunot Island","normal",,,,"Heritage","name_initialism","[]",,"RF","[""GO""]",,"2","[""duplicate_label"",""nearby_label_collision""]","[""NCR11141"",""NCR12391"",""NCR12392"",""NCR12393"",""NCR12394"",""NCR12395"",""NCR12396"",""NCR12397"",""NCR12398"",""NCR12399""]","[""NCR12394"",""NCR12397""]"
"223","NCR12391","geocoded","published",,"Heritage Gilbert","Heritage","Heritage","Heritage Gilbert","Heritage Gilbert","normal",,,,"Heritage","name_initialism","[]",,"RF","[""GO""]",,"2","[""duplicate_label"",""nearby_label_collision""]","[""NCR11141"",""NCR12390"",""NCR12392"",""NCR12393"",""NCR12394"",""NCR12395"",""NCR12396"",""NCR12397"",""NCR12398"",""NCR12399""]","[""NCR12395"",""NCR12396"",""NCR12398"",""NCR12399""]"
"224","NCR12394","geocoded","published",,"Heritage New Castle","Heritage","Heritage","Heritage New Castle","Heritage New Castle","normal",,,,"Heritage","name_initialism","[]",,"RF","[""GO""]",,"2","[""duplicate_label"",""nearby_label_collision""]","[""NCR11141"",""NCR12390"",""NCR12391"",""NCR12392"",""NCR12393"",""NCR12395"",""NCR12396"",""NCR12397"",""NCR12398"",""NCR12399""]","[""NCR11141"",""NCR12390""]"
"225","NCR11141","geocoded","published",,"Heritage Single Units","Heritage","Heritage","Heritage Single Units","Heritage Single Units","normal",,,,"Heritage","name_initialism","[]",,"RF","[""GO""]",,"2","[""duplicate_label"",""nearby_label_collision""]","[""NCR12390"",""NCR12391"",""NCR12392"",""NCR12393"",""NCR12394"",""NCR12395"",""NCR12396"",""NCR12397"",""NCR12398"",""NCR12399""]","[""NCR12394""]"
"226","NCR12133","geocoded","published",,"Hill Top Energy, LLC","Hill Top","Hill Top","Hill Top Energy","Hill Top Energy","normal",,,,"Hill","name_initialism","[]",,"RF","[""GO""]",,"2","[""duplicate_label"",""nearby_label_collision""]","[""NCR12134""]","[""NCR12134""]"
"227","NCR01255","geocoded","published",,"Holland Energy, LLC","Holland","Holland","Holland Energy","Holland Energy","normal",,,,"Holland Energy","name_initialism","[]",,"SERC","[""GO""]",,"2","[""duplicate_label"",""nearby_label_collision""]","[""NCR01283""]","[""NCR01283""]"
"228","NCR11694","geocoded","published",,"Invenergy Services LLC","NVNRGY","Invenergy","Invenergy Services","Invenergy Services LLC","normal","alias_code","official_website","https://www.invenergy.com/","Invenergy Services","official_website","[]",,"Texas RE","[""GOP""]",,"2","[""duplicate_label"",""nearby_label_collision""]","[""NCR10244"",""NCR11513"",""NCR11718"",""NCR12072"",""NCR12075"",""NCR12076"",""NCR12128"",""NCR12203"",""NCR12250"",""NCR12251"",""NCR12271"",""NCR12280"",""NCR12329"",""NCR12448"",""NCR12468"",""NCR12550"",""NCR12554"",""NCR13032"",""NCR13055"",""NCR13069"",""NCR13073"",""NCR13083"",""NCR13116"",""NCR13193"",""NCR13194"",""NCR13200"",""NCR13204"",""NCR13256"",""NCR13284"",""NCR13359"",""NCR13414""]","[""NCR11718"",""NCR12329""]"
"229","NCR12550","geocoded","published",,"Invenergy Services-Diversion","NVNRGY","Invenergy","Invenergy Services Diversion","Invenergy Services-Diversion","major",,,,"Diversion","common_market_name","[]","Invenergy","MRO","[""GOP""]","merchant","2","[""duplicate_label"",""nearby_label_collision""]","[""NCR10244"",""NCR11513"",""NCR11694"",""NCR11718"",""NCR12072"",""NCR12075"",""NCR12076"",""NCR12128"",""NCR12203"",""NCR12250"",""NCR12251"",""NCR12271"",""NCR12280"",""NCR12329"",""NCR12448"",""NCR12468"",""NCR12554"",""NCR13032"",""NCR13055"",""NCR13069"",""NCR13073"",""NCR13083"",""NCR13116"",""NCR13193"",""NCR13194"",""NCR13200"",""NCR13204"",""NCR13256"",""NCR13284"",""NCR13359"",""NCR13414""]","[""NCR12251""]"
"230","NCR13073","geocoded","published",,"Invenergy Services-Fairbanks","Invenerg","Invenergy","Invenergy Services Fairbanks","Invenergy Services-Fairbanks","major",,,,"Invenerg","name_initialism","[]",,"RF","[""GOP""]",,"2","[""duplicate_label"",""nearby_label_collision""]","[""NCR10244"",""NCR11513"",""NCR11694"",""NCR11718"",""NCR12072"",""NCR12075"",""NCR12076"",""NCR12128"",""NCR12203"",""NCR12250"",""NCR12251"",""NCR12271"",""NCR12280"",""NCR12329"",""NCR12448"",""NCR12468"",""NCR12550"",""NCR12554"",""NCR13032"",""NCR13055"",""NCR13069"",""NCR13083"",""NCR13116"",""NCR13193"",""NCR13194"",""NCR13200"",""NCR13204"",""NCR13256"",""NCR13284"",""NCR13359"",""NCR13414""]","[""NCR13116""]"
"231","NCR13116","geocoded","published",,"Invenergy Services-Gibson Solar","Invenerg","Invenergy","Invenergy Services Gibson Solar","Invenergy Services-Gibson Solar","major",,,,"Invenerg","name_initialism","[]",,"RF","[""GOP""]",,"2","[""duplicate_label"",""nearby_label_collision""]","[""NCR10244"",""NCR11513"",""NCR11694"",""NCR11718"",""NCR12072"",""NCR12075"",""NCR12076"",""NCR12128"",""NCR12203"",""NCR12250"",""NCR12251"",""NCR12271"",""NCR12280"",""NCR12329"",""NCR12448"",""NCR12468"",""NCR12550"",""NCR12554"",""NCR13032"",""NCR13055"",""NCR13069"",""NCR13073"",""NCR13083"",""NCR13193"",""NCR13194"",""NCR13200"",""NCR13204"",""NCR13256"",""NCR13284"",""NCR13359"",""NCR13414""]","[""NCR13073""]"
"232","NCR12329","geocoded","published",,"Invenergy Services-Meadow Lake","Invenerg","Invenergy","Invenergy Services Meadow Lake","Invenergy Services-Meadow Lake","major",,,,"Invenerg","name_initialism","[]",,"RF","[""GOP""]",,"2","[""duplicate_label"",""nearby_label_collision""]","[""NCR10244"",""NCR11513"",""NCR11694"",""NCR11718"",""NCR12072"",""NCR12075"",""NCR12076"",""NCR12128"",""NCR12203"",""NCR12250"",""NCR12251"",""NCR12271"",""NCR12280"",""NCR12448"",""NCR12468"",""NCR12550"",""NCR12554"",""NCR13032"",""NCR13055"",""NCR13069"",""NCR13073"",""NCR13083"",""NCR13116"",""NCR13193"",""NCR13194"",""NCR13200"",""NCR13204"",""NCR13256"",""NCR13284"",""NCR13359"",""NCR13414""]","[""NCR11694"",""NCR11718""]"
"233","NCR13200","geocoded","published",,"Invenergy Services-Orchard","NVNRGY","Invenergy","Invenergy Services Orchard","Invenergy Services-Orchard","major",,,,"Invenergy-Orchard","name_initialism","[]",,"WECC","[""GOP""]",,"2","[""duplicate_label"",""nearby_label_collision""]","[""NCR10244"",""NCR11513"",""NCR11694"",""NCR11718"",""NCR12072"",""NCR12075"",""NCR12076"",""NCR12128"",""NCR12203"",""NCR12250"",""NCR12251"",""NCR12271"",""NCR12280"",""NCR12329"",""NCR12448"",""NCR12468"",""NCR12550"",""NCR12554"",""NCR13032"",""NCR13055"",""NCR13069"",""NCR13073"",""NCR13083"",""NCR13116"",""NCR13193"",""NCR13194"",""NCR13204"",""NCR13256"",""NCR13284"",""NCR13359"",""NCR13414""]","[""NCR13194""]"
"234","NCR12427","geocoded","published",,"IP Lumina II, LLC","Lumina","Lumina","IP Lumina II","IP Lumina II","normal",,,,"Lumina II","common_market_name","[]",,"Texas RE","[""GO""]",,"2","[""duplicate_label"",""nearby_label_collision""]","[""NCR12415""]","[""NCR12415""]"
"235","NCR12415","geocoded","published",,"IP Lumina, LLC","Lumina","Lumina","IP Lumina","IP Lumina","normal",,,,"Lumina","common_market_name","[]",,"Texas RE","[""GO""]",,"2","[""duplicate_label"",""nearby_label_collision""]","[""NCR12427""]","[""NCR12427""]"
"236","NCR13119","geocoded","published",,"Jicarilla 1","JCRLL","Jicarilla","Jicarilla 1","Jicarilla 1","normal",,,,"Jicarilla 1","common_market_name","[]",,"WECC","[""GOP""]",,"2","[""duplicate_label"",""nearby_label_collision""]","[""NCR13120""]","[""NCR13120""]"
"237","NCR13103","geocoded","published",,"JP Remote Operations Center I LLC","J-Power","J-Power","J-POWER USA ROC I","JP Remote Operations Center I","normal",,,,"J-POWER USA","common_market_name","[]",,"Texas RE","[""GOP""]",,"2","[""duplicate_label"",""nearby_label_collision""]","[""NCR13074""]","[""NCR13074""]"
"238","NCR13344","geocoded","published",,"KCE TX 11, LLC","KCE","KCE","KCE TX 11","KCE TX 11","normal",,,,"KCE TX11","name_initialism","[]",,"Texas RE","[""GO""]",,"2","[""duplicate_label"",""nearby_label_collision""]","[""NCR12311"",""NCR12351"",""NCR12511"",""NCR12514"",""NCR13217"",""NCR13345"",""NCR13346""]","[""NCR12311"",""NCR12351"",""NCR12511""]"
"239","NCR12311","geocoded","published",,"KCE TX 12, LLC","KCE","KCE","KCE TX 12","KCE TX 12","normal",,,,"KCE TX12","name_initialism","[]",,"Texas RE","[""GO""]",,"2","[""duplicate_label"",""nearby_label_collision""]","[""NCR12351"",""NCR12511"",""NCR12514"",""NCR13217"",""NCR13344"",""NCR13345"",""NCR13346""]","[""NCR12351"",""NCR12511"",""NCR13344""]"
"240","NCR12511","geocoded","published",,"KCE TX 15, LLC","KCE","KCE","KCE TX 15","KCE TX 15","normal",,,,"KCE TX15","name_initialism","[]",,"Texas RE","[""GO""]",,"2","[""duplicate_label"",""nearby_label_collision""]","[""NCR12311"",""NCR12351"",""NCR12514"",""NCR13217"",""NCR13344"",""NCR13345"",""NCR13346""]","[""NCR12311"",""NCR12351"",""NCR13344""]"
"241","NCR12351","geocoded","published",,"KCE TX 19/21, LLC","KCE","KCE","KCE TX 19/21","KCE TX 19/21","normal",,,,"KCE TX19/21","name_initialism","[]",,"Texas RE","[""GO""]",,"2","[""duplicate_label"",""nearby_label_collision""]","[""NCR12311"",""NCR12511"",""NCR12514"",""NCR13217"",""NCR13344"",""NCR13345"",""NCR13346""]","[""NCR12311"",""NCR12511"",""NCR13344""]"
"242","NCR11126","geocoded","published",,"Kleen Energy Systems, LLC.","Kleen","Kleen","Kleen Energy Systems","Kleen Energy Systems","normal",,,,"Kleen","name_initialism","[]",,"NPCC","[""GO""]","merchant","2","[""duplicate_label"",""nearby_label_collision""]","[""NCR11127""]","[""NCR11127""]"
"243","NCR12442","geocoded","published",,"Longbow Solar, LLC","Longbow","Longbow","Longbow Solar","Longbow Solar","normal",,,,"Longbow Solar","name_initialism","[]",,"Texas RE","[""GO""]",,"2","[""duplicate_label"",""nearby_label_collision""]","[""NCR13050""]","[""NCR13050""]"
"244","NCR11267","geocoded","published",,"Los Vientos Windpower IA, LLC","LV","Los Vientos","Los Vientos IA","Los Vientos Windpower IA","normal",,,,"Los Vientos IA","name_initialism","[]",,"Texas RE","[""GO""]",,"2","[""duplicate_label"",""nearby_label_collision""]","[""NCR11266"",""NCR11538"",""NCR11603"",""NCR11635""]","[""NCR11266"",""NCR11538"",""NCR11603"",""NCR11635""]"
"245","NCR11266","geocoded","published",,"Los Vientos Windpower IB, LLC","LV","Los Vientos","Los Vientos IB","Los Vientos Windpower IB","normal",,,,"Los Vientos IB","name_initialism","[]",,"Texas RE","[""GO""]",,"2","[""duplicate_label"",""nearby_label_collision""]","[""NCR11267"",""NCR11538"",""NCR11603"",""NCR11635""]","[""NCR11267"",""NCR11538"",""NCR11603"",""NCR11635""]"
"246","NCR11538","geocoded","published",,"Los Vientos Windpower III, LLC","LV","Los Vientos","Los Vientos III","Los Vientos Windpower III","normal",,,,"Los Vientos III","name_initialism","[]",,"Texas RE","[""GO""]",,"2","[""duplicate_label"",""nearby_label_collision""]","[""NCR11266"",""NCR11267"",""NCR11603"",""NCR11635""]","[""NCR11266"",""NCR11267"",""NCR11603"",""NCR11635""]"
"247","NCR11603","geocoded","published",,"Los Vientos Windpower V, LLC","LV","Los Vientos","Los Vientos V","Los Vientos Windpower V","normal",,,,"Los Vientos V","name_initialism","[]",,"Texas RE","[""GO""]",,"2","[""duplicate_label"",""nearby_label_collision""]","[""NCR11266"",""NCR11267"",""NCR11538"",""NCR11635""]","[""NCR11266"",""NCR11267"",""NCR11538"",""NCR11635""]"
"248","NCR04093","geocoded","published",,"Lower Colorado River Authority","LCRA","LCRA","Lower Colorado River Authority","Lower Colorado River Authority","major",,,,"LCRA","official_website","[]",,"Texas RE","[""GO""]",,"2","[""duplicate_label"",""nearby_label_collision""]","[""NCR-SEED-052"",""NCR04091"",""NCR04092""]","[""NCR-SEED-052"",""NCR04091"",""NCR04092""]"
"249","NCR10133","geocoded","published",,"Luminant Energy Company, LLC","Luminant","Luminant","Luminant Energy","Luminant Energy Company","major",,,,"Luminant","official_website","[]",,"NPCC","[""GOP""]","merchant","2","[""duplicate_label"",""nearby_label_collision""]","[""NCR-SEED-057"",""NCR10219""]","[""NCR-SEED-057"",""NCR10219""]"
"250","NCR10219","geocoded","published",,"Luminant Generation Company, LLC","Luminant","Luminant","Luminant Generation","Luminant Generation Company","major",,,,"Luminant","official_website","[]",,"Texas RE","[""GO""]",,"2","[""duplicate_label"",""nearby_label_collision""]","[""NCR-SEED-057"",""NCR10133""]","[""NCR-SEED-057"",""NCR10133""]"
"251","NCR11493","geocoded","published",,"Major Oak Power, LLC","MO","Major Oak","Major Oak Power","Major Oak Power","normal",,,,"Major Oak","eia_861","[]",,"Texas RE","[""GO""]",,"2","[""duplicate_label"",""nearby_label_collision""]","[""NCR12367""]","[""NCR12367""]"
"252","NCR05235","geocoded","published",,"Mesquite Power LLC","Mesquite","Mesquite","Mesquite Power","Mesquite Power","normal",,,,"Mesquite Power","common_market_name","[]",,"WECC","[""GO""]",,"2","[""duplicate_label"",""nearby_label_collision""]","[""NCR11273"",""NCR11511""]","[""NCR11273""]"
"253","NCR12117","geocoded","published",,"Milford Solar I","Milford","Milford","Milford Solar I","Milford Solar I","normal",,,,"Milford Solar I","common_market_name","[]",,"WECC","[""GO""]",,"2","[""duplicate_label"",""nearby_label_collision""]","[""NCR10394"",""NCR11794""]","[""NCR10394""]"
"254","NCR10394","geocoded","published",,"Milford Wind Corridor Phase I, LLC","Milford","Milford","Milford Wind Phase I","Milford Wind Corridor Phase I","normal",,,,"Milford Wind I","common_market_name","[]",,"WECC","[""GO""]",,"2","[""duplicate_label"",""nearby_label_collision""]","[""NCR11794"",""NCR12117""]","[""NCR12117""]"
"255","NCR11463","geocoded","published",,"Mojave 16/17/18, LLC","Mojave","Mojave","Mojave 16/17/18","Mojave 16/17/18","normal",,,,"Mojave 16-18","eia_861","[]",,"Texas RE","[""GOP""]",,"2","[""duplicate_label"",""nearby_label_collision""]","[""NCR11653""]","[""NCR11653""]"
"256","NCR13459","geocoded","published",,"Montpelier Solar, LLC","MNTPLR","Montpelier","Montpelier Solar","Montpelier Solar","normal",,,,"Montpelier Solar","name_initialism","[]",,"RF","[""GO""]",,"2","[""duplicate_label"",""nearby_label_collision""]","[""NCR11842""]","[""NCR11842""]"
"257","NCR00303","geocoded","published",,"Municipal Energy Agency Of Nebraska","MEAN","MEAN","Municipal Energy Agency of Nebraska","Municipal Energy Agency of Nebraska","normal",,,,"MEAN","official_website","[]","NMPP Energy","MRO","[""RP""]","municipal","2","[""duplicate_label"",""nearby_label_collision""]","[""NCR05256""]","[""NCR05256""]"
"258","NCR12040","geocoded","published",,"North Allegheny Wind, LLC","LLGHNY","Allegheny","North Allegheny Wind","North Allegheny Wind","normal",,,,"North Allegheny","common_market_name","[]",,"RF","[""GO""]",,"2","[""duplicate_label"",""nearby_label_collision""]","[""NCR08039""]","[""NCR08039""]"
"259","NCR11854","geocoded","published",,"NRG Energy Services, LLC - Carlsbad","NRG","NRG","NRG Carlsbad","NRG Energy Services Carlsbad","major",,,,"NRG Carlsbad","name_initialism","[]",,"WECC","[""GOP""]",,"2","[""duplicate_label"",""nearby_label_collision""]","[""NCR05141"",""NCR10090"",""NCR10326"",""NCR11148"",""NCR11150"",""NCR11584"",""NCR11642"",""NCR11715"",""NCR11730"",""NCR12273"",""NCR12371""]","[""NCR05141"",""NCR11148""]"
"260","NCR05141","geocoded","published",,"NRG Energy Services, LLC - El Segundo","NRG","NRG","NRG El Segundo","NRG Energy Services El Segundo","major",,,,"NRG El Segundo","name_initialism","[]",,"WECC","[""GOP""]",,"2","[""duplicate_label"",""nearby_label_collision""]","[""NCR10090"",""NCR10326"",""NCR11148"",""NCR11150"",""NCR11584"",""NCR11642"",""NCR11715"",""NCR11730"",""NCR11854"",""NCR12273"",""NCR12371""]","[""NCR11148"",""NCR11854""]"
"261","NCR11148","geocoded","published",,"NRG Energy Services, LLC - Walnut Creek","NRG","NRG","NRG Walnut Creek","NRG Energy Services Walnut Creek","major",,,,"NRG Walnut Creek","name_initialism","[]",,"WECC","[""GOP""]",,"2","[""duplicate_label"",""nearby_label_collision""]","[""NCR05141"",""NCR10090"",""NCR10326"",""NCR11150"",""NCR11584"",""NCR11642"",""NCR11715"",""NCR11730"",""NCR11854"",""NCR12273"",""NCR12371""]","[""NCR05141"",""NCR11854""]"
"262","NCR05320","geocoded","published",,"Plains End, LLC","PE","Plains End","Plains End","Plains End, LLC","normal",,,,"Plains End","eia_861","[]",,"WECC","[""GO""]",,"2","[""duplicate_label"",""nearby_label_collision""]","[""NCR11589""]","[""NCR11589""]"
"263","NCR13464","geocoded","published",,"QE Solar ROC","QE Solar","QE Solar","QE Solar ROC","QE Solar ROC","normal",,,,"QE Solar","official_website","[]",,"Texas RE","[""GOP""]",,"2","[""duplicate_label"",""nearby_label_collision""]","[""NCR12507""]","[""NCR12507""]"
"264","NCR13538","geocoded","published",,"RES Energy Services Inc.","RES","RES","RES Energy Services","RES Energy Services","major",,,,"RES","common_market_name","[]",,"Texas RE","[""GOP""]",,"2","[""duplicate_label"",""nearby_label_collision""]","[""NCR12156"",""NCR12469"",""NCR12497"",""NCR13127""]","[""NCR12156""]"
"265","NCR11182","geocoded","published",,"Sandy Creek Services, LLC","SANDCREE","Sandy Creek","Sandy Creek Services","Sandy Creek Services","normal",,,,"Sandy Creek","common_market_name","[]",,"Texas RE","[""GO""]",,"2","[""duplicate_label"",""nearby_label_collision""]","[""NCR11181""]","[""NCR11181""]"
"266","NCR11367","geocoded","published",,"South Boston Energy LLC","SB","S. Boston","South Boston Energy","South Boston Energy","normal",,,,"South Boston Energy","eia_861","[]",,"SERC","[""GO""]",,"2","[""duplicate_label"",""nearby_label_collision""]","[""NCR13061""]","[""NCR13061""]"
"267","NCR12438","geocoded","published",,"St. Gall Energy Storage I LLC","St Gall","St Gall","St. Gall Energy Storage I","St. Gall Energy Storage I","normal",,,,"St Gall I","name_initialism","[]",,"Texas RE","[""GO""]",,"2","[""duplicate_label"",""nearby_label_collision""]","[""NCR13147""]","[""NCR13147""]"
"268","NCR13238","geocoded","published",,"Transource Midwest","TRNSRC","Transource","Transource Midwest","Transource Midwest","normal",,,,"Transource Midwest","common_market_name","[]","Transource Energy","MRO","[""TO""]","merchant","2","[""duplicate_label"",""nearby_label_collision""]","[""NCR11539"",""NCR11925""]","[""NCR11539""]"
"269","NCR11539","geocoded","published",,"Transource Missouri, LLC","TRNSRC","Transource","Transource Missouri","Transource Missouri","normal",,,,"Transource MO","name_initialism","[]","Transource Energy","MRO","[""TO""]","merchant","2","[""duplicate_label"",""nearby_label_collision""]","[""NCR11925"",""NCR13238""]","[""NCR13238""]"
"270","NCR00953","geocoded","published",,"Wolf Hills Energy, LLC","WH","Wolf Hills","Wolf Hills Energy","Wolf Hills Energy","normal",,,,"Wolf Hills","eia_861","[]",,"RF","[""GO""]",,"2","[""duplicate_label"",""nearby_label_collision""]","[""NCR00849""]","[""NCR00849""]"
"271","SUP-austin-energy","supplemental","published",,"Austin Energy","Austin","Austin","","Austin Energy","normal",,,,"Austin",,"[]",,,"[""DP""]","IOU","1","[""missing_org_names_entry"",""duplicate_label"",""nearby_label_collision""]","[""NCR04029""]","[""NCR04029""]"
"272","SUP-bartow-electric-department","supplemental","published",,"Bartow Electric Department","Bartow","Bartow","","Bartow Electric Department","normal",,,,"Bartow",,"[]",,,"[""DP""]","municipal","1","[""missing_org_names_entry"",""duplicate_label"",""nearby_label_collision""]","[""NCR00003""]","[""NCR00003""]"
"273","NCR00003","geocoded","published",,"Bartow, City of","Bartow","Bartow","City of Bartow","City of Bartow","normal",,,,"Bartow","official_website","[]",,"SERC","[""DP""]",,"1","[""duplicate_label"",""nearby_label_collision""]","[""SUP-bartow-electric-department""]","[""SUP-bartow-electric-department""]"
"274","SUP-beaches-energy-services","supplemental","published",,"Beaches Energy Services","Beaches","Beaches","","Beaches Energy Services","normal",,,,"Beaches",,"[]",,,"[""DP""]","IOU","1","[""missing_org_names_entry"",""duplicate_label"",""nearby_label_collision""]","[""NCR00004""]","[""NCR00004""]"
"275","SUP-benton-pud","supplemental","published",,"Benton PUD","BP","Benton PUD","","Benton PUD","normal",,,,"Benton PUD",,"[]",,,"[""DP""]","municipal","1","[""missing_org_names_entry"",""duplicate_label"",""nearby_label_collision""]","[""NCR05337""]","[""NCR05337""]"
"276","NCR01183","geocoded","published",,"Blue Ridge Electric Membership Corporation","BR","Blue Ridge","Blue Ridge Electric","Blue Ridge Electric Membership Corporation","normal",,,,"Blue Ridge","official_website","[]",,"SERC","[""DP""]",,"1","[""duplicate_label"",""nearby_label_collision""]","[""SUP-blue-ridge-energy""]","[""SUP-blue-ridge-energy""]"
"277","SUP-blue-ridge-energy","supplemental","published",,"Blue Ridge Energy","BR","Blue Ridge","","Blue Ridge Energy","normal",,,,"Blue Ridge",,"[]",,,"[""DP""]","cooperative","1","[""missing_org_names_entry"",""duplicate_label"",""nearby_label_collision""]","[""NCR01183""]","[""NCR01183""]"
"278","NCR01186","geocoded","published",,"Brazos Electric Power Cooperative, Inc.","Brazos","Brazos","Brazos Electric Power Cooperative","Brazos Electric Power Cooperative","major",,,,"Brazos Electric","official_website","[]",,"SERC","[""DP""]",,"1","[""duplicate_label"",""nearby_label_collision""]","[""NCR04015"",""NCR10210""]","[""NCR04015""]"
"279","SUP-city-of-camilla","supplemental","published",,"City of Camilla","Camilla","Camilla","","City of Camilla","normal",,,,"Camilla",,"[]",,,"[""DP""]","municipal","1","[""missing_org_names_entry"",""duplicate_label"",""nearby_label_collision""]","[""NCR11986""]","[""NCR11986""]"
"280","SUP-cleveland-utilities","supplemental","published",,"Cleveland Utilities","CU","CU","","Cleveland Utilities","normal",,,,"CU",,"[]",,,"[""DP""]","municipal","1","[""missing_org_names_entry"",""under_3_without_alias_evidence"",""two_letter_label_needs_alias_evidence"",""duplicate_label"",""nearby_label_collision""]","[""NCR01081"",""SUP-clinton-utilities-board""]","[""SUP-clinton-utilities-board""]"
"281","SUP-clinton-utilities-board","supplemental","published",,"Clinton Utilities Board","CU","CU","","Clinton Utilities Board","normal",,,,"CU",,"[]",,,"[""DP""]","municipal","1","[""missing_org_names_entry"",""under_3_without_alias_evidence"",""two_letter_label_needs_alias_evidence"",""duplicate_label"",""nearby_label_collision""]","[""NCR01081"",""SUP-cleveland-utilities""]","[""SUP-cleveland-utilities""]"
"282","SUP-fayetteville-public-utilities","supplemental","published",,"Fayetteville Public Utilities","FP","FP","","Fayetteville Public Utilities","normal",,,,"FP",,"[]",,,"[""DP""]","municipal","1","[""missing_org_names_entry"",""under_3_without_alias_evidence"",""two_letter_label_needs_alias_evidence"",""duplicate_label"",""nearby_label_collision""]","[""SUP-fort-payne-improvement-authority""]","[""SUP-fort-payne-improvement-authority""]"
"283","SUP-fort-payne-improvement-authority","supplemental","published",,"Fort Payne Improvement Authority","FP","FP","","Fort Payne Improvement Authority","normal",,,,"FP",,"[]",,,"[""DP""]","municipal","1","[""missing_org_names_entry"",""under_3_without_alias_evidence"",""two_letter_label_needs_alias_evidence"",""duplicate_label"",""nearby_label_collision""]","[""SUP-fayetteville-public-utilities""]","[""SUP-fayetteville-public-utilities""]"
"284","SUP-hartselle-utilities","supplemental","published",,"Hartselle Utilities","HU","HU","","Hartselle Utilities","normal",,,,"HU",,"[]",,,"[""DP""]","municipal","1","[""missing_org_names_entry"",""under_3_without_alias_evidence"",""two_letter_label_needs_alias_evidence"",""duplicate_label"",""nearby_label_collision""]","[""SUP-huntsville-utilities""]","[""SUP-huntsville-utilities""]"
"285","SUP-huntsville-utilities","supplemental","published",,"Huntsville Utilities","HU","HU","","Huntsville Utilities","normal",,,,"HU",,"[]",,,"[""DP""]","municipal","1","[""missing_org_names_entry"",""under_3_without_alias_evidence"",""two_letter_label_needs_alias_evidence"",""duplicate_label"",""nearby_label_collision""]","[""SUP-hartselle-utilities""]","[""SUP-hartselle-utilities""]"
"286","SUP-mayfield-electric-water-system","supplemental","published",,"Mayfield Electric & Water System","ME","ME","","Mayfield Electric & Water System","normal",,,,"ME",,"[]",,,"[""DP""]","municipal","1","[""missing_org_names_entry"",""under_3_without_alias_evidence"",""two_letter_label_needs_alias_evidence"",""duplicate_label"",""nearby_label_collision""]","[""SUP-murray-electric-system""]","[""SUP-murray-electric-system""]"
"287","SUP-murray-electric-system","supplemental","published",,"Murray Electric System","ME","ME","","Murray Electric System","normal",,,,"ME",,"[]",,,"[""DP""]","municipal","1","[""missing_org_names_entry"",""under_3_without_alias_evidence"",""two_letter_label_needs_alias_evidence"",""duplicate_label"",""nearby_label_collision""]","[""SUP-mayfield-electric-water-system""]","[""SUP-mayfield-electric-water-system""]"
"288","SUP-pedernales-electric-cooperative","supplemental","published",,"Pedernales Electric Cooperative","PEC","PEC","","Pedernales Electric Cooperative","normal",,,,"PEC",,"[]",,,"[""DP""]","cooperative","1","[""missing_org_names_entry"",""duplicate_label"",""nearby_label_collision""]","[""NCR04111"",""NCR10347""]","[""NCR04111""]"
"289","SUP-snohomish-county-public-utility-district","supplemental","published",,"Snohomish County Public Utility District","SnoPUD","SnoPUD","","Snohomish County Public Utility District","normal",,,,"SnoPUD",,"[]",,,"[""DP""]","municipal","1","[""missing_org_names_entry"",""duplicate_label"",""nearby_label_collision""]","[""NCR05335""]","[""NCR05335""]"
"290","NCR10030","geocoded","combined_member","NCR10102","Tri-State Generation and Transmission Association, Inc. - Reliability",,"Tri-State","Tri-State G&T","Tri-State Generation and Transmission","major",,,,"Tri-State","official_website","[]",,"WECC","[""GO"",""GOP"",""RP"",""TO"",""TOP"",""TP"",""TSP""]",,"23","[""duplicate_label"",""nearby_label_collision""]","[""NCR-SEED-056"",""NCR10102""]","[""NCR-SEED-056"",""NCR10102""]"
"291","NCR00102","geocoded","combined_member","NCR05023","Basin Electric Power Cooperative",,"Basin","Basin Electric","Basin Electric Power Cooperative","major",,,,"BEPC","common_market_name","[]",,"MRO","[""DP"",""GO"",""GOP"",""RP"",""TO"",""TP""]","cooperative","13","[""duplicate_label"",""nearby_label_collision""]","[""NCR-SEED-043"",""NCR05023""]","[""NCR-SEED-043"",""NCR05023""]"
"292","NCR01021","geocoded","combined_member","NCR05282","NorthWestern Energy Public Service",,"NWE","NorthWestern Energy","NorthWestern Energy","normal",,,,"NorthWestern","official_website","[]","NorthWestern Energy Group","MRO","[""DP"",""GO"",""GOP"",""RP"",""TO"",""TP""]","IOU","13","[""duplicate_label"",""nearby_label_collision""]","[""NCR05282""]","[""NCR05282""]"
"293","NCR04006","geocoded","combined_member","NCR00682","American Electric Power Service Corp as agent for AEP Texas Inc. and Public Service Company of Oklahoma",,"AEP","AEP Texas/PSO Agent","AEP Service Corporation","major",,,,"AEP Service","name_initialism","[]",,"Texas RE","[""DP"",""TO"",""TOP"",""TP""]",,"13","[""duplicate_label"",""nearby_label_collision""]","[""NCR-SEED-036"",""NCR00682"",""NCR11401"",""NCR12527"",""NCR13230""]","[""NCR-SEED-036"",""NCR00682"",""NCR11401"",""NCR12527"",""NCR13230""]"
"294","NCR04091","geocoded","combined_member","NCR04093","LCRA Transmission Services Corporation",,"LCRA","LCRA Transmission","LCRA Transmission Services","normal",,,,"LCRA-TSP","official_website","[]",,"Texas RE","[""TO"",""TOP"",""TP""]",,"12","[""duplicate_label"",""nearby_label_collision""]","[""NCR-SEED-052"",""NCR04092"",""NCR04093""]","[""NCR-SEED-052"",""NCR04092"",""NCR04093""]"
"295","NCR11916","geocoded","combined_member","NCR01254","City of Henderson, KY, Utility Commission, DBA Henderson Municipal Power & Light",,"HMP&L","Henderson Municipal Power & Light","Henderson Municipal Power & Light","normal",,,,"HMP&L","official_website","[]",,"SERC","[""BA""]",,"8","[""duplicate_label"",""nearby_label_collision""]","[""NCR01254""]","[""NCR01254""]"
"296","NCR05002","geocoded","combined_member","NCR11966","AES Alamitos, LLC",,"AES","AES Alamitos","AES Alamitos","normal",,,,"AES Alamitos","common_market_name","[]",,"WECC","[""GO"",""GOP""]",,"4","[""duplicate_label"",""nearby_label_collision""]","[""NCR00798"",""NCR05004"",""NCR11679"",""NCR11966"",""NCR11967"",""NCR12104""]","[""NCR05004"",""NCR11966"",""NCR11967"",""NCR12104""]"
"297","NCR12104","geocoded","combined_member","NCR11966","AES ES Alamitos, LLC",,"AES","AES ES Alamitos","AES ES Alamitos","normal",,,,"AES ES Alamitos","name_initialism","[]",,"WECC","[""GO"",""GOP""]",,"4","[""duplicate_label"",""nearby_label_collision""]","[""NCR00798"",""NCR05002"",""NCR05004"",""NCR11679"",""NCR11966"",""NCR11967""]","[""NCR05002"",""NCR05004"",""NCR11966"",""NCR11967""]"
"298","NCR05004","geocoded","combined_member","NCR11967","AES Huntington Beach, LLC",,"AES","AES Huntington Beach","AES Huntington Beach","normal",,,,"AES HB","name_initialism","[]",,"WECC","[""GO"",""GOP""]",,"4","[""duplicate_label"",""nearby_label_collision""]","[""NCR00798"",""NCR05002"",""NCR11679"",""NCR11966"",""NCR11967"",""NCR12104""]","[""NCR05002"",""NCR11966"",""NCR11967"",""NCR12104""]"
"299","NCR11528","geocoded","combined_member","NCR10195","AltaGas Brush Energy Inc.",,"Brush","AltaGas Brush Energy","AltaGas Brush Energy","normal",,,,"AltaGas Brush","name_initialism","[]",,"WECC","[""GO"",""GOP""]",,"4","[""duplicate_label"",""nearby_label_collision""]","[""NCR10195""]","[""NCR10195""]"
"300","NCR11940","geocoded","combined_member","NCR10347","Calpeak Power Panoche LLC",,"Panoche","CalPeak Power Panoche","CalPeak Power Panoche","normal",,,,"Panoche","name_initialism","[]",,"WECC","[""GO"",""GOP""]",,"4","[""duplicate_label"",""nearby_label_collision""]","[""NCR11518""]","[""NCR11518""]"
"301","NCR04057","geocoded","combined_member","NCR00778","Constellation Energy Generation, LLC - Constellation Power",,"Constellation","Constellation Power","Constellation Power","major",,,,"CEG Power","common_market_name","[]","Constellation Energy Corporation","NPCC","[""GO"",""GOP""]","merchant","4","[""length_13_to_15"",""duplicate_label"",""nearby_label_collision""]","[""NCR00778"",""NCR10122"",""NCR10390"",""NCR11216"",""NCR11325""]","[""NCR00778"",""NCR10390"",""NCR11216"",""NCR11325""]"
"302","NCR11325","geocoded","combined_member","NCR10390","Constellation Energy Generation, LLC - Western Region",,"Constellation","Constellation Western","Constellation Energy Western","major",,,,"Constellation","official_website","[]",,"WECC","[""GO"",""GOP""]",,"4","[""length_13_to_15"",""duplicate_label"",""nearby_label_collision""]","[""NCR00778"",""NCR04057"",""NCR10122"",""NCR10390"",""NCR11216""]","[""NCR00778"",""NCR04057"",""NCR10390"",""NCR11216""]"
"303","NCR12121","geocoded","combined_member","NCR11290","Copper Mountain Solar 5, LLC",,"CM Solar","Copper Mountain Solar 5","Copper Mountain Solar 5","normal",,,,"CM Solar 5","common_market_name","[]",,"WECC","[""GO"",""GOP""]",,"4","[""duplicate_label"",""nearby_label_collision""]","[""NCR11290""]","[""NCR11290""]"
"304","NCR05120","geocoded","combined_member","NCR05119","Coso Finance Partners",,"Coso","Coso Finance Partners","Coso Finance Partners","normal",,,,"Coso","official_website","[]",,"WECC","[""GO"",""GOP""]",,"4","[""duplicate_label"",""nearby_label_collision""]","[""NCR05119"",""NCR05122"",""NCR13267""]","[""NCR05119"",""NCR05122"",""NCR13267""]"
"305","NCR05122","geocoded","combined_member","NCR05119","Coso Power Developers",,"Coso","Coso Power Developers","Coso Power Developers","normal",,,,"Coso","official_website","[]",,"WECC","[""GO"",""GOP""]",,"4","[""duplicate_label"",""nearby_label_collision""]","[""NCR05119"",""NCR05120"",""NCR13267""]","[""NCR05119"",""NCR05120"",""NCR13267""]"
"306","NCR12192","geocoded","combined_member","NCR00753","DTE Sustainable Generation Holdings, LLC",,"DTE","DTE Sustainable Generation","DTE Sustainable Generation","major",,,,"DTE SG","name_initialism","[]",,"RF","[""GO"",""GOP""]",,"4","[""duplicate_label"",""nearby_label_collision""]","[""NCR-SEED-034"",""NCR00753""]","[""NCR-SEED-034"",""NCR00753""]"
"307","NCR11167","geocoded","combined_member","NCR01234","Entergy - Fossil & Hydroelectric Generation",,"Entergy","Entergy Fossil & Hydro","Entergy Fossil and Hydroelectric Generation","major",,,,"Entergy Fossil","name_initialism","[]",,"SERC","[""GO"",""GOP""]",,"4","[""duplicate_label"",""nearby_label_collision""]","[""NCR01234"",""NCR11166"",""NCR12526""]","[""NCR01234"",""NCR12526""]"
"308","NCR12526","geocoded","combined_member","NCR01234","Entergy Renewables",,"Entergy","Entergy Renewables","Entergy Renewables","major",,,,"Entergy Renewables","official_website","[]",,"SERC","[""GO"",""GOP""]",,"4","[""duplicate_label"",""nearby_label_collision""]","[""NCR01234"",""NCR11166"",""NCR11167""]","[""NCR01234"",""NCR11167""]"
"309","NCR12458","geocoded","combined_member","NCR13031","Five Wells Storage LLC",,"Five Wells","Five Wells Storage","Five Wells Storage","normal",,,,"Five Wells Storage","name_initialism","[]",,"Texas RE","[""GO"",""GOP""]",,"4","[""duplicate_label"",""nearby_label_collision""]","[""NCR13031""]","[""NCR13031""]"
"310","NCR10308","geocoded","combined_member","NCR03040","Fowler Ridge III Wind Farm LLC",,"Fowler","Fowler Ridge III","Fowler Ridge III Wind Farm","normal",,,,"Fowler","name_initialism","[]",,"RF","[""GO"",""GOP""]",,"4","[""duplicate_label"",""nearby_label_collision""]","[""NCR03040"",""NCR10307""]","[""NCR03040"",""NCR10307""]"
"311","NCR11029","geocoded","combined_member","NCR10306","Grand Ridge Energy II LLC",,"Grand Ridge","Grand Ridge Energy II","Grand Ridge Energy II","normal",,,,"Grand","name_initialism","[]",,"RF","[""GO"",""GOP""]",,"4","[""duplicate_label"",""nearby_label_collision""]","[""NCR10306"",""NCR11030"",""NCR11031""]","[""NCR10306"",""NCR11030"",""NCR11031""]"
"312","NCR11030","geocoded","combined_member","NCR10306","Grand Ridge Energy III LLC",,"Grand Ridge","Grand Ridge Energy III","Grand Ridge Energy III","normal",,,,"Grand","name_initialism","[]",,"RF","[""GO"",""GOP""]",,"4","[""duplicate_label"",""nearby_label_collision""]","[""NCR10306"",""NCR11029"",""NCR11031""]","[""NCR10306"",""NCR11029"",""NCR11031""]"
"313","NCR11031","geocoded","combined_member","NCR10306","Grand Ridge Energy IV LLC",,"Grand Ridge","Grand Ridge Energy IV","Grand Ridge Energy IV","normal",,,,"Grand","name_initialism","[]",,"RF","[""GO"",""GOP""]",,"4","[""duplicate_label"",""nearby_label_collision""]","[""NCR10306"",""NCR11029"",""NCR11030""]","[""NCR10306"",""NCR11029"",""NCR11030""]"
"314","NCR01113","geocoded","combined_member","NCR04088","Kiowa Power Partners, LLC",,"Kiowa","Kiowa Power Partners","Kiowa Power Partners","normal",,,,"Kiowa Power","common_market_name","[]","Tenaska","MRO","[""GO"",""GOP""]","merchant","4","[""duplicate_label"",""nearby_label_collision""]","[""NCR04088"",""NCR12525""]","[""NCR04088""]"
"315","NCR12212","geocoded","combined_member","NCR12213","Linden Peaking Generating Station",,"Linden","Linden Peaking","Linden Peaking Generating Station","normal",,,,"Linden Peaking","name_initialism","[]",,"RF","[""GO"",""GOP""]",,"4","[""duplicate_label"",""nearby_label_collision""]","[""NCR11561"",""NCR11562"",""NCR12213""]","[""NCR11561"",""NCR11562"",""NCR12213""]"
"316","NCR13046","geocoded","combined_member","NCR13045","Mordor 2",,"Mordor","Mordor 2","Mordor 2","normal",,,,"Mordor 2","common_market_name","[]",,"WECC","[""GO"",""GOP""]",,"4","[""duplicate_label"",""nearby_label_collision""]","[""NCR13045""]","[""NCR13045""]"
"317","NCR13421","geocoded","combined_member","NCR13447","MPH Elwood, LLC",,"Elwood","MPH Elwood","MPH Elwood","normal",,,,"MPH Elwood","name_initialism","[]",,"RF","[""GO"",""GOP""]",,"4","[""duplicate_label"",""nearby_label_collision""]","[""NCR13447""]","[""NCR13447""]"
"318","NCR12159","geocoded","combined_member","NCR13029","NAES Corporation - Aquamarine",,"Aquamarine","Aquamarine Solar","Aquamarine Solar","normal",,,,"NAES Aquamarine","name_initialism","[]",,"WECC","[""GO"",""GOP""]",,"4","[""duplicate_label"",""nearby_label_collision""]","[""NCR13029""]","[""NCR13029""]"
"319","NCR11562","geocoded","combined_member","NCR11561","NAES Corporation - East Coast Power Linden Holdings",,"Linden","East Coast Power Linden","East Coast Power Linden","normal",,,,"NAES Linden ECP","name_initialism","[]",,"RF","[""GO"",""GOP""]",,"4","[""duplicate_label"",""nearby_label_collision""]","[""NCR11561"",""NCR12212"",""NCR12213""]","[""NCR11561"",""NCR12212"",""NCR12213""]"
"320","NCR11954","geocoded","combined_member","NCR11953","Prairie Breeze Wind Energy III LLC",,"Prairie","Prairie Breeze III","Prairie Breeze Wind Energy III","normal",,,,"Prairie Breeze III","common_market_name","[]","Invenergy","MRO","[""GO"",""GOP""]","merchant","4","[""duplicate_label"",""nearby_label_collision""]","[""NCR11460"",""NCR11953""]","[""NCR11460"",""NCR11953""]"
"321","NCR12482","geocoded","combined_member","NCR11605","RWE Americas, LLC",,"RWE","RWE Americas","RWE Americas","major",,,,"RWE Americas","official_website","[]","RWE AG","MRO","[""GO"",""GOP""]","merchant","4","[""duplicate_label"",""nearby_label_collision""]","[""NCR11383"",""NCR11605"",""NCR13518""]","[""NCR11605""]"
"322","NCR01319","geocoded","combined_member","NCR01320","Southern Company Services, Inc. - Gen",,"SCS","Southern Company Services - Gen","Southern Company Services - Gen","major",,,,"SCS-Gen","name_initialism","[]",,"SERC","[""GOP"",""RP""]",,"4","[""duplicate_label"",""nearby_label_collision""]","[""NCR01320""]","[""NCR01320""]"
"323","NCR11396","geocoded","combined_member","NCR11695","Southern Power Company",,"Southern Power","Southern Power","Southern Power Company","normal",,,,"Southern Power","official_website","[]",,"WECC","[""GO"",""GOP""]",,"4","[""length_13_to_15"",""duplicate_label"",""nearby_label_collision""]","[""NCR01322"",""NCR11221"",""NCR12021""]","[""NCR01322"",""NCR12021""]"
"324","NCR12411","geocoded","combined_member","NCR12443","Sun Valley Storage, LLC",,"Sun Valley","Sun Valley Storage","Sun Valley Storage","normal",,,,"SV Storage","name_initialism","[]",,"Texas RE","[""GO"",""GOP""]",,"4","[""duplicate_label"",""nearby_label_collision""]","[""NCR12443""]","[""NCR12443""]"
"325","NCR11872","geocoded","combined_member","NCR11462","Temple Generation II, LLC",,"Temple","Temple Generation II","Temple Generation II","normal",,,,"Temple Gen II","name_initialism","[]",,"Texas RE","[""GO"",""GOP""]",,"4","[""duplicate_label"",""nearby_label_collision""]","[""NCR11462""]","[""NCR11462""]"
"326","NCR00632","geocoded","combined_member","NCR04136","Tenaska Frontier Partners, Ltd",,"Tenaska","Tenaska Frontier","Tenaska Frontier Partners","major",,,,"Tenaska Frontier","eia_861","[]",,"SERC","[""GO"",""GOP""]",,"4","[""duplicate_label"",""nearby_label_collision""]","[""NCR00633"",""NCR01337"",""NCR01339"",""NCR04136"",""NCR04137"",""NCR11882"",""NCR11995""]","[""NCR04136""]"
"327","NCR00633","geocoded","combined_member","NCR04137","Tenaska Gateway Partners Ltd",,"Tenaska","Tenaska Gateway","Tenaska Gateway Partners","major",,,,"Tenaska Gateway","common_market_name","[]","Tenaska","MRO","[""GO"",""GOP""]","merchant","4","[""duplicate_label"",""nearby_label_collision""]","[""NCR00632"",""NCR01337"",""NCR01339"",""NCR04136"",""NCR04137"",""NCR11882"",""NCR11995""]","[""NCR04137""]"
"328","NCR01214","geocoded","combined_member","NCR09028","Virginia Electric & Power Company d/b/a Dominion Energy Virginia - Electric Transmission",,"Dominion","Dominion Virginia Transmission","Dominion Energy Virginia Transmission","major",,,,"DE-VA Trans","name_initialism","[]",,"SERC","[""DP"",""TO""]",,"3","[""duplicate_label"",""nearby_label_collision""]","[""NCR-SEED-031"",""NCR09006"",""NCR09028"",""NCR11878"",""NCR12287""]","[""NCR-SEED-031"",""NCR09006"",""NCR09028"",""NCR11878"",""NCR12287""]"
"329","NCR11401","geocoded","combined_member","NCR00682","AEP Generation Resources Inc.",,"AEP","AEP Generation Resources","AEP Generation Resources","major",,,,"AEPGR","common_market_name","[]","American Electric Power Company, Inc.","RF","[""GOP""]","other","2","[""duplicate_label"",""nearby_label_collision""]","[""NCR-SEED-036"",""NCR00682"",""NCR04006"",""NCR12527"",""NCR13230""]","[""NCR-SEED-036"",""NCR00682"",""NCR04006"",""NCR12527"",""NCR13230""]"
"330","NCR12527","geocoded","combined_member","NCR00682","AEP Renewables - Central Region",,"AEP","AEP Renewables Central","AEP Renewables Central Region","major",,,,"AEP Renewables","sec_filing","[]","AEP Energy Supply, LLC","MRO","[""GO""]","merchant","2","[""duplicate_label"",""nearby_label_collision""]","[""NCR-SEED-036"",""NCR00682"",""NCR04006"",""NCR11401"",""NCR13230""]","[""NCR-SEED-036"",""NCR00682"",""NCR04006"",""NCR11401"",""NCR13230""]"
"331","NCR13230","geocoded","combined_member","NCR00682","AEP Renewables - East Region",,"AEP","AEP Renewables East","AEP Renewables East Region","major",,,,"AEP Renewables East","common_market_name","[]","American Electric Power Company, Inc.","RF","[""GO""]","other","2","[""duplicate_label"",""nearby_label_collision""]","[""NCR-SEED-036"",""NCR00682"",""NCR04006"",""NCR11401"",""NCR12527""]","[""NCR-SEED-036"",""NCR00682"",""NCR04006"",""NCR11401"",""NCR12527""]"
"332","NCR13550","geocoded","combined_member","NCR13549","AL Solar H, LLC",,"AL Solar","AL Solar H","AL Solar H","normal",,,,"AL Solar H","name_initialism","[]",,"SERC","[""GO""]",,"2","[""duplicate_label"",""nearby_label_collision""]","[""NCR11833"",""NCR12312"",""NCR13549""]","[""NCR12312"",""NCR13549""]"
"333","NCR11899","geocoded","combined_member","NCR00683","AMP Transmission, L.L.C.",,"AMP","AMP Transmission","AMP Transmission","major",,,,"AMPT","official_website","[]","American Municipal Power Inc.","RF","[""TO""]","municipal","2","[""duplicate_label"",""nearby_label_collision""]","[""NCR00683"",""NCR10042""]","[""NCR00683""]"
"334","NCR12190","geocoded","combined_member","NCR12188","Assembly Solar III, LLC",,"Assembly","Assembly Solar III","Assembly Solar III","normal",,,,"Assembly Solar III","common_market_name","[]",,"RF","[""GO""]","merchant","2","[""duplicate_label"",""nearby_label_collision""]","[""NCR12188""]","[""NCR12188""]"
"335","NCR13048","geocoded","combined_member","NCR13047","AWAM - Angelo Solar",,"AWAM","AWAM Angelo Solar","AWAM Angelo Solar","normal",,,,"AWAM","nerc_cores","[]",,"Texas RE","[""GOP""]",,"2","[""duplicate_label"",""nearby_label_collision""]","[""NCR12300"",""NCR12560"",""NCR13011"",""NCR13026"",""NCR13043"",""NCR13060"",""NCR13086"",""NCR13101"",""NCR13259"",""NCR13281"",""NCR13555""]","[""NCR13086""]"
"336","NCR13086","geocoded","combined_member","NCR13085","AWAM - Angelo Storage",,"AWAM","AWAM Angelo Storage","AWAM Angelo Storage","normal",,,,"AWAM","nerc_cores","[]",,"Texas RE","[""GOP""]",,"2","[""duplicate_label"",""nearby_label_collision""]","[""NCR12300"",""NCR12560"",""NCR13011"",""NCR13026"",""NCR13043"",""NCR13048"",""NCR13060"",""NCR13101"",""NCR13259"",""NCR13281"",""NCR13555""]","[""NCR13048""]"
"337","NCR13555","geocoded","combined_member","NCR13557","AWAM - Lotus Wind",,"AWAM","AWAM Lotus Wind","AWAM Lotus Wind","normal",,,,"AWAM","name_initialism","[]",,"SERC","[""GOP""]",,"2","[""duplicate_label"",""nearby_label_collision""]","[""NCR12300"",""NCR12560"",""NCR13011"",""NCR13026"",""NCR13043"",""NCR13048"",""NCR13060"",""NCR13086"",""NCR13101"",""NCR13259"",""NCR13281""]","[""NCR13060""]"
"338","NCR13060","geocoded","combined_member","NCR13062","AWAM - Prosperity Wind",,"AWAM","AWAM Prosperity Wind","AWAM Prosperity Wind","normal",,,,"AWAM","name_initialism","[]",,"SERC","[""GOP""]",,"2","[""duplicate_label"",""nearby_label_collision""]","[""NCR12300"",""NCR12560"",""NCR13011"",""NCR13026"",""NCR13043"",""NCR13048"",""NCR13086"",""NCR13101"",""NCR13259"",""NCR13281"",""NCR13555""]","[""NCR13555""]"
"339","NCR13516","geocoded","combined_member","NCR13515","Bluegrass Solar, LLC (2)",,"Bluegrass","Bluegrass Solar 2","Bluegrass Solar 2","normal",,,,"Bluegrass Solar","common_market_name","[]","MN8 Energy LLC","RF","[""GO""]","merchant","2","[""duplicate_label"",""nearby_label_collision""]","[""NCR13515""]","[""NCR13515""]"
"340","NCR12431","geocoded","combined_member","NCR12430","BPL Sol Solar, LLC",,"BPL","BPL Sol Solar","BPL Sol Solar","normal",,,,"BPL Sol","name_initialism","[]",,"Texas RE","[""GO""]",,"2","[""duplicate_label"",""nearby_label_collision""]","[""NCR12378"",""NCR12430""]","[""NCR12378"",""NCR12430""]"
"341","NCR04034","geocoded","combined_member","NCR04033","City of Garland",,"GP&L","City of Garland","City of Garland","major",,,,"GP&L","official_website","[]",,"Texas RE","[""GOP""]",,"2","[""duplicate_label"",""nearby_label_collision""]","[""NCR04033"",""NCR04035""]","[""NCR04033"",""NCR04035""]"
"342","NCR04035","geocoded","combined_member","NCR04033","City of Garland",,"GP&L","City of Garland","City of Garland","normal",,,,"GP&L","official_website","[]",,"Texas RE","[""GO""]",,"2","[""duplicate_label"",""nearby_label_collision""]","[""NCR04033"",""NCR04034""]","[""NCR04033"",""NCR04034""]"
"343","NCR13099","geocoded","combined_member","NCR01083","Cleco Power LLC",,"Cleco","Cleco Power","Cleco Power","major",,,,"Cleco Power","sec_filing","[]",,"SERC","[""GOP""]",,"2","[""duplicate_label"",""nearby_label_collision""]","[""NCR01083""]","[""NCR01083""]"
"344","NCR11878","geocoded","combined_member","NCR09028","Dominion Energy Generation Marketing, Inc.",,"Dominion","Dominion Energy Generation Marketing","Dominion Energy Generation Marketing","major",,,,"DEGM","name_initialism","[]",,"RF","[""GOP""]",,"2","[""duplicate_label"",""nearby_label_collision""]","[""NCR-SEED-031"",""NCR01214"",""NCR09006"",""NCR09028"",""NCR12287""]","[""NCR-SEED-031"",""NCR01214"",""NCR09006"",""NCR09028"",""NCR12287""]"
"345","NCR11655","geocoded","combined_member","NCR11657","EthosEnergy - San Jacinto County Peaking Facility",,"Ethos","EthosEnergy San Jacinto","EthosEnergy San Jacinto County Peaking Facility","normal",,,,"Ethos SJC","name_initialism","[]",,"SERC","[""GOP""]",,"2","[""duplicate_label"",""nearby_label_collision""]","[""NCR11658"",""NCR11993"",""NCR12410""]","[""NCR11658"",""NCR12410""]"
"346","NCR13365","geocoded","combined_member","NCR13364","Hecate Energy Albany 2 LLC",,"Coeymans","Hecate Energy Albany 2","Hecate Energy Albany 2","normal",,,,"Coeymans 2","common_market_name","[]","Greenbacker Renewable Energy Corporation","NPCC","[""GO""]","merchant","2","[""duplicate_label"",""nearby_label_collision""]","[""NCR13364""]","[""NCR13364""]"
"347","NCR12392","geocoded","combined_member","NCR11859","Heritage Hunterstown",,"Heritage","Heritage Hunterstown","Heritage Hunterstown","normal",,,,"Heritage","name_initialism","[]",,"RF","[""GO""]",,"2","[""duplicate_label"",""nearby_label_collision""]","[""NCR11141"",""NCR12390"",""NCR12391"",""NCR12393"",""NCR12394"",""NCR12395"",""NCR12396"",""NCR12397"",""NCR12398"",""NCR12399""]","[""NCR12393"",""NCR12397"",""NCR12398"",""NCR12399""]"
"348","NCR11718","geocoded","combined_member","NCR11694","Invenergy Services LLC",,"Invenergy","Invenergy Services","Invenergy Services","major",,,,"Invenergy Services","official_website","[]","Invenergy","MRO","[""GOP""]","merchant","2","[""duplicate_label"",""nearby_label_collision""]","[""NCR10244"",""NCR11513"",""NCR11694"",""NCR12072"",""NCR12075"",""NCR12076"",""NCR12128"",""NCR12203"",""NCR12250"",""NCR12251"",""NCR12271"",""NCR12280"",""NCR12329"",""NCR12448"",""NCR12468"",""NCR12550"",""NCR12554"",""NCR13032"",""NCR13055"",""NCR13069"",""NCR13073"",""NCR13083"",""NCR13116"",""NCR13193"",""NCR13194"",""NCR13200"",""NCR13204"",""NCR13256"",""NCR13284"",""NCR13359"",""NCR13414""]","[""NCR11694"",""NCR12329""]"
"349","NCR12554","geocoded","combined_member","NCR12555","Invenergy Services-7V",,"Invenergy","Invenergy Services 7V","Invenergy Services-7V","major",,,,"7V Solar","common_market_name","[]",,"Texas RE","[""GOP""]",,"2","[""duplicate_label"",""nearby_label_collision""]","[""NCR10244"",""NCR11513"",""NCR11694"",""NCR11718"",""NCR12072"",""NCR12075"",""NCR12076"",""NCR12128"",""NCR12203"",""NCR12250"",""NCR12251"",""NCR12271"",""NCR12280"",""NCR12329"",""NCR12448"",""NCR12468"",""NCR12550"",""NCR13032"",""NCR13055"",""NCR13069"",""NCR13073"",""NCR13083"",""NCR13116"",""NCR13193"",""NCR13194"",""NCR13200"",""NCR13204"",""NCR13256"",""NCR13284"",""NCR13359"",""NCR13414""]","[""NCR12271"",""NCR13359""]"
"350","NCR12448","geocoded","combined_member","NCR12188","Invenergy Services-Assembly",,"Invenergy","Invenergy Services Assembly","Invenergy Services-Assembly","major",,,,"Invenerg","name_initialism","[]",,"RF","[""GOP""]",,"2","[""duplicate_label"",""nearby_label_collision""]","[""NCR10244"",""NCR11513"",""NCR11694"",""NCR11718"",""NCR12072"",""NCR12075"",""NCR12076"",""NCR12128"",""NCR12203"",""NCR12250"",""NCR12251"",""NCR12271"",""NCR12280"",""NCR12329"",""NCR12468"",""NCR12550"",""NCR12554"",""NCR13032"",""NCR13055"",""NCR13069"",""NCR13073"",""NCR13083"",""NCR13116"",""NCR13193"",""NCR13194"",""NCR13200"",""NCR13204"",""NCR13256"",""NCR13284"",""NCR13359"",""NCR13414""]","[""NCR13414""]"
"351","NCR12271","geocoded","combined_member","NCR12269","Invenergy Services-Brazoria County",,"Invenergy","Invenergy Services Brazoria County","Invenergy Services-Brazoria County","major",,,,"Brazoria Solar","common_market_name","[]",,"Texas RE","[""GOP""]",,"2","[""duplicate_label"",""nearby_label_collision""]","[""NCR10244"",""NCR11513"",""NCR11694"",""NCR11718"",""NCR12072"",""NCR12075"",""NCR12076"",""NCR12128"",""NCR12203"",""NCR12250"",""NCR12251"",""NCR12280"",""NCR12329"",""NCR12448"",""NCR12468"",""NCR12550"",""NCR12554"",""NCR13032"",""NCR13055"",""NCR13069"",""NCR13073"",""NCR13083"",""NCR13116"",""NCR13193"",""NCR13194"",""NCR13200"",""NCR13204"",""NCR13256"",""NCR13284"",""NCR13359"",""NCR13414""]","[""NCR12554""]"
"352","NCR13359","geocoded","combined_member","NCR13358","Invenergy Services-Grimes Solar",,"Invenergy","Invenergy Services Grimes Solar","Invenergy Services-Grimes Solar","major",,,,"Grimes Solar","common_market_name","[]",,"Texas RE","[""GOP""]",,"2","[""duplicate_label"",""nearby_label_collision""]","[""NCR10244"",""NCR11513"",""NCR11694"",""NCR11718"",""NCR12072"",""NCR12075"",""NCR12076"",""NCR12128"",""NCR12203"",""NCR12250"",""NCR12251"",""NCR12271"",""NCR12280"",""NCR12329"",""NCR12448"",""NCR12468"",""NCR12550"",""NCR12554"",""NCR13032"",""NCR13055"",""NCR13069"",""NCR13073"",""NCR13083"",""NCR13116"",""NCR13193"",""NCR13194"",""NCR13200"",""NCR13204"",""NCR13256"",""NCR13284"",""NCR13414""]","[""NCR12554""]"
"353","NCR13194","geocoded","combined_member","NCR13192","Invenergy Services-Huntington",,"Invenergy","Invenergy Services Huntington","Invenergy Services-Huntington","major",,,,"Invenergy-Huntington","name_initialism","[]",,"WECC","[""GOP""]",,"2","[""duplicate_label"",""nearby_label_collision""]","[""NCR10244"",""NCR11513"",""NCR11694"",""NCR11718"",""NCR12072"",""NCR12075"",""NCR12076"",""NCR12128"",""NCR12203"",""NCR12250"",""NCR12251"",""NCR12271"",""NCR12280"",""NCR12329"",""NCR12448"",""NCR12468"",""NCR12550"",""NCR12554"",""NCR13032"",""NCR13055"",""NCR13069"",""NCR13073"",""NCR13083"",""NCR13116"",""NCR13193"",""NCR13200"",""NCR13204"",""NCR13256"",""NCR13284"",""NCR13359"",""NCR13414""]","[""NCR13200""]"
"354","NCR12468","geocoded","combined_member","NCR12120","Invenergy Services-Rancho Seco II",,"Invenergy","Invenergy Services Rancho Seco II","Invenergy Services-Rancho Seco II","major",,,,"Invenergy-RSII","name_initialism","[]",,"WECC","[""GOP""]",,"2","[""duplicate_label"",""nearby_label_collision""]","[""NCR10244"",""NCR11513"",""NCR11694"",""NCR11718"",""NCR12072"",""NCR12075"",""NCR12076"",""NCR12128"",""NCR12203"",""NCR12250"",""NCR12251"",""NCR12271"",""NCR12280"",""NCR12329"",""NCR12448"",""NCR12550"",""NCR12554"",""NCR13032"",""NCR13055"",""NCR13069"",""NCR13073"",""NCR13083"",""NCR13116"",""NCR13193"",""NCR13194"",""NCR13200"",""NCR13204"",""NCR13256"",""NCR13284"",""NCR13359"",""NCR13414""]","[""NCR13204""]"
"355","NCR13284","geocoded","combined_member","NCR10235","Invenergy Services-Silver Star",,"Invenergy","Invenergy Services Silver Star","Invenergy Services-Silver Star","major",,,,"Silver Star","common_market_name","[]",,"Texas RE","[""GOP""]",,"2","[""duplicate_label"",""nearby_label_collision""]","[""NCR10244"",""NCR11513"",""NCR11694"",""NCR11718"",""NCR12072"",""NCR12075"",""NCR12076"",""NCR12128"",""NCR12203"",""NCR12250"",""NCR12251"",""NCR12271"",""NCR12280"",""NCR12329"",""NCR12448"",""NCR12468"",""NCR12550"",""NCR12554"",""NCR13032"",""NCR13055"",""NCR13069"",""NCR13073"",""NCR13083"",""NCR13116"",""NCR13193"",""NCR13194"",""NCR13200"",""NCR13204"",""NCR13256"",""NCR13359"",""NCR13414""]","[""NCR12251""]"
"356","NCR13204","geocoded","combined_member","NCR13203","Invenergy Services-SloughHouse",,"Invenergy","Invenergy Services SloughHouse","Invenergy Services-SloughHouse","major",,,,"Invenergy-SloughHouse","name_initialism","[]",,"WECC","[""GOP""]",,"2","[""duplicate_label"",""nearby_label_collision""]","[""NCR10244"",""NCR11513"",""NCR11694"",""NCR11718"",""NCR12072"",""NCR12075"",""NCR12076"",""NCR12128"",""NCR12203"",""NCR12250"",""NCR12251"",""NCR12271"",""NCR12280"",""NCR12329"",""NCR12448"",""NCR12468"",""NCR12550"",""NCR12554"",""NCR13032"",""NCR13055"",""NCR13069"",""NCR13073"",""NCR13083"",""NCR13116"",""NCR13193"",""NCR13194"",""NCR13200"",""NCR13256"",""NCR13284"",""NCR13359"",""NCR13414""]","[""NCR12468""]"
"357","NCR12251","geocoded","combined_member","NCR11205","Invenergy Services-Trinity Hills",,"Invenergy","Invenergy Services Trinity Hills","Invenergy Services-Trinity Hills","major",,,,"Trinity Hills","common_market_name","[]",,"Texas RE","[""GOP""]",,"2","[""duplicate_label"",""nearby_label_collision""]","[""NCR10244"",""NCR11513"",""NCR11694"",""NCR11718"",""NCR12072"",""NCR12075"",""NCR12076"",""NCR12128"",""NCR12203"",""NCR12250"",""NCR12271"",""NCR12280"",""NCR12329"",""NCR12448"",""NCR12468"",""NCR12550"",""NCR12554"",""NCR13032"",""NCR13055"",""NCR13069"",""NCR13073"",""NCR13083"",""NCR13116"",""NCR13193"",""NCR13194"",""NCR13200"",""NCR13204"",""NCR13256"",""NCR13284"",""NCR13359"",""NCR13414""]","[""NCR12550"",""NCR13284""]"
"358","NCR13414","geocoded","combined_member","NCR13413","Invenergy Services-White Tail",,"Invenergy","Invenergy Services White Tail","Invenergy Services-White Tail","major",,,,"Invenerg","name_initialism","[]",,"RF","[""GOP""]",,"2","[""duplicate_label"",""nearby_label_collision""]","[""NCR10244"",""NCR11513"",""NCR11694"",""NCR11718"",""NCR12072"",""NCR12075"",""NCR12076"",""NCR12128"",""NCR12203"",""NCR12250"",""NCR12251"",""NCR12271"",""NCR12280"",""NCR12329"",""NCR12448"",""NCR12468"",""NCR12550"",""NCR12554"",""NCR13032"",""NCR13055"",""NCR13069"",""NCR13073"",""NCR13083"",""NCR13116"",""NCR13193"",""NCR13194"",""NCR13200"",""NCR13204"",""NCR13256"",""NCR13284"",""NCR13359""]","[""NCR12448""]"
"359","NCR13120","geocoded","combined_member","NCR12470","Jicarilla 2",,"Jicarilla","Jicarilla 2","Jicarilla 2","normal",,,,"Jicarilla 2","common_market_name","[]",,"WECC","[""GOP""]",,"2","[""duplicate_label"",""nearby_label_collision""]","[""NCR13119""]","[""NCR13119""]"
"360","NCR13074","geocoded","combined_member","NCR13103","JP Remote Operations Center II LLC",,"J-Power","J-POWER USA ROC II","JP Remote Operations Center II","normal",,,,"J-Power USA","common_market_name","[]",,"RF","[""GOP""]",,"2","[""duplicate_label"",""nearby_label_collision""]","[""NCR13103""]","[""NCR13103""]"
"361","NCR13050","geocoded","combined_member","NCR12442","Longbow BESS, LLC",,"Longbow","Longbow BESS","Longbow BESS","normal",,,,"Longbow BESS","name_initialism","[]",,"Texas RE","[""GO""]",,"2","[""duplicate_label"",""nearby_label_collision""]","[""NCR12442""]","[""NCR12442""]"
"362","NCR11635","geocoded","combined_member","NCR11538","Los Vientos Windpower IV, LLC",,"Los Vientos","Los Vientos IV","Los Vientos Windpower IV","normal",,,,"Los Vientos IV","name_initialism","[]",,"Texas RE","[""GO""]",,"2","[""duplicate_label"",""nearby_label_collision""]","[""NCR11266"",""NCR11267"",""NCR11538"",""NCR11603""]","[""NCR11266"",""NCR11267"",""NCR11538"",""NCR11603""]"
"363","NCR04092","geocoded","combined_member","NCR04093","Lower Colorado River Authority",,"LCRA","Lower Colorado River Authority","Lower Colorado River Authority","major",,,,"LCRA","official_website","[]",,"Texas RE","[""GOP""]",,"2","[""duplicate_label"",""nearby_label_collision""]","[""NCR-SEED-052"",""NCR04091"",""NCR04093""]","[""NCR-SEED-052"",""NCR04091"",""NCR04093""]"
"364","NCR05256","geocoded","combined_member","NCR00303","Municipal Energy Agency of Nebraska",,"MEAN","Municipal Energy Agency of Nebraska","Municipal Energy Agency of Nebraska","normal",,,,"MEAN","official_website","[]",,"WECC","[""RP""]",,"2","[""duplicate_label"",""nearby_label_collision""]","[""NCR00303""]","[""NCR00303""]"
"365","NCR11518","geocoded","combined_member","NCR10347","NAES - Panoche",,"Panoche","NAES Panoche","NAES Panoche","normal",,,,"NAES Panoche","name_initialism","[]",,"WECC","[""GOP""]",,"2","[""duplicate_label"",""nearby_label_collision""]","[""NCR11940""]","[""NCR11940""]"
"366","NCR00839","geocoded","combined_member","NCR00690","NAES Corporation - Big Sandy",,"Big Sandy","NAES Big Sandy","Big Sandy Power","normal",,,,"NAES Big Sandy","name_initialism","[]",,"RF","[""GOP""]",,"2","[""duplicate_label"",""nearby_label_collision""]","[""NCR00690""]","[""NCR00690""]"
"367","NCR11911","geocoded","combined_member","NCR11910","NAES Corporation - Birdsboro Power",,"Birdsboro","NAES Birdsboro Power","Birdsboro Power","normal",,,,"NAES Birdsboro","name_initialism","[]",,"RF","[""GOP""]",,"2","[""duplicate_label"",""nearby_label_collision""]","[""NCR11910""]","[""NCR11910""]"
"368","NCR11705","geocoded","combined_member","NCR10382","NAES Corporation - Castleton Power",,"Castleton","NAES Castleton Power","Castleton Power","normal",,,,"CastP","name_initialism","[]",,"NPCC","[""GOP""]","merchant","2","[""duplicate_label"",""nearby_label_collision""]","[""NCR10382""]","[""NCR10382""]"
"369","NCR06054","geocoded","combined_member","NCR11250","NAES Corporation - Dogwood",,"Dogwood","NAES Dogwood","Dogwood Power","normal",,,,"NAES Dogwood","name_initialism","[]","NAES Corporation","MRO","[""GOP""]","merchant","2","[""duplicate_label"",""nearby_label_collision""]","[""NCR11250""]","[""NCR11250""]"
"370","NCR11729","geocoded","combined_member","NCR11061","NAES Corporation - Empire",,"Empire","NAES Empire","Empire Generating Station","normal",,,,"Empire","name_initialism","[]",,"NPCC","[""GOP""]","merchant","2","[""duplicate_label"",""nearby_label_collision""]","[""NCR01155"",""NCR11061""]","[""NCR11061""]"
"371","NCR01283","geocoded","combined_member","NCR01255","NAES Corporation - Holland",,"Holland","NAES Holland","Holland Energy Facility","normal",,,,"NAES-Holland","name_initialism","[]",,"SERC","[""GOP""]",,"2","[""duplicate_label"",""nearby_label_collision""]","[""NCR01255""]","[""NCR01255""]"
"372","NCR12367","geocoded","combined_member","NCR11493","NAES Corporation - Major Oak Power, LLC",,"Major Oak","NAES Major Oak Power","Major Oak Power","normal",,,,"NAES-Major Oak","name_initialism","[]",,"Texas RE","[""GOP""]",,"2","[""duplicate_label"",""nearby_label_collision""]","[""NCR11493""]","[""NCR11493""]"
"373","NCR11589","geocoded","combined_member","NCR05320","NAES Corporation - Plains End",,"Plains End","NAES Plains End","Plains End Power","normal",,,,"NAES Plains End","name_initialism","[]",,"WECC","[""GOP""]",,"2","[""duplicate_label"",""nearby_label_collision""]","[""NCR05320""]","[""NCR05320""]"
"374","NCR13061","geocoded","combined_member","NCR11367","NAES Corporation - South Boston Energy",,"S. Boston","NAES South Boston Energy","South Boston Energy","normal",,,,"South Boston Energy","eia_861","[]",,"SERC","[""GOP""]",,"2","[""duplicate_label"",""nearby_label_collision""]","[""NCR11367""]","[""NCR11367""]"
"375","NCR00849","geocoded","combined_member","NCR00953","NAES Corporation - Wolf Hills",,"Wolf Hills","NAES Wolf Hills","Wolf Hills Energy","normal",,,,"NAES Wolf Hills","name_initialism","[]",,"RF","[""GOP""]",,"2","[""duplicate_label"",""nearby_label_collision""]","[""NCR00953""]","[""NCR00953""]"
"376","NCR12402","geocoded","combined_member","NCR11859","NAES Corporation Heritage Hunterstown",,"Hunterstown","Heritage Hunterstown","Heritage Hunterstown","normal",,,,"Hunterstown","common_market_name","[]",,"RF","[""GOP""]",,"2","[""duplicate_label"",""nearby_label_collision""]","[""NCR11859""]","[""NCR11859""]"
"377","NCR12134","geocoded","combined_member","NCR12133","NAES Corporation-Hill Top Energy",,"Hill Top","NAES Hill Top Energy","Hill Top Energy","normal",,,,"Hill Top","common_market_name","[]",,"RF","[""GOP""]",,"2","[""duplicate_label"",""nearby_label_collision""]","[""NCR12133""]","[""NCR12133""]"
"378","NCR11127","geocoded","combined_member","NCR11126","NAES Corporation-Kleen Energy Systems, LLC.",,"Kleen","NAES Kleen Energy","Kleen Energy Systems","normal",,,,"Kleen","common_market_name","[]",,"NPCC","[""GOP""]","merchant","2","[""duplicate_label"",""nearby_label_collision""]","[""NCR11126""]","[""NCR11126""]"
"379","NCR11181","geocoded","combined_member","NCR11182","NAES Corporation-Sandy Creek Energy Station",,"Sandy Creek","NAES Sandy Creek","Sandy Creek Energy Station","normal",,,,"NAES-Sandy Creek","name_initialism","[]",,"Texas RE","[""GOP""]",,"2","[""duplicate_label"",""nearby_label_collision""]","[""NCR11182""]","[""NCR11182""]"
"380","NCR12273","geocoded","combined_member","NCR11346","NRG Energy Services LLC-Petra Nova",,"NRG","NRG Petra Nova","NRG Energy Services Petra Nova","major",,,,"NRG Petra Nova","name_initialism","[]",,"Texas RE","[""GOP""]",,"2","[""duplicate_label"",""nearby_label_collision""]","[""NCR05141"",""NCR10090"",""NCR10326"",""NCR11148"",""NCR11150"",""NCR11584"",""NCR11642"",""NCR11715"",""NCR11730"",""NCR11854"",""NCR12371""]","[""NCR10090"",""NCR10326""]"
"381","NCR12507","geocoded","combined_member","NCR13464","QE Solar, LLC",,"QE Solar","QE Solar","QE Solar","normal",,,,"QE Solar","official_website","[]",,"NPCC","[""GOP""]","other","2","[""duplicate_label"",""nearby_label_collision""]","[""NCR13464""]","[""NCR13464""]"
"382","NCR12156","geocoded","combined_member","NCR13538","RES America Asset Management - Chisholm",,"RES","RES Chisholm","RES America Asset Management Chisholm","major",,,,"Chisholm","common_market_name","[]",,"Texas RE","[""GOP""]",,"2","[""duplicate_label"",""nearby_label_collision""]","[""NCR12469"",""NCR12497"",""NCR13127"",""NCR13538""]","[""NCR13538""]"
"383","NCR11383","geocoded","combined_member","NCR13518","RWE Clean Energy QSE, LLC",,"RWE","RWE Clean Energy QSE","RWE Clean Energy QSE","major",,,,"RWE DCE","official_website","[]",,"Texas RE","[""GOP""]",,"2","[""duplicate_label"",""nearby_label_collision""]","[""NCR11605"",""NCR12482"",""NCR13518""]","[""NCR13518""]"
"384","NCR01322","geocoded","combined_member","NCR11695","Southern Power Company",,"Southern Power","Southern Power Company","Southern Power Company","normal",,,,"Southern Power","official_website","[]","The Southern Company","NPCC","[""GO""]","other","2","[""length_13_to_15"",""duplicate_label"",""nearby_label_collision""]","[""NCR11221"",""NCR11396"",""NCR12021""]","[""NCR11396"",""NCR12021""]"
"385","NCR12021","geocoded","combined_member","NCR11695","Southern Power Company",,"Southern Power","Southern Power","Southern Power Company","normal",,,,"Southern Power","eia_861","[]",,"RF","[""GO""]",,"2","[""length_13_to_15"",""duplicate_label"",""nearby_label_collision""]","[""NCR01322"",""NCR11221"",""NCR11396""]","[""NCR01322"",""NCR11396""]"
"386","NCR13147","geocoded","combined_member","NCR12438","St. Gall Energy Storage II LLC",,"St Gall","St. Gall Energy Storage II","St. Gall Energy Storage II","normal",,,,"St Gall II","name_initialism","[]",,"Texas RE","[""GO""]",,"2","[""duplicate_label"",""nearby_label_collision""]","[""NCR12438""]","[""NCR12438""]"
"387","NCR-SEED-004","geocoded","retired_seed",,"Southwest Power Pool, Inc.",,"SPP","Southwest Power Pool","Southwest Power Pool, Inc.","major",,,,"SPP","common_market_name","[]",,"MRO","[""RC"",""BA"",""TOP"",""TP"",""PC"",""TSP"",""RP"",""RSG""]","ISO_RTO","45","[""duplicate_label"",""nearby_label_collision""]","[""NCR01143""]","[""NCR01143""]"
"388","NCR-SEED-002","geocoded","retired_seed",,"Midcontinent Independent System Operator, Inc.",,"MISO","Midcontinent ISO","Midcontinent Independent System Operator, Inc.","major",,,,"MISO","common_market_name","[]",,"RF","[""RC"",""BA"",""TOP"",""TP"",""PC"",""TSP"",""RP""]","ISO_RTO","42","[""duplicate_label"",""nearby_label_collision""]","[""NCR00826""]","[""NCR00826""]"
"389","NCR-SEED-001","geocoded","retired_seed",,"PJM Interconnection, LLC",,"PJM","PJM","PJM Interconnection","major",,,,"PJM","common_market_name","[]",,"RF","[""RC"",""BA"",""TOP"",""TP"",""PC"",""TSP"",""RP""]","ISO_RTO","42","[""duplicate_label"",""nearby_label_collision""]","[""NCR00879""]","[""NCR00879""]"
"390","NCR-SEED-020","geocoded","retired_seed",,"Duke Energy Carolinas, LLC",,"DEC","Duke Energy Carolinas","Duke Energy Carolinas, LLC","major",,,,"DEC","common_market_name","[]",,"SERC","[""BA"",""TO"",""TOP"",""DP"",""GO"",""GOP"",""LSE"",""TSP"",""TP"",""PC"",""RP""]","IOU","41","[""duplicate_label"",""nearby_label_collision""]","[""NCR01219""]","[""NCR01219""]"
"391","NCR-SEED-027","geocoded","retired_seed",,"Florida Power & Light Company",,"FPL","Florida Power & Light","Florida Power & Light Company","major",,,,"FPL","common_market_name","[]",,"SERC","[""BA"",""TO"",""TOP"",""DP"",""GO"",""GOP"",""LSE"",""TSP"",""TP"",""PC"",""RP""]","IOU","41","[""duplicate_label"",""nearby_label_collision""]","[""NCR00024""]","[""NCR00024""]"
"392","NCR-SEED-003","geocoded","retired_seed",,"California Independent System Operator",,"CAISO","California ISO","California Independent System Operator","major",,,,"CAISO","common_market_name","[]",,"WECC","[""RC"",""BA"",""TOP"",""TP"",""PC"",""TSP""]","ISO_RTO","40","[""duplicate_label"",""nearby_label_collision""]","[""NCR05048""]","[""NCR05048""]"
"393","NCR-SEED-007","geocoded","retired_seed",,"Electric Reliability Council of Texas, Inc.",,"ERCOT","Electric Reliability Council of Texas","Electric Reliability Council of Texas, Inc.","major",,,,"ERCOT","common_market_name","[]",,"Texas RE","[""RC"",""BA"",""TOP"",""TP"",""PC"",""TSP""]","ISO_RTO","40","[""duplicate_label"",""nearby_label_collision""]","[""NCR04056""]","[""NCR04056""]"
"394","NCR-SEED-005","geocoded","retired_seed",,"ISO New England Inc.",,"ISO-NE","ISO New England","ISO New England Inc.","major",,,,"ISO-NE","common_market_name","[]",,"NPCC","[""RC"",""BA"",""TOP"",""TP"",""PC"",""TSP""]","ISO_RTO","40","[""duplicate_label"",""nearby_label_collision""]","[""NCR07124""]","[""NCR07124""]"
"395","NCR-SEED-006","geocoded","retired_seed",,"New York Independent System Operator",,"NYISO","New York ISO","New York Independent System Operator","major",,,,"NYISO","common_market_name","[]",,"NPCC","[""RC"",""BA"",""TOP"",""TP"",""PC"",""TSP""]","ISO_RTO","40","[""duplicate_label"",""nearby_label_collision""]","[""NCR07160""]","[""NCR07160""]"
"396","NCR-SEED-025","geocoded","retired_seed",,"Tennessee Valley Authority",,"TVA","Tennessee Valley Authority","Tennessee Valley Authority","major",,,,"TVA","common_market_name","[]",,"SERC","[""BA"",""TO"",""TOP"",""GO"",""GOP"",""TSP"",""TP"",""PC"",""RP""]","federal","38","[""duplicate_label"",""nearby_label_collision""]","[""NCR01151""]","[""NCR01151""]"
"397","NCR-SEED-054","geocoded","retired_seed",,"Bonneville Power Administration",,"BPA","Bonneville Power Administration","Bonneville Power Administration","major",,,,"BPA","common_market_name","[]",,"WECC","[""BA"",""TO"",""TOP"",""DP"",""GOP"",""TSP"",""TP"",""PC"",""RP""]","federal","37","[""duplicate_label"",""nearby_label_collision""]","[""NCR05032""]","[""NCR05032""]"
"398","NCR-SEED-015","geocoded","retired_seed",,"PacifiCorp",,"PacifiCorp","PacifiCorp","PacifiCorp","major",,,,"PacifiCorp","common_market_name","[]",,"WECC","[""BA"",""TO"",""TOP"",""DP"",""GO"",""GOP"",""LSE"",""TSP"",""TP"",""RP""]","IOU","34","[""duplicate_label"",""nearby_label_collision""]","[""NCR05304""]","[""NCR05304""]"
"399","NCR-SEED-034","geocoded","retired_seed",,"DTE Electric Company",,"DTE","DTE Electric","DTE Electric Company","major",,,,"DTE","common_market_name","[]",,"RF","[""BA"",""TO"",""TOP"",""DP"",""GO"",""GOP"",""LSE"",""TSP"",""TP""]","IOU","32","[""duplicate_label"",""nearby_label_collision""]","[""NCR00753"",""NCR12192""]","[""NCR00753"",""NCR12192""]"
"400","NCR-SEED-028","geocoded","retired_seed",,"Duke Energy Florida, LLC",,"Duke","Duke Energy Florida","Duke Energy Florida, LLC","major",,,,"Duke","common_market_name","[]",,"SERC","[""BA"",""TO"",""TOP"",""DP"",""GO"",""GOP"",""LSE"",""TSP"",""TP""]","IOU","32","[""duplicate_label"",""nearby_label_collision""]","[""NCR00063"",""NCR00761""]","[""NCR00063""]"
"401","NCR-SEED-021","geocoded","retired_seed",,"Duke Energy Progress, LLC",,"DEP","Duke Energy Progress","Duke Energy Progress, LLC","major",,,,"DEP","common_market_name","[]",,"SERC","[""BA"",""TO"",""TOP"",""DP"",""GO"",""GOP"",""LSE"",""TSP"",""TP""]","IOU","32","[""duplicate_label"",""nearby_label_collision""]","[""NCR01298""]","[""NCR01298""]"
"402","NCR-SEED-014","geocoded","retired_seed",,"Idaho Power Company",,"Idaho","Idaho Power","Idaho Power Company","major",,,,"Idaho","common_market_name","[]",,"WECC","[""BA"",""TO"",""TOP"",""DP"",""GO"",""GOP"",""LSE"",""TSP"",""TP""]","IOU","32","[""duplicate_label"",""nearby_label_collision""]","[""NCR05191""]","[""NCR05191""]"
"403","NCR-SEED-018","geocoded","retired_seed",,"Public Service Company of New Mexico",,"PNM","Public Service of New Mexico","Public Service Company of New Mexico","major",,,,"PNM","common_market_name","[]",,"WECC","[""BA"",""TO"",""TOP"",""DP"",""GO"",""GOP"",""LSE"",""TSP"",""TP""]","IOU","32","[""duplicate_label"",""nearby_label_collision""]","[""NCR05333""]","[""NCR05333""]"
"404","NCR-SEED-016","geocoded","retired_seed",,"Puget Sound Energy, Inc.",,"PSE","Puget Sound Energy","Puget Sound Energy, Inc.","major",,,,"PSE","common_market_name","[]",,"WECC","[""BA"",""TO"",""TOP"",""DP"",""GO"",""GOP"",""LSE"",""TSP"",""TP""]","IOU","32","[""duplicate_label"",""nearby_label_collision""]","[""NCR05344""]","[""NCR05344""]"
"405","NCR-SEED-046","geocoded","retired_seed",,"Southwestern Public Service Company",,"SPS","Southwestern Public Service","Southwestern Public Service Company","normal",,,,"SPS","common_market_name","[]",,"MRO","[""BA"",""TO"",""TOP"",""GO"",""GOP"",""LSE"",""TSP"",""TP""]","IOU","31","[""duplicate_label"",""nearby_label_collision""]","[""NCR01145""]","[""NCR01145""]"
"406","NCR-SEED-030","geocoded","retired_seed",,"JEA",,"JEA","JEA","JEA","major",,,,"JEA","common_market_name","[]",,"SERC","[""BA"",""TO"",""TOP"",""DP"",""GO"",""GOP"",""LSE"",""TSP""]","municipal","28","[""duplicate_label"",""nearby_label_collision""]","[""NCR00040""]","[""NCR00040""]"
"407","NCR-SEED-045","geocoded","retired_seed",,"Omaha Public Power District",,"OPPD","Omaha Public Power District","Omaha Public Power District","major",,,,"OPPD","common_market_name","[]",,"MRO","[""BA"",""GO"",""GOP"",""TO"",""TOP"",""DP"",""LSE"",""TSP""]","municipal","28","[""duplicate_label"",""nearby_label_collision""]","[""NCR00860""]","[""NCR00860""]"
"408","NCR-SEED-029","geocoded","retired_seed",,"Tampa Electric Company",,"TECO","Tampa Electric","Tampa Electric Company","major",,,,"TECO","common_market_name","[]",,"SERC","[""BA"",""TO"",""TOP"",""DP"",""GO"",""GOP"",""LSE"",""TSP""]","IOU","28","[""duplicate_label"",""nearby_label_collision""]","[""NCR00074""]","[""NCR00074""]"
"409","NCR-SEED-049","geocoded","retired_seed",,"Nebraska Public Power District",,"NPPD","Nebraska Public Power District","Nebraska Public Power District","major",,,,"NPPD","common_market_name","[]",,"MRO","[""BA"",""GO"",""GOP"",""TO"",""TOP"",""TSP"",""LSE""]","municipal","27","[""duplicate_label"",""nearby_label_collision""]","[""NCR01018""]","[""NCR01018""]"
"410","NCR-SEED-026","geocoded","retired_seed",,"Associated Electric Cooperative, Inc.",,"AECI","Associated Electric Cooperative","Associated Electric Cooperative, Inc.","major",,,,"AECI","common_market_name","[]",,"SERC","[""BA"",""GO"",""GOP"",""TO"",""TOP"",""TSP""]","cooperative","25","[""duplicate_label"",""nearby_label_collision""]","[""NCR01177""]","[""NCR01177""]"
"411","NCR-SEED-059","geocoded","retired_seed",,"Sunflower Electric Power Corporation",,"Sunflower","Sunflower Electric","Sunflower Electric Power Corporation","major",,,,"Sunflower","official_website","[]",,"MRO","[""BA"",""GO"",""GOP"",""TO"",""TOP"",""TSP""]","cooperative","25","[""duplicate_label"",""nearby_label_collision""]","[""NCR01148"",""NCR11702"",""NCR12266"",""NCR12352""]","[""NCR01148""]"
"412","NCR-SEED-011","geocoded","retired_seed",,"Arizona Public Service Company",,"APS","Arizona Public Service","Arizona Public Service Company","major",,,,"APS","common_market_name","[]",,"WECC","[""TO"",""TOP"",""DP"",""GO"",""GOP"",""LSE"",""TSP"",""TP""]","IOU","24","[""duplicate_label"",""nearby_label_collision""]","[""NCR05016""]","[""NCR05016""]"
"413","NCR-SEED-035","geocoded","retired_seed",,"Consumers Energy Company",,"Consumers","Consumers","Consumers Energy Company","major",,,,"CE","common_market_name","[]",,"RF","[""TO"",""TOP"",""DP"",""GO"",""GOP"",""LSE"",""TSP"",""TP""]","IOU","24","[""duplicate_label"",""nearby_label_collision""]","[""NCR00740""]","[""NCR00740""]"
"414","NCR-SEED-042","geocoded","retired_seed",,"Northern States Power Company - Minnesota",,"NSP","Northern States Power","Northern States Power Company - Minnesota","major",,,,"NSP","common_market_name","[]",,"MRO","[""TO"",""TOP"",""DP"",""GO"",""GOP"",""LSE"",""TSP"",""TP""]","IOU","24","[""duplicate_label"",""nearby_label_collision""]","[""NCR01020""]","[""NCR01020""]"
"415","NCR-SEED-008","geocoded","retired_seed",,"Pacific Gas and Electric Company",,"PG&E","Pacific Gas and Electric","Pacific Gas and Electric Company","major",,,,"PG&E","common_market_name","[]",,"WECC","[""TO"",""TOP"",""DP"",""GO"",""GOP"",""LSE"",""TSP"",""TP""]","IOU","24","[""duplicate_label"",""nearby_label_collision""]","[""NCR05299""]","[""NCR05299""]"
"416","NCR-SEED-017","geocoded","retired_seed",,"Portland General Electric Company",,"PGE","Portland General Electric","Portland General Electric Company","major",,,,"PGE","common_market_name","[]",,"WECC","[""TO"",""TOP"",""DP"",""GO"",""GOP"",""LSE"",""TSP"",""TP""]","IOU","24","[""duplicate_label"",""nearby_label_collision""]","[""NCR05325""]","[""NCR05325""]"
"417","NCR-SEED-012","geocoded","retired_seed",,"Public Service Company of Colorado",,"PSCo","Public Service of Colorado","Public Service Company of Colorado","major",,,,"PSCo","common_market_name","[]",,"WECC","[""TO"",""TOP"",""DP"",""GO"",""GOP"",""LSE"",""TSP"",""TP""]","IOU","24","[""duplicate_label"",""nearby_label_collision""]","[""NCR05521""]","[""NCR05521""]"
"418","NCR-SEED-010","geocoded","retired_seed",,"San Diego Gas & Electric Company",,"SDG&E","San Diego Gas & Electric","San Diego Gas & Electric Company","major",,,,"SDG&E","common_market_name","[]",,"WECC","[""TO"",""TOP"",""DP"",""GO"",""GOP"",""LSE"",""TSP"",""TP""]","IOU","24","[""duplicate_label"",""nearby_label_collision""]","[""NCR05377""]","[""NCR05377""]"
"419","NCR-SEED-031","geocoded","retired_seed",,"Virginia Electric and Power Company",,"Dominion","Dominion Energy Virginia","Virginia Electric and Power Company","major",,,,"Dominion","common_market_name","[]",,"RF","[""TO"",""TOP"",""DP"",""GO"",""GOP"",""LSE"",""TSP"",""TP""]","IOU","24","[""duplicate_label"",""nearby_label_collision""]","[""NCR01214"",""NCR09006"",""NCR09028"",""NCR11878"",""NCR12287""]","[""NCR01214"",""NCR09006"",""NCR09028"",""NCR11878"",""NCR12287""]"
"420","NCR-SEED-036","geocoded","retired_seed",,"American Electric Power Service Corporation",,"AEP","American Electric Power","American Electric Power Service Corporation","major",,,,"AEP","common_market_name","[]",,"RF","[""TOP"",""TP"",""TSP"",""PC"",""RP""]","IOU","24","[""duplicate_label"",""nearby_label_collision""]","[""NCR00682"",""NCR04006"",""NCR11401"",""NCR12527"",""NCR13230""]","[""NCR00682"",""NCR04006"",""NCR11401"",""NCR12527"",""NCR13230""]"
"421","NCR-SEED-009","geocoded","retired_seed",,"Southern California Edison Company",,"SCE","Southern California Edison","Southern California Edison Company","major",,,,"SCE","common_market_name","[]",,"WECC","[""TO"",""TOP"",""DP"",""GOP"",""LSE"",""TSP"",""TP""]","IOU","22","[""duplicate_label"",""nearby_label_collision""]","[""NCR05398""]","[""NCR05398""]"
"422","NCR-SEED-056","geocoded","retired_seed",,"Tri-State Generation and Transmission Association, Inc.",,"Tri-State","Tri-State G&T","Tri-State Generation and Transmission Association, Inc.","major",,,,"Tri-State","common_market_name","[]",,"WECC","[""GO"",""GOP"",""TO"",""TOP"",""TSP"",""TP"",""PSE""]","cooperative","22","[""duplicate_label"",""nearby_label_collision""]","[""NCR10030"",""NCR10102""]","[""NCR10030"",""NCR10102""]"
"423","NCR-SEED-052","geocoded","retired_seed",,"Lower Colorado River Authority",,"LCRA","Lower Colorado River Authority","Lower Colorado River Authority","major",,,,"LCRA","common_market_name","[]",,"Texas RE","[""GO"",""GOP"",""TO"",""TOP"",""TSP"",""TP""]","other","21","[""duplicate_label"",""nearby_label_collision""]","[""NCR04091"",""NCR04092"",""NCR04093""]","[""NCR04091"",""NCR04092"",""NCR04093""]"
"424","NCR-SEED-041","geocoded","retired_seed",,"New York Power Authority",,"NYPA","New York Power Authority","New York Power Authority","major",,,,"NYPA","common_market_name","[]",,"NPCC","[""GO"",""GOP"",""TO"",""TOP"",""TSP"",""TP""]","municipal","21","[""duplicate_label"",""nearby_label_collision""]","[""NCR07161""]","[""NCR07161""]"
"425","NCR-SEED-023","geocoded","retired_seed",,"Alabama Power Company",,"Alabama","Alabama Power","Alabama Power Company","major",,,,"Alabama","common_market_name","[]",,"SERC","[""TO"",""TOP"",""DP"",""GO"",""GOP"",""LSE"",""TSP""]","IOU","20","[""duplicate_label"",""nearby_label_collision""]","[""NCR01166""]","[""NCR01166""]"
"426","NCR-SEED-019","geocoded","retired_seed",,"El Paso Electric Company",,"EPE","El Paso Electric","El Paso Electric Company","major",,,,"EPE","common_market_name","[]",,"WECC","[""TO"",""TOP"",""DP"",""GO"",""GOP"",""LSE"",""TSP""]","IOU","20","[""duplicate_label"",""nearby_label_collision""]","[""NCR05140""]","[""NCR05140""]"
"427","NCR-SEED-022","geocoded","retired_seed",,"Georgia Power Company",,"Georgia","Georgia Power","Georgia Power Company","major",,,,"Georgia","common_market_name","[]",,"SERC","[""TO"",""TOP"",""DP"",""GO"",""GOP"",""LSE"",""TSP""]","IOU","20","[""duplicate_label"",""nearby_label_collision""]","[""NCR01247""]","[""NCR01247""]"
"428","NCR-SEED-047","geocoded","retired_seed",,"Oklahoma Gas and Electric Company",,"OG&E","Oklahoma Gas & Electric","Oklahoma Gas and Electric Company","major",,,,"OG&E","common_market_name","[]",,"MRO","[""TO"",""TOP"",""DP"",""GO"",""GOP"",""LSE"",""TSP""]","IOU","20","[""duplicate_label"",""nearby_label_collision""]","[""NCR01130""]","[""NCR01130""]"
"429","NCR-SEED-044","geocoded","retired_seed",,"Great River Energy",,"GRE","Great River Energy","Great River Energy","major",,,,"GRE","common_market_name","[]",,"MRO","[""GO"",""GOP"",""TO"",""TOP"",""TSP"",""LSE""]","cooperative","19","[""duplicate_label"",""nearby_label_collision""]","[""NCR00992""]","[""NCR00992""]"
"430","NCR-SEED-043","geocoded","retired_seed",,"Basin Electric Power Cooperative",,"Basin","Basin Electric","Basin Electric Power Cooperative","major",,,,"Basin","common_market_name","[]",,"MRO","[""GO"",""GOP"",""TO"",""TOP"",""TSP""]","cooperative","17","[""duplicate_label"",""nearby_label_collision""]","[""NCR00102"",""NCR05023""]","[""NCR00102"",""NCR05023""]"
"431","NCR-SEED-060","geocoded","retired_seed",,"Deseret Generation & Transmission Co-operative",,"Deseret","Deseret G&T","Deseret Generation & Transmission","major",,,,"Deseret Power","official_website","[]",,"WECC","[""GO"",""GOP"",""TO"",""TOP"",""TSP""]","cooperative","17","[""duplicate_label"",""nearby_label_collision""]","[""NCR05126""]","[""NCR05126""]"
"432","NCR-SEED-051","geocoded","retired_seed",,"CPS Energy",,"CPS","CPS Energy","CPS Energy","major",,,,"CPS","common_market_name","[]",,"Texas RE","[""GO"",""GOP"",""TO"",""TOP"",""DP"",""LSE""]","municipal","15","[""duplicate_label"",""nearby_label_collision""]","[""NCR04037"",""SUP-cps-energy""]","[""NCR04037"",""SUP-cps-energy""]"
"433","NCR-SEED-050","geocoded","retired_seed",,"Oncor Electric Delivery Company LLC",,"Oncor","Oncor Electric Delivery","Oncor Electric Delivery","major",,,,"Oncor","common_market_name","[]",,"Texas RE","[""TO"",""TOP"",""DP"",""TSP""]","IOU","14","[""duplicate_label"",""nearby_label_collision""]","[""NCR04109""]","[""NCR04109""]"
"434","NCR-SEED-033","geocoded","retired_seed",,"Commonwealth Edison Company",,"ComEd","Commonwealth Edison","Commonwealth Edison Company","major",,,,"ComEd","common_market_name","[]",,"RF","[""TO"",""TOP"",""DP"",""LSE""]","IOU","11","[""duplicate_label"",""nearby_label_collision""]","[""NCR08013""]","[""NCR08013""]"
"435","NCR-SEED-040","geocoded","retired_seed",,"Niagara Mohawk Power Corporation",,"NiMo","Niagara Mohawk","Niagara Mohawk Power Corporation","major",,,,"NiMo","common_market_name","[]",,"NPCC","[""TO"",""TOP"",""DP"",""LSE""]","IOU","11","[""duplicate_label"",""nearby_label_collision""]","[""NCR07163""]","[""NCR07163""]"
"436","NCR-SEED-032","geocoded","retired_seed",,"Public Service Electric and Gas Company",,"PSE&G","PSE&G","Public Service Electric and Gas Company","major",,,,"PSE&G","common_market_name","[]",,"RF","[""TO"",""TOP"",""DP"",""LSE""]","IOU","11","[""duplicate_label"",""nearby_label_collision""]","[""NCR00896""]","[""NCR00896""]"
"437","NCR-SEED-058","geocoded","retired_seed",,"Calpine Corporation",,"Calpine","Calpine","Calpine Corporation","major",,,,"Calpine","common_market_name","[]",,"Texas RE","[""GO"",""GOP"",""PSE""]","merchant","5","[""duplicate_label"",""nearby_label_collision""]","[""NCR00006""]","[""NCR00006""]"
"438","NCR-SEED-057","geocoded","retired_seed",,"Luminant Generation Company LLC",,"Luminant","Luminant Generation","Luminant Generation Company LLC","normal",,,,"Luminant","common_market_name","[]",,"Texas RE","[""GO"",""GOP""]","merchant","4","[""duplicate_label"",""nearby_label_collision""]","[""NCR10133"",""NCR10219""]","[""NCR10133"",""NCR10219""]"
"439","SUP-bryan-texas-utilities","supplemental","source_only",,"Bryan Texas Utilities",,"BT","","Bryan Texas Utilities","normal",,,,"BT",,"[]",,,"[""DP""]","IOU","1","[""missing_org_names_entry"",""under_3_without_alias_evidence"",""two_letter_label_needs_alias_evidence"",""duplicate_label"",""nearby_label_collision""]","[""NCR12136"",""NCR12345"",""NCR12515"",""NCR13152"",""NCR13229"",""NCR13400"",""NCR13425"",""NCR13528""]","[""NCR13425""]"
"440","SUP-cps-energy","supplemental","source_only",,"CPS Energy",,"CPS","","CPS Energy","normal",,,,"CPS",,"[]",,,"[""DP""]","IOU","1","[""missing_org_names_entry"",""duplicate_label"",""nearby_label_collision""]","[""NCR-SEED-051"",""NCR04037""]","[""NCR-SEED-051"",""NCR04037""]"
"441","SUP-denton-municipal-electric","supplemental","source_only",,"Denton Municipal Electric",,"DME","","Denton Municipal Electric","normal",,,,"DME",,"[]",,,"[""DP""]","municipal","1","[""missing_org_names_entry"",""duplicate_label"",""nearby_label_collision""]","[""NCR04049""]","[""NCR04049""]"
"442","SUP-sacramento-municipal-utility-district","supplemental","source_only",,"Sacramento Municipal Utility District",,"SMUD","","Sacramento Municipal Utility District","normal",,,,"SMUD",,"[]",,,"[""DP""]","municipal","1","[""missing_org_names_entry"",""duplicate_label"",""nearby_label_collision""]","[""NCR05368""]","[""NCR05368""]"
"443","NCR07111","geocoded","published",,"Hydro-Quebec (HQ)","HQ","HQ","Hydro-Quebec","Hydro-Quebec","major",,,,"Hydro-Quebec","official_website","[]",,"NPCC","[""DP"",""GO"",""GOP"",""PC"",""RP"",""TO"",""TP"",""TSP""]","IOU","25","[""under_3_without_alias_evidence"",""two_letter_label_needs_alias_evidence""]","[]","[]"
"444","NCR01081","geocoded","published",,"City Utilities Of Springfield, MO","CU","CU","City Utilities of Springfield","City Utilities of Springfield","normal",,,,"CU","official_website","[]",,"MRO","[""DP"",""GO"",""GOP"",""RP"",""TO"",""TOP"",""TP""]","municipal","19","[""under_3_without_alias_evidence"",""two_letter_label_needs_alias_evidence"",""duplicate_label""]","[""SUP-cleveland-utilities"",""SUP-clinton-utilities-board""]","[]"
"445","NCR11315","geocoded","published",,"FirstEnergy Utilities as agent for American Transmission Systems, Incorporated; The Cleveland Electric Illuminating Company; FirstEnergy Pennsylvania Electric Company; Jersey Central Power & Light Company; Keystone Appalachian Transmission Company; Mid-Atlantic Interstate Transmission; Monongahela Power Company; Ohio Edison Company; The Potomac Edison Company; The Toledo Edison Company; and Trans-Allegheny Interstate Line Company","FE","FE","FirstEnergy Utilities","FirstEnergy","major",,,,"FE","common_market_name","[]",,"RF","[""DP"",""GO"",""GOP"",""TO""]",,"7","[""under_3_without_alias_evidence"",""two_letter_label_needs_alias_evidence"",""duplicate_label""]","[""SUP-franklin-electric-plant-board""]","[]"
"446","NCR12086","geocoded","published",,"2W Permian Solar, LLC","2W","2W","2W Permian Solar","2W Permian Solar","normal",,,,"2W Permian","name_initialism","[]",,"Texas RE","[""GO"",""GOP""]",,"4","[""under_3_without_alias_evidence""]","[]","[]"
"447","NCR07222","geocoded","published",,"United Illuminating Company","UI","UI","United Illuminating","United Illuminating Company","major",,,,"UI","official_website","[]","Avangrid, Inc.","NPCC","[""DP"",""TO""]","IOU","3","[""under_3_without_alias_evidence"",""two_letter_label_needs_alias_evidence""]","[]","[]"
"448","SUP-central-coast-community-energy","supplemental","published",,"Central Coast Community Energy","CC","CC","","Central Coast Community Energy","normal",,,,"CC",,"[]",,,"[""LSE""]","cca","2","[""missing_org_names_entry"",""under_3_without_alias_evidence"",""two_letter_label_needs_alias_evidence"",""duplicate_label""]","[""SUP-centralia-city-light"",""SUP-corbin-city-utilities-commission""]","[]"
"449","SUP-kalaeloa-partners-l-p","supplemental","published",,"Kalaeloa Partners, L.P.","KP","KP","","Kalaeloa Partners, L.P.","normal",,,,"KP",,"[]",,,"[""GO""]","merchant","2","[""missing_org_names_entry"",""under_3_without_alias_evidence"",""two_letter_label_needs_alias_evidence""]","[]","[]"
"450","SUP-lancaster-energy","supplemental","published",,"Lancaster Energy","LE","LE","","Lancaster Energy","normal",,,,"LE",,"[]",,,"[""LSE""]","cca","2","[""missing_org_names_entry"",""under_3_without_alias_evidence"",""two_letter_label_needs_alias_evidence""]","[]","[]"
"451","SUP-san-diego-community-power","supplemental","published",,"San Diego Community Power","SD","SD","","San Diego Community Power","normal",,,,"SD",,"[]",,,"[""LSE""]","cca","2","[""missing_org_names_entry"",""under_3_without_alias_evidence"",""two_letter_label_needs_alias_evidence""]","[]","[]"
"452","SUP-silicon-valley-clean-energy-authority","supplemental","published",,"Silicon Valley Clean Energy Authority","SV","SV","","Silicon Valley Clean Energy Authority","normal",,,,"SV",,"[]",,,"[""LSE""]","cca","2","[""missing_org_names_entry"",""under_3_without_alias_evidence"",""two_letter_label_needs_alias_evidence""]","[]","[]"
"453","SUP-albany-utilities","supplemental","published",,"Albany Utilities","AU","AU","","Albany Utilities","normal",,,,"AU",,"[]",,,"[""DP""]","municipal","1","[""missing_org_names_entry"",""under_3_without_alias_evidence"",""two_letter_label_needs_alias_evidence"",""duplicate_label""]","[""SUP-andalusia-utilities-board"",""SUP-athens-utilities-board""]","[]"
"454","SUP-alexander-city-light-department","supplemental","published",,"Alexander City Light Department","AC","AC","","Alexander City Light Department","normal",,,,"AC",,"[]",,,"[""DP""]","municipal","1","[""missing_org_names_entry"",""under_3_without_alias_evidence"",""two_letter_label_needs_alias_evidence""]","[]","[]"
"455","SUP-andalusia-utilities-board","supplemental","published",,"Andalusia Utilities Board","AU","AU","","Andalusia Utilities Board","normal",,,,"AU",,"[]",,,"[""DP""]","municipal","1","[""missing_org_names_entry"",""under_3_without_alias_evidence"",""two_letter_label_needs_alias_evidence"",""duplicate_label""]","[""SUP-albany-utilities"",""SUP-athens-utilities-board""]","[]"
"456","SUP-athens-utilities-board","supplemental","published",,"Athens Utilities Board","AU","AU","","Athens Utilities Board","normal",,,,"AU",,"[]",,,"[""DP""]","municipal","1","[""missing_org_names_entry"",""under_3_without_alias_evidence"",""two_letter_label_needs_alias_evidence"",""duplicate_label""]","[""SUP-albany-utilities"",""SUP-andalusia-utilities-board""]","[]"
"457","SUP-auburn-board-of-public-works","supplemental","published",,"Auburn Board of Public Works","AB","AB","","Auburn Board of Public Works","normal",,,,"AB",,"[]",,,"[""DP""]","municipal","1","[""missing_org_names_entry"",""under_3_without_alias_evidence"",""two_letter_label_needs_alias_evidence""]","[]","[]"
"458","SUP-barbourville-utility-commission","supplemental","published",,"Barbourville Utility Commission","BU","BU","","Barbourville Utility Commission","normal",,,,"BU",,"[]",,,"[""DP""]","municipal","1","[""missing_org_names_entry"",""under_3_without_alias_evidence"",""two_letter_label_needs_alias_evidence"",""duplicate_label""]","[""SUP-brownsville-utility-department""]","[]"
"459","SUP-benham-city-utilities","supplemental","published",,"Benham City Utilities","BC","BC","","Benham City Utilities","normal",,,,"BC",,"[]",,,"[""DP""]","municipal","1","[""missing_org_names_entry"",""under_3_without_alias_evidence"",""two_letter_label_needs_alias_evidence"",""duplicate_label""]","[""SUP-benton-county-electric-system""]","[]"
"460","SUP-benton-county-electric-system","supplemental","published",,"Benton County Electric System","BC","BC","","Benton County Electric System","normal",,,,"BC",,"[]",,,"[""DP""]","municipal","1","[""missing_org_names_entry"",""under_3_without_alias_evidence"",""two_letter_label_needs_alias_evidence"",""duplicate_label""]","[""SUP-benham-city-utilities""]","[]"
"461","SUP-brownsville-utility-department","supplemental","published",,"Brownsville Utility Department","BU","BU","","Brownsville Utility Department","normal",,,,"BU",,"[]",,,"[""DP""]","municipal","1","[""missing_org_names_entry"",""under_3_without_alias_evidence"",""two_letter_label_needs_alias_evidence"",""duplicate_label""]","[""SUP-barbourville-utility-commission""]","[]"
"462","SUP-cedar-knox-public-power-district","supplemental","published",,"Cedar-Knox Public Power District","CP","CP","","Cedar-Knox Public Power District","normal",,,,"CP",,"[]",,,"[""DP""]","municipal","1","[""missing_org_names_entry"",""under_3_without_alias_evidence"",""two_letter_label_needs_alias_evidence""]","[]","[]"
"463","SUP-centralia-city-light","supplemental","published",,"Centralia City Light","CC","CC","","Centralia City Light","normal",,,,"CC",,"[]",,,"[""DP""]","municipal","1","[""missing_org_names_entry"",""under_3_without_alias_evidence"",""two_letter_label_needs_alias_evidence"",""duplicate_label""]","[""SUP-central-coast-community-energy"",""SUP-corbin-city-utilities-commission""]","[]"
"464","SUP-chimney-rock-public-power-district","supplemental","published",,"Chimney Rock Public Power District","CR","CR","","Chimney Rock Public Power District","normal",,,,"CR",,"[]",,,"[""DP""]","municipal","1","[""missing_org_names_entry"",""under_3_without_alias_evidence"",""two_letter_label_needs_alias_evidence""]","[]","[]"
"465","SUP-constellation-newenergy-inc","supplemental","published",,"Constellation NewEnergy, Inc.","CN","CN","","Constellation NewEnergy, Inc.","normal",,,,"CN",,"[]",,,"[""PSE""]","merchant","1","[""missing_org_names_entry"",""under_3_without_alias_evidence"",""two_letter_label_needs_alias_evidence""]","[]","[]"
"466","SUP-corbin-city-utilities-commission","supplemental","published",,"Corbin City Utilities Commission","CC","CC","","Corbin City Utilities Commission","normal",,,,"CC",,"[]",,,"[""DP""]","municipal","1","[""missing_org_names_entry"",""under_3_without_alias_evidence"",""two_letter_label_needs_alias_evidence"",""duplicate_label""]","[""SUP-central-coast-community-energy"",""SUP-centralia-city-light""]","[]"
"467","SUP-decatur-utilities","supplemental","published",,"Decatur Utilities","DU","DU","","Decatur Utilities","normal",,,,"DU",,"[]",,,"[""DP""]","municipal","1","[""missing_org_names_entry"",""under_3_without_alias_evidence"",""two_letter_label_needs_alias_evidence""]","[]","[]"
"468","SUP-dickson-electric-system","supplemental","published",,"Dickson Electric System","DE","DE","","Dickson Electric System","normal",,,,"DE",,"[]",,,"[""DP""]","municipal","1","[""missing_org_names_entry"",""under_3_without_alias_evidence"",""two_letter_label_needs_alias_evidence"",""duplicate_label""]","[""SUP-dyersburg-electric-system""]","[]"
"469","SUP-dyersburg-electric-system","supplemental","published",,"Dyersburg Electric System","DE","DE","","Dyersburg Electric System","normal",,,,"DE",,"[]",,,"[""DP""]","municipal","1","[""missing_org_names_entry"",""under_3_without_alias_evidence"",""two_letter_label_needs_alias_evidence"",""duplicate_label""]","[""SUP-dickson-electric-system""]","[]"
"470","SUP-elizabethton-electric-system","supplemental","published",,"Elizabethton Electric System","EE","EE","","Elizabethton Electric System","normal",,,,"EE",,"[]",,,"[""DP""]","municipal","1","[""missing_org_names_entry"",""under_3_without_alias_evidence"",""two_letter_label_needs_alias_evidence""]","[]","[]"
"471","SUP-elkhorn-rural-public-power-district","supplemental","published",,"Elkhorn Rural Public Power District","ER","ER","","Elkhorn Rural Public Power District","normal",,,,"ER",,"[]",,,"[""DP""]","municipal","1","[""missing_org_names_entry"",""under_3_without_alias_evidence"",""two_letter_label_needs_alias_evidence""]","[]","[]"
"472","SUP-fairburn-utilities","supplemental","published",,"Fairburn Utilities","FU","FU","","Fairburn Utilities","normal",,,,"FU",,"[]",,,"[""DP""]","municipal","1","[""missing_org_names_entry"",""under_3_without_alias_evidence"",""two_letter_label_needs_alias_evidence"",""duplicate_label""]","[""SUP-florence-utilities""]","[]"
"473","SUP-florence-utilities","supplemental","published",,"Florence Utilities","FU","FU","","Florence Utilities","normal",,,,"FU",,"[]",,,"[""DP""]","municipal","1","[""missing_org_names_entry"",""under_3_without_alias_evidence"",""two_letter_label_needs_alias_evidence"",""duplicate_label""]","[""SUP-fairburn-utilities""]","[]"
"474","SUP-franklin-electric-plant-board","supplemental","published",,"Franklin Electric Plant Board","FE","FE","","Franklin Electric Plant Board","normal",,,,"FE",,"[]",,,"[""DP""]","municipal","1","[""missing_org_names_entry"",""under_3_without_alias_evidence"",""two_letter_label_needs_alias_evidence"",""duplicate_label""]","[""NCR11315""]","[]"
"475","SUP-gallatin-department-of-electricity","supplemental","published",,"Gallatin Department of Electricity","GD","GD","","Gallatin Department of Electricity","normal",,,,"GD",,"[]",,,"[""DP""]","municipal","1","[""missing_org_names_entry"",""under_3_without_alias_evidence"",""two_letter_label_needs_alias_evidence""]","[]","[]"
"476","SUP-glasgow-electric-plant-board","supplemental","published",,"Glasgow Electric Plant Board","GE","GE","","Glasgow Electric Plant Board","normal",,,,"GE",,"[]",,,"[""DP""]","municipal","1","[""missing_org_names_entry"",""under_3_without_alias_evidence"",""two_letter_label_needs_alias_evidence"",""duplicate_label""]","[""SUP-guntersville-electric-board""]","[]"
"477","SUP-guntersville-electric-board","supplemental","published",,"Guntersville Electric Board","GE","GE","","Guntersville Electric Board","normal",,,,"GE",,"[]",,,"[""DP""]","municipal","1","[""missing_org_names_entry"",""under_3_without_alias_evidence"",""two_letter_label_needs_alias_evidence"",""duplicate_label""]","[""SUP-glasgow-electric-plant-board""]","[]"
"478","NCR10107","geocoded","published",,"Kaukauna Utilities","KU","KU","Kaukauna Utilities","Kaukauna Utilities","normal",,,,"KU","official_website","[]",,"MRO","[""DP""]","municipal","1","[""under_3_without_alias_evidence"",""two_letter_label_needs_alias_evidence""]","[]","[]"
"479","SUP-north-central-public-power-district","supplemental","published",,"North Central Public Power District","NC","NC","","North Central Public Power District","normal",,,,"NC",,"[]",,,"[""DP""]","municipal","1","[""missing_org_names_entry"",""under_3_without_alias_evidence"",""two_letter_label_needs_alias_evidence""]","[]","[]"
"480","SUP-northwest-rural-public-power-district","supplemental","published",,"Northwest Rural Public Power District","NR","NR","","Northwest Rural Public Power District","normal",,,,"NR",,"[]",,,"[""DP""]","municipal","1","[""missing_org_names_entry"",""under_3_without_alias_evidence"",""two_letter_label_needs_alias_evidence""]","[]","[]"
"481","SUP-reedy-creek-improvement-district","supplemental","published",,"Reedy Creek Improvement District","RC","RC","","Reedy Creek Improvement District","normal",,,,"RC",,"[]",,,"[""DP""]","municipal","1","[""missing_org_names_entry"",""under_3_without_alias_evidence"",""two_letter_label_needs_alias_evidence""]","[]","[]"
"482","SUP-riviera-utilities","supplemental","published",,"Riviera Utilities","RU","RU","","Riviera Utilities","normal",,,,"RU",,"[]",,,"[""DP""]","municipal","1","[""missing_org_names_entry"",""under_3_without_alias_evidence"",""two_letter_label_needs_alias_evidence""]","[]","[]"
"483","SUP-scottsboro-electric-power-board","supplemental","published",,"Scottsboro Electric Power Board","SE","SE","","Scottsboro Electric Power Board","normal",,,,"SE",,"[]",,,"[""DP""]","municipal","1","[""missing_org_names_entry"",""under_3_without_alias_evidence"",""two_letter_label_needs_alias_evidence""]","[]","[]"
"484","SUP-sheffield-utilities","supplemental","published",,"Sheffield Utilities","SU","SU","","Sheffield Utilities","normal",,,,"SU",,"[]",,,"[""DP""]","municipal","1","[""missing_org_names_entry"",""under_3_without_alias_evidence"",""two_letter_label_needs_alias_evidence"",""duplicate_label""]","[""SUP-sylacauga-utilities-board""]","[]"
"485","SUP-sylacauga-utilities-board","supplemental","published",,"Sylacauga Utilities Board","SU","SU","","Sylacauga Utilities Board","normal",,,,"SU",,"[]",,,"[""DP""]","municipal","1","[""missing_org_names_entry"",""under_3_without_alias_evidence"",""two_letter_label_needs_alias_evidence"",""duplicate_label""]","[""SUP-sheffield-utilities""]","[]"
"486","SUP-twin-valleys-public-power-district","supplemental","published",,"Twin Valleys Public Power District","TV","TV","","Twin Valleys Public Power District","normal",,,,"TV",,"[]",,,"[""DP""]","municipal","1","[""missing_org_names_entry"",""under_3_without_alias_evidence"",""two_letter_label_needs_alias_evidence""]","[]","[]"
"487","SUP-wake-electric","supplemental","published",,"Wake Electric","WE","WE","","Wake Electric","normal",,,,"WE",,"[]",,,"[""DP""]","cooperative","1","[""missing_org_names_entry"",""under_3_without_alias_evidence"",""two_letter_label_needs_alias_evidence""]","[]","[]"
"488","SUP-williamstown-utility-commission","supplemental","published",,"Williamstown Utility Commission","WU","WU","","Williamstown Utility Commission","normal",,,,"WU",,"[]",,,"[""DP""]","municipal","1","[""missing_org_names_entry"",""under_3_without_alias_evidence"",""two_letter_label_needs_alias_evidence""]","[]","[]"
"489","NCR13057","geocoded","combined_member","NCR11257","DS Cornerstone LLC",,"DS","DS Cornerstone","DS Cornerstone","normal",,,,"DS Cornerstone","name_initialism","[]","Duke Energy and Sumitomo Corporation of America","MRO","[""GOP""]","merchant","2","[""under_3_without_alias_evidence"",""two_letter_label_needs_alias_evidence""]","[]","[]"
"490","SUP-turlock-irrigation-district","supplemental","source_only",,"Turlock Irrigation District",,"TI","","Turlock Irrigation District","normal",,,,"TI",,"[]",,,"[""DP""]","IOU","1","[""missing_org_names_entry"",""under_3_without_alias_evidence"",""two_letter_label_needs_alias_evidence""]","[]","[]"
"491","NCR12106","geocoded","published",,"City of Lubbock, acting through Lubbock Power and Light","LP&L","LP&L","Lubbock Power & Light","Lubbock Power & Light","normal",,,,"LP&L","official_website","[]",,"Texas RE","[""DP"",""TO"",""TOP"",""TP""]",,"13","[""legal_suffix_in_shortest""]","[]","[]"
"492","SUP-ameren-illinois","supplemental","published",,"Ameren Illinois","AI","Ameren Illinois","Ameren Illinois","Ameren Illinois","normal",,,,"Ameren Illinois",,"[]",,"RF","[""BA"",""DP"",""LSE""]","IOU","11","[""missing_org_names_entry"",""length_13_to_15""]","[]","[]"
"493","NCR12055","geocoded","published",,"Blooming Grove Wind Energy Center LLC","BG","Blooming Grove","Blooming Grove Wind","Blooming Grove Wind Energy Center","normal",,,,"Blooming Grove","common_market_name","[]","Invenergy LLC","RF","[""GO"",""GOP""]","merchant","4","[""length_13_to_15""]","[]","[]"
"494","NCR10122","geocoded","published",,"Constellation Energy Generation, LLC - Midwest Region","CNSTLL","Constellation","Constellation Midwest","Constellation Energy Midwest","major",,,,"Constellation","official_website","[]","Constellation Energy Corporation","MRO","[""GO"",""GOP""]","merchant","4","[""length_13_to_15"",""duplicate_label""]","[""NCR00778"",""NCR04057"",""NCR10390"",""NCR11216"",""NCR11325""]","[]"
"495","NCR12174","geocoded","published",,"Glacier Sands Wind Power, LLC","GS","Glacier Sands","Glacier Sands Wind","Glacier Sands Wind Power","normal",,,,"Glacier Sands","name_initialism","[]",,"SERC","[""GO"",""GOP""]",,"4","[""length_13_to_15""]","[]","[]"
"496","NCR11682","geocoded","published",,"Grande Prairie Wind, LLC","GP","Grande Prairie","Grande Prairie Wind","Grande Prairie Wind","normal",,,,"Grande Prairie","name_initialism","[]","BHE Renewables","MRO","[""GO"",""GOP""]","merchant","4","[""length_13_to_15""]","[]","[]"
"497","NCR12132","geocoded","published",,"Griffin Trail Wind, LLC","GT","Griffin Trail","Griffin Trail Wind","Griffin Trail Wind","normal",,,,"Griffin Trail","common_market_name","[]",,"Texas RE","[""GO"",""GOP""]",,"4","[""length_13_to_15""]","[]","[]"
"498","NCR13139","geocoded","published",,"Macho Springs Power I LLC","MS","Macho Springs","Macho Springs Power","Macho Springs Power","normal",,,,"Macho Springs","common_market_name","[]",,"WECC","[""GO"",""GOP""]",,"4","[""length_13_to_15""]","[]","[]"
"499","NCR12416","geocoded","published",,"Moraine Sands Wind Power LLC","MS","Moraine Sands","Moraine Sands Wind","Moraine Sands Wind Power","normal",,,,"Moraine Sands","name_initialism","[]",,"SERC","[""GO"",""GOP""]",,"4","[""length_13_to_15""]","[]","[]"
"500","NCR13491","geocoded","published",,"Pleasant Hill Wind Energy LLC","PH","Pleasant Hill","Pleasant Hill Wind","Pleasant Hill Wind Energy","normal",,,,"Pleasant Hill Wind","common_market_name","[]","Ralls Corp.","MRO","[""GO"",""GOP""]","merchant","4","[""length_13_to_15""]","[]","[]"
"501","NCR13068","geocoded","published",,"Prairie Switch Wind LLC","PS","Prairie Switch","Prairie Switch Wind","Prairie Switch Wind","normal",,,,"Prairie Switch","name_initialism","[]",,"Texas RE","[""GO"",""GOP""]",,"4","[""length_13_to_15""]","[]","[]"
"502","NCR00420","geocoded","published",,"Rolling Hills Generating, LLC","RH","Rolling Hills","Rolling Hills Generating","Rolling Hills Generating","normal",,,,"Rolling Hills","eia_861","[]",,"RF","[""GO"",""GOP""]",,"4","[""length_13_to_15""]","[]","[]"
"503","NCR11170","geocoded","published",,"Shepherds Flat Wind, LLC","SF","Shepherds Flat","Shepherds Flat Wind","Shepherds Flat Wind, LLC","normal",,,,"Shepherds Flat","common_market_name","[]",,"WECC","[""GO"",""GOP""]",,"4","[""length_13_to_15""]","[]","[]"
"504","NCR13481","geocoded","published",,"Solar of Alamosa LLC","AS","Alamosa Solar","Solar of Alamosa","Solar of Alamosa LLC","normal",,,,"Alamosa Solar","common_market_name","[]",,"WECC","[""GO"",""GOP""]",,"4","[""length_13_to_15""]","[]","[]"
"505","NCR11424","geocoded","published",,"Solar Star California XIX, LLC","SSX","Solar Star XIX","Solar Star California XIX","Solar Star California XIX, LLC","normal",,,,"Solar Star 1","common_market_name","[]",,"WECC","[""GO"",""GOP""]",,"4","[""length_13_to_15""]","[]","[]"
"506","NCR11432","geocoded","published",,"Solar Star California XX, LLC","SSX","Solar Star XX","Solar Star California XX","Solar Star California XX, LLC","normal",,,,"Solar Star 2","common_market_name","[]",,"WECC","[""GO"",""GOP""]",,"4","[""length_13_to_15""]","[]","[]"
"507","NCR11054","geocoded","published",,"South Feather Power Project","SF","South Feather","South Feather Power","South Feather Power Project","normal",,,,"South Feather","official_website","[]",,"WECC","[""GO"",""GOP""]",,"4","[""length_13_to_15""]","[]","[]"
"508","NCR11221","geocoded","published",,"Southern Power Company","STHRN","Southern Power","Southern Power","Southern Power Company","normal",,,,"Southern Power","common_market_name","[]",,"Texas RE","[""GO"",""GOP""]",,"4","[""length_13_to_15"",""duplicate_label""]","[""NCR01322"",""NCR11396"",""NCR12021""]","[]"
"509","NCR11557","geocoded","published",,"SPI Anderson 2","SA2","SPI Anderson 2","SPI Anderson 2","SPI Anderson 2","normal",,,,"SPI Anderson 2","common_market_name","[]",,"WECC","[""GO"",""GOP""]",,"4","[""length_13_to_15""]","[]","[]"
"510","NCR12252","geocoded","published",,"Spring Canyon Energy II LLC","SCI","Spring Cyn II","Spring Canyon Energy II","Spring Canyon Energy II LLC","normal","meaningful_name","official_website","https://www.clearwayenergy.com/","Spring Canyon II","common_market_name","[]",,"WECC","[""GO"",""GOP""]",,"4","[""length_13_to_15""]","[]","[]"
"511","NCR11529","geocoded","published",,"Spring Canyon Energy LLC","SPRICANY","Spring Canyon","Spring Canyon Energy","Spring Canyon Energy LLC","normal",,,,"Spring Canyon","common_market_name","[]",,"WECC","[""GO"",""GOP""]",,"4","[""length_13_to_15""]","[]","[]"
"512","NCR12142","geocoded","published",,"Terra-Gen Operating Company LLC","TGOM","Terra-Gen O&M","Terra-Gen Operating Company","Terra-Gen Operating Company LLC","normal",,,,"Terra-Gen O&M","name_initialism","[]",,"WECC","[""GO"",""GOP""]",,"4","[""length_13_to_15""]","[]","[]"
"513","NCR11594","geocoded","published",,"Tonopah Solar Energy, LLC","CD","Crescent Dunes","Tonopah Solar Energy","Tonopah Solar Energy, LLC","normal",,,,"Crescent Dunes","common_market_name","[]",,"WECC","[""GO"",""GOP""]",,"4","[""length_13_to_15""]","[]","[]"
"514","NCR05533","geocoded","published",,"TransAlta Centralia Generation, LLC","TC","Centralia Gen","TransAlta Centralia Generation","TransAlta Centralia Generation, LLC","normal","meaningful_name","official_website","https://transalta.com/contact/united-states/","TransAlta Centralia","common_market_name","[]",,"WECC","[""GO"",""GOP""]",,"4","[""length_13_to_15""]","[]","[]"
"515","NCR05538","geocoded","published",,"USACE - Portland District","UP","USACE Portland","USACE - Portland District","USACE - Portland District","normal",,,,"USACE Portland","name_initialism","[]",,"WECC","[""GO"",""GOP""]",,"4","[""length_13_to_15""]","[]","[]"
"516","NCR05539","geocoded","published",,"USACE - Seattle District","US","USACE Seattle","USACE - Seattle District","USACE - Seattle District","normal",,,,"USACE Seattle","name_initialism","[]",,"WECC","[""GO"",""GOP""]",,"4","[""length_13_to_15""]","[]","[]"
"517","NCR13066","geocoded","published",,"Washington Wind LLC","WW","Washington Wind","Washington Wind","Washington Wind LLC","normal",,,,"Washington Wind","eia_861","[]",,"WECC","[""GO"",""GOP""]",,"4","[""length_13_to_15""]","[]","[]"
"518","NCR11391","geocoded","published",,"West Deptford Energy, LLC","WD","West Deptford","West Deptford Energy","West Deptford Energy","normal",,,,"West Deptford","eia_861","[]",,"RF","[""GO"",""GOP""]",,"4","[""length_13_to_15""]","[]","[]"
"519","NCR12195","geocoded","published",,"Western Trail Wind, LLC","WT","Western Trail","Western Trail Wind","Western Trail Wind","normal",,,,"Western Trail","common_market_name","[]",,"Texas RE","[""GO"",""GOP""]",,"4","[""length_13_to_15""]","[]","[]"
"520","NCR13503","geocoded","published",,"Whitewater Hill Wind Partner, LLC","WH","Whitewater Hill","Whitewater Hill Wind Partner","Whitewater Hill Wind Partner, LLC","normal",,,,"Whitewater Hill","common_market_name","[]",,"WECC","[""GO"",""GOP""]",,"4","[""length_13_to_15""]","[]","[]"
"521","NCR11784","geocoded","published",,"Willow Springs Windfarm, LLC","WS","Willow Springs","Willow Springs Windfarm","Willow Springs Windfarm","normal",,,,"Willow Springs","common_market_name","[]",,"Texas RE","[""GO"",""GOP""]",,"4","[""length_13_to_15"",""duplicate_label""]","[""NCR11906""]","[]"
"522","NCR13138","geocoded","published",,"Wolverine Creek Energy, LLC","WC","Wolverine Creek","Wolverine Creek Energy","Wolverine Creek Energy, LLC","normal",,,,"Wolverine Creek","common_market_name","[]",,"WECC","[""GO"",""GOP""]",,"4","[""length_13_to_15""]","[]","[]"
"523","NCR11355","geocoded","published",,"ElectriCities of North Carolina, Inc.","LCTRCT","ElectriCities","ElectriCities of North Carolina","ElectriCities of North Carolina","normal",,,,"ElectriCities","official_website","[]",,"SERC","[""DP"",""RP""]",,"3","[""length_13_to_15""]","[]","[]"
"524","NCR12122","geocoded","published",,"Grand Electric Cooperative","Grand","Grand Electric","Grand Electric Cooperative","Grand Electric Cooperative","normal",,,,"Grand Electric","official_website","[]",,"MRO","[""TO"",""DP""]","cooperative","3","[""length_13_to_15""]","[]","[]"
"525","NCR11209","geocoded","published",,"Agua Caliente Solar LLC","AC","Agua Caliente","Agua Caliente Solar","Agua Caliente Solar","normal",,,,"Agua Caliente","common_market_name","[]",,"WECC","[""GO""]",,"2","[""length_13_to_15""]","[]","[]"
"526","SUP-ava-community-energy","supplemental","published",,"Ava Community Energy","AC","Ava Community","","Ava Community Energy","normal",,,,"Ava Community",,"[]",,,"[""LSE""]","cca","2","[""missing_org_names_entry"",""length_13_to_15""]","[]","[]"
"527","NCR13287","geocoded","published",,"Black Springs BESS LLC","BS","Black Springs","Black Springs BESS","Black Springs BESS","normal",,,,"Black Springs","name_initialism","[]",,"Texas RE","[""GO""]",,"2","[""length_13_to_15""]","[]","[]"
"528","NCR13325","geocoded","published",,"CO Buffalo Flats, LLC","BF","Buffalo Flats","CO Buffalo Flats","Buffalo Flats Solar","normal",,,,"Buffalo Flats","common_market_name","[]",,"WECC","[""GO""]",,"2","[""length_13_to_15""]","[]","[]"
"529","NCR11972","geocoded","published",,"Glacier's Edge Wind Project, LLC","GE","Glacier's Edge","Glacier's Edge Wind","Glacier's Edge Wind Project","normal",,,,"Glacier's Edge","name_initialism","[]","EDF Renewables North America","MRO","[""GO""]","merchant","2","[""length_13_to_15""]","[]","[]"
"530","NCR13019","geocoded","published",,"Goose Prairie Solar LLC","GP","Goose Prairie","Goose Prairie Solar","Goose Prairie Solar","normal",,,,"Goose Prairie","common_market_name","[]",,"WECC","[""GO""]",,"2","[""length_13_to_15""]","[]","[]"
"531","NCR13210","geocoded","published",,"Grand View PV Solar Two, LLC","GVI","Grand View II","Grand View PV Solar Two","Grand View PV Solar Two","normal",,,,"Grand View II","common_market_name","[]",,"WECC","[""GO""]",,"2","[""length_13_to_15""]","[]","[]"
"532","NCR11687","geocoded","published",,"Great Western Wind Energy, LLC","GW","Great Western","Great Western Wind Energy","Great Western Wind Energy","normal",,,,"Great Western","name_initialism","[]","EDF Renewables","MRO","[""GO""]","merchant","2","[""length_13_to_15""]","[]","[]"
"533","NCR13521","geocoded","published",,"Grizzly Ridge Solar, LLC","GR","Grizzly Ridge","Grizzly Ridge Solar","Grizzly Ridge Solar","normal",,,,"Grizzly Ridge","common_market_name","[]",,"Texas RE","[""GO""]",,"2","[""length_13_to_15""]","[]","[]"
"534","NCR13546","geocoded","published",,"Highest Power Solar, LLC","HGHST","Highest Power","Highest Power Solar","Highest Power Solar","normal",,,,"Highest Power","name_initialism","[]",,"SERC","[""GO""]",,"2","[""length_13_to_15""]","[]","[]"
"535","NCR12124","geocoded","published",,"Little Bear Solar 1, LLC","LB1","Little Bear 1","Little Bear Solar 1","Little Bear Solar 1","normal",,,,"Little Bear 1","name_initialism","[]",,"WECC","[""GO""]",,"2","[""length_13_to_15""]","[]","[]"
"536","NCR12150","geocoded","published",,"Muscle Shoals Solar, LLC","MS","Muscle Shoals","Muscle Shoals Solar","Muscle Shoals Solar","normal",,,,"Muscle Shoals","name_initialism","[]",,"SERC","[""GO""]",,"2","[""length_13_to_15""]","[]","[]"
"537","NCR13477","geocoded","published",,"Northumberland Solar I, LLC","NRTHMB","Northumberland","Northumberland Solar I","Northumberland Solar I","normal",,,,"Northumberland","common_market_name","[]",,"RF","[""GO""]",,"2","[""length_13_to_15""]","[]","[]"
"538","SUP-pacific-current-llc","supplemental","published",,"Pacific Current, LLC","PC","Pacific Current","","Pacific Current, LLC","normal",,,,"Pacific Current",,"[]",,,"[""LSE""]","other","2","[""missing_org_names_entry"",""length_13_to_15""]","[]","[]"
"539","NCR13496","geocoded","published",,"Painted Hills Wind Holdings","PH","Painted Hills","Painted Hills Wind Holdings","Painted Hills Wind Holdings","normal",,,,"Painted Hills","common_market_name","[]",,"WECC","[""GO""]",,"2","[""length_13_to_15""]","[]","[]"
"540","NCR13526","geocoded","published",,"Pattersonville Solar Facility, LLC","PTTRSN","Pattersonville","Pattersonville Solar","Pattersonville Solar Facility","normal",,,,"Pattersonville","common_market_name","[]",,"NPCC","[""GO""]","merchant","2","[""length_13_to_15""]","[]","[]"
"541","NCR13533","geocoded","published",,"Pediment BESS I LLC","PB","Pediment BESS","Pediment BESS I","Pediment BESS I LLC","normal",,,,"Pediment BESS","common_market_name","[]",,"WECC","[""GO""]",,"2","[""length_13_to_15""]","[]","[]"
"542","SUP-peninsula-clean-energy-authority","supplemental","published",,"Peninsula Clean Energy Authority","PC","Peninsula Clean","","Peninsula Clean Energy Authority","normal",,,,"Peninsula Clean",,"[]",,,"[""LSE""]","cca","2","[""missing_org_names_entry"",""length_13_to_15""]","[]","[]"
"543","NCR12119","geocoded","published",,"Pioneer Solar (CO), LLC","PS","Pioneer Solar","Pioneer Solar (CO)","Pioneer Solar (CO), LLC","normal",,,,"Pioneer Solar","eia_861","[]",,"WECC","[""GO""]",,"2","[""length_13_to_15""]","[]","[]"
"544","NCR13371","geocoded","published",,"Placerita ESS, LLC","PE","Placerita ESS","Placerita ESS","Placerita ESS, LLC","normal",,,,"Placerita ESS","eia_861","[]",,"WECC","[""GO""]",,"2","[""length_13_to_15""]","[]","[]"
"545","NCR13312","geocoded","published",,"Portal Ridge B, LLC","PRB","Portal Ridge B","Portal Ridge B","Portal Ridge B, LLC","normal",,,,"Portal Ridge B","eia_861","[]",,"WECC","[""GO""]",,"2","[""length_13_to_15""]","[]","[]"
"546","NCR13427","geocoded","published",,"Poseidon Solar, LLC","PS","Poseidon Solar","Poseidon Solar","Poseidon Solar, LLC","normal",,,,"Poseidon Solar","eia_861","[]",,"WECC","[""GO""]",,"2","[""length_13_to_15""]","[]","[]"
"547","NCR12562","geocoded","published",,"Prairie Ronde Solar Farm, LLC","PR","Prairie Ronde","Prairie Ronde Solar","Prairie Ronde Solar Farm","normal",,,,"Prairie Ronde","common_market_name","[]",,"SERC","[""GO""]",,"2","[""length_13_to_15""]","[]","[]"
"548","NCR12131","geocoded","published",,"Prairie State Solar, LLC","PS","Prairie Solar","Prairie State Solar","Prairie State Solar","normal",,,,"Prairie State Solar","common_market_name","[]",,"SERC","[""GO""]",,"2","[""length_13_to_15""]","[]","[]"
"549","NCR12120","geocoded","published",,"Rancho Seco Solar II, LLC","RSI","Rancho Seco II","Rancho Seco Solar II","Rancho Seco Solar II, LLC","normal",,,,"Rancho Seco II","common_market_name","[]",,"WECC","[""GO""]",,"2","[""length_13_to_15""]","[]","[]"
"550","NCR05349","geocoded","published",,"Rathdrum Power, LLC","RTHDRM","Rathdrum Power","Rathdrum Power","Rathdrum Power, LLC","normal",,,,"Rathdrum Power","common_market_name","[]",,"WECC","[""GO""]",,"2","[""length_13_to_15""]","[]","[]"
"551","NCR13216","geocoded","published",,"RE Old River One PV, LLC","ORO","Old River One","RE Old River One PV","RE Old River One PV, LLC","normal",,,,"Old River One","common_market_name","[]",,"WECC","[""GO""]",,"2","[""length_13_to_15""]","[]","[]"
"552","NCR11630","geocoded","published",,"Red Horse III, LLC","RHI","Red Horse III","Red Horse III","Red Horse III, LLC","normal",,,,"Red Horse III","common_market_name","[]",,"WECC","[""GO""]",,"2","[""length_13_to_15""]","[]","[]"
"553","NCR13390","geocoded","published",,"Roadrunner Solar LLC","RS","Roadrunner PV","Roadrunner Solar","Roadrunner Solar LLC","normal","meaningful_name","eia_861","https://www.interconnection.fyi/eia/project/67823","Roadrunner Solar","common_market_name","[]",,"WECC","[""GO""]",,"2","[""length_13_to_15""]","[]","[]"
"554","NCR13262","geocoded","published",,"San Isabel Solar LLC","SIS","San Isabel PV","San Isabel Solar","San Isabel Solar LLC","normal","meaningful_name","eia_861","https://www.interconnection.fyi/eia/project/60304","San Isabel Solar","common_market_name","[]",,"WECC","[""GO""]",,"2","[""length_13_to_15""]","[]","[]"
"555","NCR13100","geocoded","published",,"Shallow Basket Energy, LLC","SB","Shallow Basket","Shallow Basket Energy","Shallow Basket Energy, LLC","normal",,,,"Shallow Basket","common_market_name","[]",,"WECC","[""GO""]",,"2","[""length_13_to_15""]","[]","[]"
"556","NCR12519","geocoded","published",,"Sierra Estrella Energy Storage, LLC","SE","Sierra Estrella","Sierra Estrella Energy Storage","Sierra Estrella Energy Storage, LLC","normal",,,,"Sierra Estrella","official_website","[]",,"WECC","[""GO""]",,"2","[""length_13_to_15""]","[]","[]"
"557","NCR13163","geocoded","published",,"Silver State Solar Power North LLC","SSN","Silver State N","Silver State Solar Power North","Silver State Solar Power North LLC","normal","meaningful_name","eia_861","https://www.gridinfo.com/silver-state-solar-power-north","Silver State North","common_market_name","[]",,"WECC","[""GO""]",,"2","[""length_13_to_15""]","[]","[]"
"558","NCR11305","geocoded","published",,"Smoky Mountain Transmission LLC","SMOKMTNT","Smoky Mtn Trans","Smoky Mountain Transmission","Smoky Mountain Transmission","normal",,,,"Smoky Mtn Trans","name_initialism","[]",,"SERC","[""TO""]",,"2","[""length_13_to_15""]","[]","[]"
"559","NCR11704","geocoded","published",,"Solar Star California XLI, LLC","SSX","Solar Star XLI","Solar Star California XLI","Solar Star California XLI, LLC","normal",,,,"Solar Star XLI","name_initialism","[]",,"WECC","[""GO""]",,"2","[""length_13_to_15""]","[]","[]"
"560","NCR13251","geocoded","published",,"Solar Star Lost Hills LLC","LHS","Lost Hills PV","Solar Star Lost Hills","Solar Star Lost Hills LLC","normal","meaningful_name","official_website","https://www.bherenewables.com/solar-star/","Lost Hills Solar","common_market_name","[]",,"WECC","[""GO""]",,"2","[""length_13_to_15""]","[]","[]"
"561","NCR13021","geocoded","published",,"Spanish Peaks Solar LLC","SP","Spanish Peaks","Spanish Peaks Solar","Spanish Peaks Solar LLC","normal",,,,"Spanish Peaks","common_market_name","[]",,"WECC","[""GO""]",,"2","[""length_13_to_15""]","[]","[]"
"562","NCR11323","geocoded","published",,"Spinning Spur Wind, LLC","SS","Spinning Spur","Spinning Spur Wind","Spinning Spur Wind","normal",,,,"Spinning Spur","common_market_name","[]","EDF Renewables","MRO","[""GO""]","merchant","2","[""length_13_to_15""]","[]","[]"
"563","NCR12294","geocoded","published",,"SR Cedar Springs, LLC","CS","Cedar Springs","SR Cedar Springs","SR Cedar Springs","normal",,,,"SR Cedar Springs","eia_861","[]",,"SERC","[""GO""]",,"2","[""length_13_to_15""]","[]","[]"
"564","NCR13253","geocoded","published",,"SR Rattlesnake, LLC","SR","SR Rattlesnake","SR Rattlesnake","SR Rattlesnake, LLC","normal",,,,"SR Rattlesnake","eia_861","[]",,"WECC","[""GO""]",,"2","[""length_13_to_15""]","[]","[]"
"565","NCR12164","geocoded","published",,"Sun Streams 2","SS2","Sun Streams 2","Sun Streams 2","Sun Streams 2","normal",,,,"Sun Streams 2","common_market_name","[]",,"WECC","[""GO""]",,"2","[""length_13_to_15""]","[]","[]"
"566","NCR13016","geocoded","published",,"Sun Streams Expansion, LLC","SS4","Sun Streams 4","Sun Streams Expansion","Sun Streams Expansion, LLC","normal",,,,"Sun Streams 4","common_market_name","[]",,"WECC","[""GO""]",,"2","[""length_13_to_15""]","[]","[]"
"567","NCR12463","geocoded","published",,"Sun Streams PVS, LLC","SS3","Sun Streams 3","Sun Streams PVS","Sun Streams PVS, LLC","normal",,,,"Sun Streams 3","common_market_name","[]",,"WECC","[""GO""]",,"2","[""length_13_to_15""]","[]","[]"
"568","NCR12481","geocoded","published",,"Three Corners Solar, LLC","TC","Three Corners","Three Corners Solar","Three Corners Solar","normal",,,,"Three Corners","common_market_name","[]",,"NPCC","[""GO""]","merchant","2","[""length_13_to_15""]","[]","[]"
"569","NCR13378","geocoded","published",,"Titan Solar 1, LLC","TS1","Titan Solar 1","Titan Solar 1","Titan Solar 1, LLC","normal",,,,"Titan Solar 1","common_market_name","[]",,"WECC","[""GO""]",,"2","[""length_13_to_15""]","[]","[]"
"570","NCR11205","geocoded","published",,"Trinity Hills Wind Farm LLC","TH","Trinity Hills","Trinity Hills Wind Farm","Trinity Hills Wind Farm","normal",,,,"Trinity Hills","common_market_name","[]",,"Texas RE","[""GO""]",,"2","[""length_13_to_15""]","[]","[]"
"571","NCR13372","geocoded","published",,"Valley Center ESS, LLC","VC","Valley Center","Valley Center ESS","Valley Center ESS, LLC","normal",,,,"Valley Center","common_market_name","[]",,"WECC","[""GO""]",,"2","[""length_13_to_15""]","[]","[]"
"572","NCR11906","geocoded","published",,"Willow Springs, LLC","WS","Willow Springs","Willow Springs","Willow Springs, LLC","normal",,,,"Willow Springs","common_market_name","[]",,"WECC","[""GO""]",,"2","[""length_13_to_15"",""duplicate_label""]","[""NCR11784""]","[]"
"573","SUP-asotin-county-public-utility-district","supplemental","published",,"Asotin County Public Utility District","AC","Asotin County","","Asotin County Public Utility District","normal",,,,"Asotin County",,"[]",,,"[""DP""]","municipal","1","[""missing_org_names_entry"",""length_13_to_15""]","[]","[]"
"574","SUP-berea-municipal-utilities","supplemental","published",,"Berea Municipal Utilities","Berea","Berea Municipal","","Berea Municipal Utilities","normal",,,,"Berea Municipal",,"[]",,,"[""DP""]","municipal","1","[""missing_org_names_entry"",""length_13_to_15""]","[]","[]"
"575","SUP-black-diamond-power-company","supplemental","published",,"Black Diamond Power Company","BD","Black Diamond","","Black Diamond Power Company","normal",,,,"Black Diamond",,"[]",,,"[""DP""]","IOU","1","[""missing_org_names_entry"",""length_13_to_15""]","[]","[]"
"576","SUP-butler-public-power-district","supplemental","published",,"Butler Public Power District","Butler","Butler Public","","Butler Public Power District","normal",,,,"Butler Public",,"[]",,,"[""DP""]","municipal","1","[""missing_org_names_entry"",""length_13_to_15""]","[]","[]"
"577","SUP-city-of-chattahoochee","supplemental","published",,"City of Chattahoochee","CHTTHC","Chattahoochee","","City of Chattahoochee","normal",,,,"Chattahoochee",,"[]",,,"[""DP""]","municipal","1","[""missing_org_names_entry"",""length_13_to_15""]","[]","[]"
"578","SUP-city-of-nicholasville-electric-department","supplemental","published",,"City of Nicholasville Electric Department","NCHLSV","Nicholasville","","City of Nicholasville Electric Department","normal",,,,"Nicholasville",,"[]",,,"[""DP""]","municipal","1","[""missing_org_names_entry"",""length_13_to_15""]","[]","[]"
"579","SUP-city-of-st-martinville-electric-utility","supplemental","published",,"City of St. Martinville Electric Utility","SM","St. Martinville","","City of St. Martinville Electric Utility","normal",,,,"St. Martinville",,"[]",,,"[""DP""]","municipal","1","[""missing_org_names_entry"",""length_13_to_15""]","[]","[]"
"580","SUP-custer-public-power-district","supplemental","published",,"Custer Public Power District","Custer","Custer Public","","Custer Public Power District","normal",,,,"Custer Public",,"[]",,,"[""DP""]","municipal","1","[""missing_org_names_entry"",""length_13_to_15""]","[]","[]"
"581","SUP-dawson-public-power-district","supplemental","published",,"Dawson Public Power District","Dawson","Dawson Public","","Dawson Public Power District","normal",,,,"Dawson Public",,"[]",,,"[""DP""]","municipal","1","[""missing_org_names_entry"",""length_13_to_15""]","[]","[]"
"582","SUP-jackson-energy-authority","supplemental","published",,"Jackson Energy Authority","JCKSN","Jackson Energy","","Jackson Energy Authority","normal",,,,"Jackson Energy",,"[]",,,"[""DP""]","municipal","1","[""missing_org_names_entry"",""length_13_to_15""]","[]","[]"
"583","SUP-norris-public-power-district","supplemental","published",,"Norris Public Power District","Norris","Norris Public","","Norris Public Power District","normal",,,,"Norris Public",,"[]",,,"[""DP""]","municipal","1","[""missing_org_names_entry"",""length_13_to_15""]","[]","[]"
"584","SUP-public-utility-district-no-1-of-clallam-county","supplemental","published",,"Public Utility District No. 1 of Clallam County","CC","Clallam County","","Public Utility District No. 1 of Clallam County","normal",,,,"Clallam County",,"[]",,,"[""DP""]","municipal","1","[""missing_org_names_entry"",""length_13_to_15""]","[]","[]"
"585","SUP-public-utility-district-no-1-of-douglas-county","supplemental","published",,"Public Utility District No. 1 of Douglas County","DC","Douglas County","","Public Utility District No. 1 of Douglas County","normal",,,,"Douglas County",,"[]",,,"[""DP""]","municipal","1","[""missing_org_names_entry"",""length_13_to_15""]","[]","[]"
"586","SUP-public-utility-district-no-1-of-kittitas-county","supplemental","published",,"Public Utility District No. 1 of Kittitas County","KC","Kittitas County","","Public Utility District No. 1 of Kittitas County","normal",,,,"Kittitas County",,"[]",,,"[""DP""]","municipal","1","[""missing_org_names_entry"",""length_13_to_15""]","[]","[]"
"587","SUP-public-utility-district-no-1-of-skamania-county","supplemental","published",,"Public Utility District No. 1 of Skamania County","SKAMCOUN","Skamania County","","Public Utility District No. 1 of Skamania County","normal",,,,"Skamania County",,"[]",,,"[""DP""]","municipal","1","[""missing_org_names_entry"",""length_13_to_15""]","[]","[]"
"588","SUP-south-central-public-power-district","supplemental","published",,"South Central Public Power District","SOUTCENT","South Central","","South Central Public Power District","normal",,,,"South Central",,"[]",,,"[""DP""]","municipal","1","[""missing_org_names_entry"",""length_13_to_15""]","[]","[]"
"589","SUP-southern-public-power-district","supplemental","published",,"Southern Public Power District","STHRN","Southern Public","","Southern Public Power District","normal",,,,"Southern Public",,"[]",,,"[""DP""]","municipal","1","[""missing_org_names_entry"",""length_13_to_15""]","[]","[]"
"590","SUP-the-potomac-edison-company","supplemental","published",,"The Potomac Edison Company","PE","Potomac Edison","","The Potomac Edison Company","normal",,,,"Potomac Edison",,"[]",,,"[""DP""]","IOU","1","[""missing_org_names_entry"",""length_13_to_15""]","[]","[]"
"591","SUP-vinton-public-power-authority","supplemental","published",,"Vinton Public Power Authority","Vinton","Vinton Public","","Vinton Public Power Authority","normal",,,,"Vinton Public",,"[]",,,"[""DP""]","other","1","[""missing_org_names_entry"",""length_13_to_15""]","[]","[]"
"592","NCR04030","geocoded","combined_member","NCR04029","City of Austin dba Austin Energy",,"Austin Energy","Austin Energy","City of Austin dba Austin Energy","major",,,,"Austin Energy","official_website","[]",,"Texas RE","[""GO"",""GOP""]",,"4","[""length_13_to_15""]","[]","[]"
"593","NCR12125","geocoded","combined_member","NCR12124","Little Bear Solar 3, LLC",,"Little Bear 3","Little Bear Solar 3","Little Bear Solar 3","normal",,,,"Little Bear 3","name_initialism","[]",,"WECC","[""GO""]",,"2","[""length_13_to_15""]","[]","[]"
"594","NCR00082","geocoded","combined_member","NCR05320","Plains End II, LLC",,"Plains End II","Plains End II","Plains End II, LLC","normal",,,,"Plains End II","eia_861","[]",,"WECC","[""GO""]",,"2","[""length_13_to_15""]","[]","[]"
"595","NCR13391","geocoded","combined_member","NCR13390","Roadrunner Battery Storage LLC",,"Roadrunner BESS","Roadrunner Battery Storage","Roadrunner Battery Storage LLC","normal",,,,"Roadrunner BESS","common_market_name","[]",,"WECC","[""GO""]",,"2","[""length_13_to_15""]","[]","[]"
"596","NCR12350","geocoded","combined_member","NCR11653","Sagebrush ESS, LLC",,"Sagebrush ESS","Sagebrush ESS","Sagebrush ESS, LLC","normal",,,,"Sagebrush ESS","common_market_name","[]",,"WECC","[""GO""]",,"2","[""length_13_to_15""]","[]","[]"
"597","NCR13551","geocoded","combined_member","NCR13293","SR Millington II, LLC",,"Millington II","SR Millington II","SR Millington II","normal",,,,"SR Millington II","eia_861","[]",,"SERC","[""GO""]",,"2","[""length_13_to_15""]","[]","[]"
"598","SUP-public-utility-district-no-1-of-whatcom-county","supplemental","source_only",,"Public Utility District No. 1 of Whatcom County",,"Whatcom County","","Public Utility District No. 1 of Whatcom County","normal",,,,"Whatcom County",,"[]",,,"[""DP""]","municipal","1","[""missing_org_names_entry"",""length_13_to_15""]","[]","[]"
"599","SUP-duke-energy-ohio-kentucky","supplemental","published",,"Duke Energy Ohio-Kentucky","DEOK","DEOK","Duke Energy Ohio-Kentucky","Duke Energy Ohio-Kentucky","normal",,,,"DEOK",,"[]",,"RF","[""BA"",""DP"",""LSE""]","IOU","11","[""missing_org_names_entry""]","[]","[]"
"600","SUP-evergy-missouri-west","supplemental","published",,"Evergy Missouri West","EMW","EMW","Evergy Missouri West","Evergy Missouri West","normal",,,,"EMW",,"[]",,"MRO","[""BA"",""DP"",""LSE""]","IOU","11","[""missing_org_names_entry""]","[]","[]"
"601","SUP-louisiana-generating","supplemental","published",,"Louisiana Generating","LaGen","LaGen","Louisiana Generating","Louisiana Generating","normal",,,,"LaGen",,"[]",,"SERC","[""GO"",""GOP""]","merchant","4","[""missing_org_names_entry""]","[]","[]"
"602","SUP-kentucky-municipal-energy-agency","supplemental","published",,"Kentucky Municipal Energy Agency","KYMEA","KYMEA","","Kentucky Municipal Energy Agency","normal",,,,"KYMEA",,"[]",,,"[""LSE"",""PSE""]","other","3","[""missing_org_names_entry""]","[]","[]"
"603","SUP-kentucky-municipal-power-agency","supplemental","published",,"Kentucky Municipal Power Agency","KMPA","KMPA","","Kentucky Municipal Power Agency","normal",,,,"KMPA",,"[]",,,"[""LSE"",""PSE""]","other","3","[""missing_org_names_entry""]","[]","[]"
"604","SUP-aes-puerto-rico-l-p","supplemental","published",,"AES Puerto Rico, L.P.","AP","AES PR","","AES Puerto Rico, L.P.","normal",,,,"AES PR",,"[]",,,"[""GO""]","merchant","2","[""missing_org_names_entry""]","[]","[]"
"605","SUP-apple-valley-choice-energy","supplemental","published",,"Apple Valley Choice Energy","AVCE","AVCE","","Apple Valley Choice Energy","normal",,,,"AVCE",,"[]",,,"[""LSE""]","cca","2","[""missing_org_names_entry""]","[]","[]"
"606","SUP-auwahi-wind-energy-llc","supplemental","published",,"Auwahi Wind Energy, LLC","Auwahi","Auwahi","","Auwahi Wind Energy, LLC","normal",,,,"Auwahi",,"[]",,,"[""GO""]","merchant","2","[""missing_org_names_entry""]","[]","[]"
"607","SUP-california-choice-energy-authority","supplemental","published",,"California Choice Energy Authority","CLCHC","CalChoice","","California Choice Energy Authority","normal",,,,"CalChoice",,"[]",,,"[""LSE""]","cca","2","[""missing_org_names_entry""]","[]","[]"
"608","SUP-clean-energy-alliance","supplemental","published",,"Clean Energy Alliance","CEA","CEA","","Clean Energy Alliance","normal",,,,"CEA",,"[]",,,"[""LSE""]","cca","2","[""missing_org_names_entry"",""duplicate_label""]","[""SUP-chugach-electric-association-inc""]","[]"
"609","SUP-clean-power-alliance-of-southern-california","supplemental","published",,"Clean Power Alliance of Southern California","Clean","Clean","","Clean Power Alliance of Southern California","normal",,,,"Clean",,"[]",,,"[""LSE""]","cca","2","[""missing_org_names_entry""]","[]","[]"
"610","SUP-cleanpowersf","supplemental","published",,"CleanPowerSF","CLNPWR","CleanPowerSF","","CleanPowerSF","normal",,,,"CleanPowerSF",,"[]",,,"[""LSE""]","cca","2","[""missing_org_names_entry""]","[]","[]"
"611","SUP-desert-community-energy","supplemental","published",,"Desert Community Energy","DCE","DCE","","Desert Community Energy","normal",,,,"DCE",,"[]",,,"[""LSE""]","cca","2","[""missing_org_names_entry""]","[]","[]"
"612","SUP-ecoelectrica-l-p","supplemental","published",,"EcoElectrica, L.P.","CLCTRC","EcoEléctrica","","EcoElectrica, L.P.","normal",,,,"EcoEléctrica",,"[]",,,"[""GO""]","merchant","2","[""missing_org_names_entry""]","[]","[]"
"613","SUP-genera-pr-llc","supplemental","published",,"Genera PR LLC","Genera","Genera","","Genera PR LLC","normal",,,,"Genera",,"[]",,,"[""GO""]","merchant","2","[""missing_org_names_entry""]","[]","[]"
"614","SUP-hamakua-energy-llc","supplemental","published",,"Hamakua Energy, LLC","Hamakua","Hamakua","","Hamakua Energy, LLC","normal",,,,"Hamakua",,"[]",,,"[""GO""]","merchant","2","[""missing_org_names_entry""]","[]","[]"
"615","SUP-hawaii-state-energy-office","supplemental","published",,"Hawaii State Energy Office","HSEO","HSEO","","Hawaii State Energy Office","normal",,,,"HSEO",,"[]",,,"[""RP""]","other","2","[""missing_org_names_entry""]","[]","[]"
"616","SUP-hu-honua-bioenergy-llc","supplemental","published",,"Hu Honua Bioenergy, LLC","HH","Hu Honua","","Hu Honua Bioenergy, LLC","normal",,,,"Hu Honua",,"[]",,,"[""GO""]","merchant","2","[""missing_org_names_entry""]","[]","[]"
"617","SUP-kaheawa-wind-power-llc","supplemental","published",,"Kaheawa Wind Power, LLC","Kaheawa","Kaheawa","","Kaheawa Wind Power, LLC","normal",,,,"Kaheawa",,"[]",,,"[""GO""]","merchant","2","[""missing_org_names_entry""]","[]","[]"
"618","SUP-kahuku-wind-power-llc","supplemental","published",,"Kahuku Wind Power, LLC","Kahuku","Kahuku","","Kahuku Wind Power, LLC","normal",,,,"Kahuku",,"[]",,,"[""GO""]","merchant","2","[""missing_org_names_entry""]","[]","[]"
"619","SUP-kapaia-solar-llc","supplemental","published",,"Kapaia Solar, LLC","Kapaia","Kapaia","","Kapaia Solar, LLC","normal",,,,"Kapaia",,"[]",,,"[""GO""]","merchant","2","[""missing_org_names_entry""]","[]","[]"
"620","SUP-kapolei-energy-storage-llc","supplemental","published",,"Kapolei Energy Storage, LLC","Kapolei","Kapolei","","Kapolei Energy Storage, LLC","normal",,,,"Kapolei",,"[]",,,"[""GO""]","merchant","2","[""missing_org_names_entry""]","[]","[]"
"621","SUP-kawailoa-wind-llc","supplemental","published",,"Kawailoa Wind, LLC","Kawailoa","Kawailoa","","Kawailoa Wind, LLC","normal",,,,"Kawailoa",,"[]",,,"[""GO""]","merchant","2","[""missing_org_names_entry""]","[]","[]"
"622","SUP-kuihelani-solar-plus-storage","supplemental","published",,"Kuihelani Solar Plus Storage","KHLN","Kuihelani","","Kuihelani Solar Plus Storage","normal",,,,"Kuihelani",,"[]",,,"[""GO""]","merchant","2","[""missing_org_names_entry""]","[]","[]"
"623","SUP-lawai-solar-and-energy-storage-project","supplemental","published",,"Lawai Solar and Energy Storage Project","Lawai","Lawai","","Lawai Solar and Energy Storage Project","normal",,,,"Lawai",,"[]",,,"[""GO""]","merchant","2","[""missing_org_names_entry""]","[]","[]"
"624","SUP-marin-clean-energy","supplemental","published",,"Marin Clean Energy","MC","Marin Clean","","Marin Clean Energy","normal",,,,"Marin Clean",,"[]",,,"[""LSE""]","cca","2","[""missing_org_names_entry""]","[]","[]"
"625","SUP-orange-county-power-authority","supplemental","published",,"Orange County Power Authority","OCPA","OCPA","","Orange County Power Authority","normal",,,,"OCPA",,"[]",,,"[""LSE""]","cca","2","[""missing_org_names_entry""]","[]","[]"
"626","SUP-oriana-energy-llc","supplemental","published",,"Oriana Energy LLC","Oriana","Oriana","","Oriana Energy LLC","normal",,,,"Oriana",,"[]",,,"[""GO""]","merchant","2","[""missing_org_names_entry"",""duplicate_label""]","[""NCR13360""]","[]"
"627","SUP-pakini-nui-wind-farm","supplemental","published",,"Pakini Nui Wind Farm","PN","Pakini Nui","","Pakini Nui Wind Farm","normal",,,,"Pakini Nui",,"[]",,,"[""GO""]","merchant","2","[""missing_org_names_entry""]","[]","[]"
"628","SUP-pattern-santa-isabel-llc","supplemental","published",,"Pattern Santa Isabel, LLC","SI","Santa Isabel","","Pattern Santa Isabel, LLC","normal",,,,"Santa Isabel",,"[]",,,"[""GO""]","merchant","2","[""missing_org_names_entry""]","[]","[]"
"629","SUP-pico-rivera-innovative-municipal-energy","supplemental","published",,"Pico Rivera Innovative Municipal Energy","PRIME","PRIME","","Pico Rivera Innovative Municipal Energy","normal",,,,"PRIME",,"[]",,,"[""LSE""]","cca","2","[""missing_org_names_entry""]","[]","[]"
"630","SUP-pomona-choice-energy","supplemental","published",,"Pomona Choice Energy","PCE","PCE","","Pomona Choice Energy","normal",,,,"PCE",,"[]",,,"[""LSE""]","cca","2","[""missing_org_names_entry""]","[]","[]"
"631","SUP-puna-geothermal-venture","supplemental","published",,"Puna Geothermal Venture","PGV","PGV","","Puna Geothermal Venture","normal",,,,"PGV",,"[]",,,"[""GO""]","merchant","2","[""missing_org_names_entry""]","[]","[]"
"632","SUP-punta-lima-wind-farm-llc","supplemental","published",,"Punta Lima Wind Farm, LLC","PL","Punta Lima","","Punta Lima Wind Farm, LLC","normal",,,,"Punta Lima",,"[]",,,"[""GO""]","merchant","2","[""missing_org_names_entry""]","[]","[]"
"633","SUP-rancho-mirage-energy-authority","supplemental","published",,"Rancho Mirage Energy Authority","RMEA","RMEA","","Rancho Mirage Energy Authority","normal",,,,"RMEA",,"[]",,,"[""LSE""]","cca","2","[""missing_org_names_entry""]","[]","[]"
"634","SUP-redwood-coast-energy-authority","supplemental","published",,"Redwood Coast Energy Authority","RCEA","RCEA","","Redwood Coast Energy Authority","normal",,,,"RCEA",,"[]",,,"[""LSE""]","cca","2","[""missing_org_names_entry""]","[]","[]"
"635","SUP-san-fermin-solar-farm-llc","supplemental","published",,"San Fermin Solar Farm, LLC","SF","San Fermín","","San Fermin Solar Farm, LLC","normal",,,,"San Fermín",,"[]",,,"[""GO""]","merchant","2","[""missing_org_names_entry""]","[]","[]"
"636","SUP-san-jacinto-power","supplemental","published",,"San Jacinto Power","SJP","SJP","","San Jacinto Power","normal",,,,"SJP",,"[]",,,"[""LSE""]","cca","2","[""missing_org_names_entry""]","[]","[]"
"637","SUP-san-jose-clean-energy","supplemental","published",,"San Jose Clean Energy","SJCE","SJCE","","San Jose Clean Energy","normal",,,,"SJCE",,"[]",,,"[""LSE""]","cca","2","[""missing_org_names_entry""]","[]","[]"
"638","SUP-santa-barbara-clean-energy","supplemental","published",,"Santa Barbara Clean Energy","SBCE","SBCE","","Santa Barbara Clean Energy","normal",,,,"SBCE",,"[]",,,"[""LSE""]","cca","2","[""missing_org_names_entry""]","[]","[]"
"639","SUP-sonoma-clean-power-authority","supplemental","published",,"Sonoma Clean Power Authority","SONOCLEA","Sonoma Clean","","Sonoma Clean Power Authority","normal",,,,"Sonoma Clean",,"[]",,,"[""LSE""]","cca","2","[""missing_org_names_entry""]","[]","[]"
"640","SUP-valley-clean-energy-alliance","supplemental","published",,"Valley Clean Energy Alliance","VCE","VCE","","Valley Clean Energy Alliance","normal",,,,"VCE",,"[]",,,"[""LSE""]","cca","2","[""missing_org_names_entry""]","[]","[]"
"641","SUP-vi-electron-llc","supplemental","published",,"VI Electron, LLC","VLCTRN","VIElectron","","VI Electron, LLC","normal",,,,"VIElectron",,"[]",,,"[""GO""]","merchant","2","[""missing_org_names_entry""]","[]","[]"
"642","SUP-western-community-energy","supplemental","published",,"Western Community Energy","WCE","WCE","","Western Community Energy","normal",,,,"WCE",,"[]",,,"[""LSE""]","cca","2","[""missing_org_names_entry""]","[]","[]"
"643","SUP-aes-hawaii-inc","supplemental","published",,"AES Hawaii, Inc.","AH","AES Hawaii","","AES Hawaii, Inc.","normal",,,,"AES Hawaii",,"[]",,,"[""DP""]","IOU","1","[""missing_org_names_entry""]","[]","[]"
"644","SUP-alaska-electric-light-power-company","supplemental","published",,"Alaska Electric Light & Power Company","AEL&P","AEL&P","","Alaska Electric Light & Power Company","normal",,,,"AEL&P",,"[]",,,"[""DP""]","municipal","1","[""missing_org_names_entry""]","[]","[]"
"645","SUP-alaska-energy-authority","supplemental","published",,"Alaska Energy Authority","AEA","AEA","","Alaska Energy Authority","normal",,,,"AEA",,"[]",,,"[""DP""]","IOU","1","[""missing_org_names_entry""]","[]","[]"
"646","SUP-alaska-power-association","supplemental","published",,"Alaska Power Association","APA","APA","","Alaska Power Association","normal",,,,"APA",,"[]",,,"[""DP""]","other","1","[""missing_org_names_entry""]","[]","[]"
"647","SUP-alaska-power-company","supplemental","published",,"Alaska Power Company","APC","APC","","Alaska Power Company","normal",,,,"APC",,"[]",,,"[""DP""]","IOU","1","[""missing_org_names_entry""]","[]","[]"
"648","SUP-alaska-village-electric-cooperative-inc","supplemental","published",,"Alaska Village Electric Cooperative, Inc.","AVEC","AVEC","","Alaska Village Electric Cooperative, Inc.","normal",,,,"AVEC",,"[]",,,"[""DP""]","cooperative","1","[""missing_org_names_entry""]","[]","[]"
"649","SUP-albemarle-emc","supplemental","published",,"Albemarle EMC","AEMC","AEMC","","Albemarle EMC","normal",,,,"AEMC",,"[]",,,"[""DP""]","cooperative","1","[""missing_org_names_entry""]","[]","[]"
"650","SUP-appalachian-power-company","supplemental","published",,"Appalachian Power Company","APCo","APCo","","Appalachian Power Company","normal",,,,"APCo",,"[]",,,"[""DP""]","IOU","1","[""missing_org_names_entry""]","[]","[]"
"651","SUP-barrow-utilities-and-electric-cooperative-inc","supplemental","published",,"Barrow Utilities and Electric Cooperative, Inc.","BUECI","BUECI","","Barrow Utilities and Electric Cooperative, Inc.","normal",,,,"BUECI",,"[]",,,"[""DP""]","cooperative","1","[""missing_org_names_entry""]","[]","[]"
"652","SUP-bolivar-energy-authority","supplemental","published",,"Bolivar Energy Authority","Bolivar","Bolivar","","Bolivar Energy Authority","normal",,,,"Bolivar",,"[]",,,"[""DP""]","municipal","1","[""missing_org_names_entry""]","[]","[]"
"653","SUP-bowling-green-municipal-utilities","supplemental","published",,"Bowling Green Municipal Utilities","BGMU","BGMU","","Bowling Green Municipal Utilities","normal",,,,"BGMU",,"[]",,,"[""DP""]","municipal","1","[""missing_org_names_entry""]","[]","[]"
"654","SUP-brightridge","supplemental","published",,"BrightRidge","BRGHTR","BrightRidge","","BrightRidge","normal",,,,"BrightRidge",,"[]",,,"[""DP""]","municipal","1","[""missing_org_names_entry""]","[]","[]"
"655","SUP-bristol-tennessee-essential-services","supplemental","published",,"Bristol Tennessee Essential Services","BTES","BTES","","Bristol Tennessee Essential Services","normal",,,,"BTES",,"[]",,,"[""DP""]","municipal","1","[""missing_org_names_entry""]","[]","[]"
"656","SUP-brunswick-electric","supplemental","published",,"Brunswick Electric","BEMC","BEMC","","Brunswick Electric","normal",,,,"BEMC",,"[]",,,"[""DP""]","cooperative","1","[""missing_org_names_entry""]","[]","[]"
"657","SUP-cape-hatteras-electric-cooperative","supplemental","published",,"Cape Hatteras Electric Cooperative","CHEC","CHEC","","Cape Hatteras Electric Cooperative","normal",,,,"CHEC",,"[]",,,"[""DP""]","cooperative","1","[""missing_org_names_entry""]","[]","[]"
"658","SUP-carteret-craven-electric-cooperative","supplemental","published",,"Carteret-Craven Electric Cooperative","CCEC","CCEC","","Carteret-Craven Electric Cooperative","normal",,,,"CCEC",,"[]",,,"[""DP""]","cooperative","1","[""missing_org_names_entry"",""duplicate_label""]","[""NCR11804""]","[]"
"659","SUP-cde-lightband","supplemental","published",,"CDE Lightband","CDE","CDE","","CDE Lightband","normal",,,,"CDE",,"[]",,,"[""DP""]","municipal","1","[""missing_org_names_entry""]","[]","[]"
"660","SUP-central-electric-membership-corporation","supplemental","published",,"Central Electric Membership Corporation","CEMC","CEMC","","Central Electric Membership Corporation","normal",,,,"CEMC",,"[]",,,"[""DP""]","cooperative","1","[""missing_org_names_entry""]","[]","[]"
"661","SUP-chattanooga-electric-power-board","supplemental","published",,"Chattanooga Electric Power Board","EPB","EPB","","Chattanooga Electric Power Board","normal",,,,"EPB",,"[]",,,"[""DP""]","municipal","1","[""missing_org_names_entry""]","[]","[]"
"662","SUP-chickamauga-electric-system","supplemental","published",,"Chickamauga Electric System","CHCKMG","Chickamauga","","Chickamauga Electric System","normal",,,,"Chickamauga",,"[]",,,"[""DP""]","municipal","1","[""missing_org_names_entry""]","[]","[]"
"663","SUP-chugach-electric-association-inc","supplemental","published",,"Chugach Electric Association, Inc.","CEA","CEA","","Chugach Electric Association, Inc.","normal",,,,"CEA",,"[]",,,"[""DP""]","cooperative","1","[""missing_org_names_entry"",""duplicate_label""]","[""SUP-clean-energy-alliance""]","[]"
"664","SUP-city-of-acworth","supplemental","published",,"City of Acworth","Acworth","Acworth","","City of Acworth","normal",,,,"Acworth",,"[]",,,"[""DP""]","municipal","1","[""missing_org_names_entry""]","[]","[]"
"665","SUP-city-of-adel","supplemental","published",,"City of Adel","Adel","Adel","","City of Adel","normal",,,,"Adel",,"[]",,,"[""DP""]","municipal","1","[""missing_org_names_entry""]","[]","[]"
"666","SUP-city-of-alachua","supplemental","published",,"City of Alachua","Alachua","Alachua","","City of Alachua","normal",,,,"Alachua",,"[]",,,"[""DP""]","municipal","1","[""missing_org_names_entry""]","[]","[]"
"667","SUP-city-of-alcoa-electric-department","supplemental","published",,"City of Alcoa Electric Department","Alcoa","Alcoa","","City of Alcoa Electric Department","normal",,,,"Alcoa",,"[]",,,"[""DP""]","municipal","1","[""missing_org_names_entry"",""duplicate_label""]","[""NCR11791""]","[]"
"668","SUP-city-of-athens-electric-department","supplemental","published",,"City of Athens Electric Department","Athens","Athens","","City of Athens Electric Department","normal",,,,"Athens",,"[]",,,"[""DP""]","municipal","1","[""missing_org_names_entry"",""duplicate_label""]","[""NCR07154""]","[]"
"669","SUP-city-of-bardstown-electric-utility","supplemental","published",,"City of Bardstown Electric Utility","BRDSTW","Bardstown","","City of Bardstown Electric Utility","normal",,,,"Bardstown",,"[]",,,"[""DP""]","municipal","1","[""missing_org_names_entry""]","[]","[]"
"670","SUP-city-of-barnesville","supplemental","published",,"City of Barnesville","BRNSVL","Barnesville","","City of Barnesville","normal",,,,"Barnesville",,"[]",,,"[""DP""]","municipal","1","[""missing_org_names_entry""]","[]","[]"
"671","SUP-city-of-bellville","supplemental","published",,"City of Bellville","BLLVLL","Bellville","","City of Bellville","normal",,,,"Bellville",,"[]",,,"[""DP""]","municipal","1","[""missing_org_names_entry""]","[]","[]"
"672","SUP-city-of-bessemer-electric-utility","supplemental","published",,"City of Bessemer Electric Utility","Bessemer","Bessemer","","City of Bessemer Electric Utility","normal",,,,"Bessemer",,"[]",,,"[""DP""]","municipal","1","[""missing_org_names_entry""]","[]","[]"
"673","SUP-city-of-bethel-public-works-electric-utility","supplemental","published",,"City of Bethel Public Works - Electric Utility","Bethel","Bethel","","City of Bethel Public Works - Electric Utility","normal",,,,"Bethel",,"[]",,,"[""DP""]","municipal","1","[""missing_org_names_entry"",""duplicate_label""]","[""NCR13276""]","[]"
"674","SUP-city-of-blountstown","supplemental","published",,"City of Blountstown","BLNTST","Blountstown","","City of Blountstown","normal",,,,"Blountstown",,"[]",,,"[""DP""]","municipal","1","[""missing_org_names_entry""]","[]","[]"
"675","SUP-city-of-boerne","supplemental","published",,"City of Boerne","Boerne","Boerne","","City of Boerne","normal",,,,"Boerne",,"[]",,,"[""DP""]","municipal","1","[""missing_org_names_entry""]","[]","[]"
"676","SUP-city-of-bowie","supplemental","published",,"City of Bowie","Bowie","Bowie","","City of Bowie","normal",,,,"Bowie",,"[]",,,"[""DP""]","municipal","1","[""missing_org_names_entry""]","[]","[]"
"677","SUP-city-of-brady","supplemental","published",,"City of Brady","Brady","Brady","","City of Brady","normal",,,,"Brady",,"[]",,,"[""DP""]","municipal","1","[""missing_org_names_entry""]","[]","[]"
"678","SUP-city-of-brenham","supplemental","published",,"City of Brenham","Brenham","Brenham","","City of Brenham","normal",,,,"Brenham",,"[]",,,"[""DP""]","municipal","1","[""missing_org_names_entry""]","[]","[]"
"679","SUP-city-of-bridgeport","supplemental","published",,"City of Bridgeport","BRDGPR","Bridgeport","","City of Bridgeport","normal",,,,"Bridgeport",,"[]",,,"[""DP""]","municipal","1","[""missing_org_names_entry"",""duplicate_label""]","[""NCR03035""]","[]"
"680","SUP-city-of-buford","supplemental","published",,"City of Buford","Buford","Buford","","City of Buford","normal",,,,"Buford",,"[]",,,"[""DP""]","municipal","1","[""missing_org_names_entry""]","[]","[]"
"681","SUP-city-of-burnet","supplemental","published",,"City of Burnet","Burnet","Burnet","","City of Burnet","normal",,,,"Burnet",,"[]",,,"[""DP""]","municipal","1","[""missing_org_names_entry""]","[]","[]"
"682","SUP-city-of-bushnell","supplemental","published",,"City of Bushnell","Bushnell","Bushnell","","City of Bushnell","normal",,,,"Bushnell",,"[]",,,"[""DP""]","municipal","1","[""missing_org_names_entry""]","[]","[]"
"683","SUP-city-of-cairo","supplemental","published",,"City of Cairo","Cairo","Cairo","","City of Cairo","normal",,,,"Cairo",,"[]",,,"[""DP""]","municipal","1","[""missing_org_names_entry""]","[]","[]"
"684","SUP-city-of-caldwell","supplemental","published",,"City of Caldwell","Caldwell","Caldwell","","City of Caldwell","normal",,,,"Caldwell",,"[]",,,"[""DP""]","municipal","1","[""missing_org_names_entry""]","[]","[]"
"685","SUP-city-of-calhoun-electric-department","supplemental","published",,"City of Calhoun Electric Department","Calhoun","Calhoun","","City of Calhoun Electric Department","normal",,,,"Calhoun",,"[]",,,"[""DP""]","municipal","1","[""missing_org_names_entry"",""duplicate_label""]","[""NCR12288""]","[]"
"686","SUP-city-of-cartersville","supplemental","published",,"City of Cartersville","CRTRSV","Cartersville","","City of Cartersville","normal",,,,"Cartersville",,"[]",,,"[""DP""]","municipal","1","[""missing_org_names_entry""]","[]","[]"
"687","SUP-city-of-castroville","supplemental","published",,"City of Castroville","CSTRVL","Castroville","","City of Castroville","normal",,,,"Castroville",,"[]",,,"[""DP""]","municipal","1","[""missing_org_names_entry""]","[]","[]"
"688","SUP-city-of-cheney","supplemental","published",,"City of Cheney","Cheney","Cheney","","City of Cheney","normal",,,,"Cheney",,"[]",,,"[""DP""]","municipal","1","[""missing_org_names_entry""]","[]","[]"
"689","SUP-city-of-chewelah","supplemental","published",,"City of Chewelah","Chewelah","Chewelah","","City of Chewelah","normal",,,,"Chewelah",,"[]",,,"[""DP""]","municipal","1","[""missing_org_names_entry""]","[]","[]"
"690","SUP-city-of-clewiston","supplemental","published",,"City of Clewiston","CLWSTN","Clewiston","","City of Clewiston","normal",,,,"Clewiston",,"[]",,,"[""DP""]","municipal","1","[""missing_org_names_entry""]","[]","[]"
"691","SUP-city-of-commerce","supplemental","published",,"City of Commerce","Commerce","Commerce","","City of Commerce","normal",,,,"Commerce",,"[]",,,"[""DP""]","municipal","1","[""missing_org_names_entry""]","[]","[]"
"692","SUP-city-of-cookeville-electric-department","supplemental","published",,"City of Cookeville Electric Department","CKVLL","Cookeville","","City of Cookeville Electric Department","normal",,,,"Cookeville",,"[]",,,"[""DP""]","municipal","1","[""missing_org_names_entry""]","[]","[]"
"693","SUP-city-of-covington","supplemental","published",,"City of Covington","CVNGTN","Covington","","City of Covington","normal",,,,"Covington",,"[]",,,"[""DP""]","municipal","1","[""missing_org_names_entry""]","[]","[]"
"694","SUP-city-of-dillingham-electric-utility","supplemental","published",,"City of Dillingham Electric Utility","DLLNGH","Dillingham","","City of Dillingham Electric Utility","normal",,,,"Dillingham",,"[]",,,"[""DP""]","municipal","1","[""missing_org_names_entry""]","[]","[]"
"695","SUP-city-of-dothan-electric-department","supplemental","published",,"City of Dothan Electric Department","Dothan","Dothan","","City of Dothan Electric Department","normal",,,,"Dothan",,"[]",,,"[""DP""]","municipal","1","[""missing_org_names_entry""]","[]","[]"
"696","SUP-city-of-fairhope-electric-department","supplemental","published",,"City of Fairhope Electric Department","Fairhope","Fairhope","","City of Fairhope Electric Department","normal",,,,"Fairhope",,"[]",,,"[""DP""]","municipal","1","[""missing_org_names_entry""]","[]","[]"
"697","SUP-city-of-fort-meade","supplemental","published",,"City of Fort Meade","FM","Fort Meade","","City of Fort Meade","normal",,,,"Fort Meade",,"[]",,,"[""DP""]","municipal","1","[""missing_org_names_entry""]","[]","[]"
"698","SUP-city-of-kaplan-electric-utility","supplemental","published",,"City of Kaplan Electric Utility","Kaplan","Kaplan","","City of Kaplan Electric Utility","normal",,,,"Kaplan",,"[]",,,"[""DP""]","municipal","1","[""missing_org_names_entry""]","[]","[]"
"699","SUP-city-of-king-cove-electric-department","supplemental","published",,"City of King Cove Electric Department","KC","King Cove","","City of King Cove Electric Department","normal",,,,"King Cove",,"[]",,,"[""DP""]","municipal","1","[""missing_org_names_entry""]","[]","[]"
"700","SUP-city-of-madisonville-electric-department","supplemental","published",,"City of Madisonville Electric Department","MDSNVL","Madisonville","","City of Madisonville Electric Department","normal",,,,"Madisonville",,"[]",,,"[""DP""]","municipal","1","[""missing_org_names_entry""]","[]","[]"
"701","SUP-city-of-moore-haven","supplemental","published",,"City of Moore Haven","MH","Moore Haven","","City of Moore Haven","normal",,,,"Moore Haven",,"[]",,,"[""DP""]","municipal","1","[""missing_org_names_entry""]","[]","[]"
"702","SUP-city-of-morgan-city-electric-utility","supplemental","published",,"City of Morgan City Electric Utility","MC","Morgan City","","City of Morgan City Electric Utility","normal",,,,"Morgan City",,"[]",,,"[""DP""]","municipal","1","[""missing_org_names_entry""]","[]","[]"
"703","SUP-city-of-mount-dora","supplemental","published",,"City of Mount Dora","MD","Mount Dora","","City of Mount Dora","normal",,,,"Mount Dora",,"[]",,,"[""DP""]","municipal","1","[""missing_org_names_entry""]","[]","[]"
"704","SUP-city-of-newberry","supplemental","published",,"City of Newberry","Newberry","Newberry","","City of Newberry","normal",,,,"Newberry",,"[]",,,"[""DP""]","municipal","1","[""missing_org_names_entry""]","[]","[]"
"705","SUP-city-of-paris-electric-utility","supplemental","published",,"City of Paris Electric Utility","Paris","Paris","","City of Paris Electric Utility","normal",,,,"Paris",,"[]",,,"[""DP""]","municipal","1","[""missing_org_names_entry"",""duplicate_label""]","[""NCR04138""]","[]"
"706","SUP-city-of-providence-electric-utility","supplemental","published",,"City of Providence Electric Utility","PRVDNC","Providence","","City of Providence Electric Utility","normal",,,,"Providence",,"[]",,,"[""DP""]","municipal","1","[""missing_org_names_entry""]","[]","[]"
"707","SUP-city-of-quincy","supplemental","published",,"City of Quincy","Quincy","Quincy","","City of Quincy","normal",,,,"Quincy",,"[]",,,"[""DP""]","municipal","1","[""missing_org_names_entry""]","[]","[]"
"708","SUP-city-of-rayne-electric-utility","supplemental","published",,"City of Rayne Electric Utility","Rayne","Rayne","","City of Rayne Electric Utility","normal",,,,"Rayne",,"[]",,,"[""DP""]","municipal","1","[""missing_org_names_entry""]","[]","[]"
"709","SUP-city-of-ruston-electric-utility","supplemental","published",,"City of Ruston Electric Utility","Ruston","Ruston","","City of Ruston Electric Utility","normal",,,,"Ruston",,"[]",,,"[""DP""]","municipal","1","[""missing_org_names_entry""]","[]","[]"
"710","SUP-city-of-seward-electric-system","supplemental","published",,"City of Seward Electric System","Seward","Seward","","City of Seward Electric System","normal",,,,"Seward",,"[]",,,"[""DP""]","municipal","1","[""missing_org_names_entry"",""duplicate_label""]","[""NCR11615""]","[]"
"711","SUP-city-of-starke","supplemental","published",,"City of Starke","Starke","Starke","","City of Starke","normal",,,,"Starke",,"[]",,,"[""DP""]","municipal","1","[""missing_org_names_entry""]","[]","[]"
"712","SUP-city-of-unalaska-department-of-public-utilities","supplemental","published",,"City of Unalaska Department of Public Utilities","Unalaska","Unalaska","","City of Unalaska Department of Public Utilities","normal",,,,"Unalaska",,"[]",,,"[""DP""]","municipal","1","[""missing_org_names_entry""]","[]","[]"
"713","SUP-city-of-valdez-electric-utility","supplemental","published",,"City of Valdez Electric Utility","Valdez","Valdez","","City of Valdez Electric Utility","normal",,,,"Valdez",,"[]",,,"[""DP""]","municipal","1","[""missing_org_names_entry""]","[]","[]"
"714","SUP-city-of-vinton-electric-utility","supplemental","published",,"City of Vinton Electric Utility","Vinton","Vinton","","City of Vinton Electric Utility","normal",,,,"Vinton",,"[]",,,"[""DP""]","municipal","1","[""missing_org_names_entry""]","[]","[]"
"715","SUP-city-of-wauchula","supplemental","published",,"City of Wauchula","Wauchula","Wauchula","","City of Wauchula","normal",,,,"Wauchula",,"[]",,,"[""DP""]","municipal","1","[""missing_org_names_entry""]","[]","[]"
"716","SUP-city-of-winnfield-electric-utility","supplemental","published",,"City of Winnfield Electric Utility","WNNFLD","Winnfield","","City of Winnfield Electric Utility","normal",,,,"Winnfield",,"[]",,,"[""DP""]","municipal","1","[""missing_org_names_entry""]","[]","[]"
"717","SUP-college-park-power","supplemental","published",,"College Park Power","CP","College Park","","College Park Power","normal",,,,"College Park",,"[]",,,"[""DP""]","municipal","1","[""missing_org_names_entry""]","[]","[]"
"718","SUP-columbia-power-water-systems","supplemental","published",,"Columbia Power & Water Systems","CPWS","CPWS","","Columbia Power & Water Systems","normal",,,,"CPWS",,"[]",,,"[""DP""]","municipal","1","[""missing_org_names_entry""]","[]","[]"
"719","SUP-copper-valley-electric-association-inc","supplemental","published",,"Copper Valley Electric Association, Inc.","CVEA","CVEA","","Copper Valley Electric Association, Inc.","normal",,,,"CVEA",,"[]",,,"[""DP""]","cooperative","1","[""missing_org_names_entry""]","[]","[]"
"720","SUP-cordova-electric-cooperative","supplemental","published",,"Cordova Electric Cooperative","Cordova","Cordova","","Cordova Electric Cooperative","normal",,,,"Cordova",,"[]",,,"[""DP""]","cooperative","1","[""missing_org_names_entry"",""duplicate_label""]","[""NCR00742""]","[]"
"721","SUP-crisp-county-power-commission","supplemental","published",,"Crisp County Power Commission","CC","Crisp County","","Crisp County Power Commission","normal",,,,"Crisp County",,"[]",,,"[""DP""]","municipal","1","[""missing_org_names_entry""]","[]","[]"
"722","SUP-cullman-power-board","supplemental","published",,"Cullman Power Board","Cullman","Cullman","","Cullman Power Board","normal",,,,"Cullman",,"[]",,,"[""DP""]","municipal","1","[""missing_org_names_entry""]","[]","[]"
"723","SUP-edgecombe-martin-county-emc","supplemental","published",,"Edgecombe-Martin County EMC","ECE","ECE","","Edgecombe-Martin County EMC","normal",,,,"ECE",,"[]",,,"[""DP""]","cooperative","1","[""missing_org_names_entry""]","[]","[]"
"724","SUP-four-county-emc","supplemental","published",,"Four County EMC","FCE","FCE","","Four County EMC","normal",,,,"FCE",,"[]",,,"[""DP""]","cooperative","1","[""missing_org_names_entry""]","[]","[]"
"725","SUP-frankfort-plant-board","supplemental","published",,"Frankfort Plant Board","FPB","FPB","","Frankfort Plant Board","normal",,,,"FPB",,"[]",,,"[""DP""]","municipal","1","[""missing_org_names_entry""]","[]","[]"
"726","SUP-golden-valley-electric-association-inc","supplemental","published",,"Golden Valley Electric Association, Inc.","GVEA","GVEA","","Golden Valley Electric Association, Inc.","normal",,,,"GVEA",,"[]",,,"[""DP""]","cooperative","1","[""missing_org_names_entry""]","[]","[]"
"727","SUP-greeneville-light-power-system","supplemental","published",,"Greeneville Light & Power System","GLPS","GLPS","","Greeneville Light & Power System","normal",,,,"GLPS",,"[]",,,"[""DP""]","municipal","1","[""missing_org_names_entry""]","[]","[]"
"728","SUP-gwitchyaa-zhee-utility-company","supplemental","published",,"Gwitchyaa Zhee Utility Company","GZUC","GZUC","","Gwitchyaa Zhee Utility Company","normal",,,,"GZUC",,"[]",,,"[""DP""]","other","1","[""missing_org_names_entry""]","[]","[]"
"729","SUP-halifax-emc","supplemental","published",,"Halifax EMC","HALIEMC","Halifax EMC","","Halifax EMC","normal",,,,"Halifax EMC",,"[]",,,"[""DP""]","cooperative","1","[""missing_org_names_entry""]","[]","[]"
"730","SUP-harrison-rural-electrification-association-inc","supplemental","published",,"Harrison Rural Electrification Association, Inc.","HREA","HREA","","Harrison Rural Electrification Association, Inc.","normal",,,,"HREA",,"[]",,,"[""DP""]","cooperative","1","[""missing_org_names_entry""]","[]","[]"
"731","SUP-havana-electric","supplemental","published",,"Havana Electric","Havana","Havana","","Havana Electric","normal",,,,"Havana",,"[]",,,"[""DP""]","municipal","1","[""missing_org_names_entry""]","[]","[]"
"732","SUP-hawaii-electric-light-company-inc","supplemental","published",,"Hawaii Electric Light Company, Inc.","HELCO","HELCO","","Hawaii Electric Light Company, Inc.","normal",,,,"HELCO",,"[]",,,"[""DP""]","IOU","1","[""missing_org_names_entry""]","[]","[]"
"733","SUP-hawaiian-electric-company-inc","supplemental","published",,"Hawaiian Electric Company, Inc.","HECO","HECO","","Hawaiian Electric Company, Inc.","normal",,,,"HECO",,"[]",,,"[""DP""]","IOU","1","[""missing_org_names_entry""]","[]","[]"
"734","SUP-hawaiian-electric-industries-inc","supplemental","published",,"Hawaiian Electric Industries, Inc.","HEI","HEI","","Hawaiian Electric Industries, Inc.","normal",,,,"HEI",,"[]",,,"[""DP""]","IOU","1","[""missing_org_names_entry""]","[]","[]"
"735","SUP-homer-electric-association-inc","supplemental","published",,"Homer Electric Association, Inc.","HEA","HEA","","Homer Electric Association, Inc.","normal",,,,"HEA",,"[]",,,"[""DP""]","cooperative","1","[""missing_org_names_entry""]","[]","[]"
"736","SUP-hopkinsville-electric-system","supplemental","published",,"Hopkinsville Electric System","HES","HES","","Hopkinsville Electric System","normal",,,,"HES",,"[]",,,"[""DP""]","municipal","1","[""missing_org_names_entry""]","[]","[]"
"737","SUP-inside-passage-electric-cooperative-inc","supplemental","published",,"Inside Passage Electric Cooperative, Inc.","IPEC","IPEC","","Inside Passage Electric Cooperative, Inc.","normal",,,,"IPEC",,"[]",,,"[""DP""]","cooperative","1","[""missing_org_names_entry""]","[]","[]"
"738","SUP-kauai-island-utility-cooperative","supplemental","published",,"Kauai Island Utility Cooperative","KIUC","KIUC","","Kauai Island Utility Cooperative","normal",,,,"KIUC",,"[]",,,"[""DP""]","cooperative","1","[""missing_org_names_entry""]","[]","[]"
"739","SUP-ketchikan-public-utilities-electric-division","supplemental","published",,"Ketchikan Public Utilities - Electric Division","KPU","KPU","","Ketchikan Public Utilities - Electric Division","normal",,,,"KPU",,"[]",,,"[""DP""]","IOU","1","[""missing_org_names_entry""]","[]","[]"
"740","SUP-kodiak-electric-association-inc","supplemental","published",,"Kodiak Electric Association, Inc.","KEA","KEA","","Kodiak Electric Association, Inc.","normal",,,,"KEA",,"[]",,,"[""DP""]","cooperative","1","[""missing_org_names_entry""]","[]","[]"
"741","SUP-kotzebue-electric-association","supplemental","published",,"Kotzebue Electric Association","KEA-K","KEA-K","","Kotzebue Electric Association","normal",,,,"KEA-K",,"[]",,,"[""DP""]","cooperative","1","[""missing_org_names_entry""]","[]","[]"
"742","SUP-luma-energy-llc","supplemental","published",,"LUMA Energy, LLC","LUMA","LUMA","","LUMA Energy, LLC","normal",,,,"LUMA",,"[]",,,"[""DP""]","merchant","1","[""missing_org_names_entry""]","[]","[]"
"743","SUP-matanuska-electric-association-inc","supplemental","published",,"Matanuska Electric Association, Inc.","MEA","MEA","","Matanuska Electric Association, Inc.","normal",,,,"MEA",,"[]",,,"[""DP""]","cooperative","1","[""missing_org_names_entry""]","[]","[]"
"744","SUP-maui-electric-company-limited","supplemental","published",,"Maui Electric Company, Limited","MECO","MECO","","Maui Electric Company, Limited","normal",,,,"MECO",,"[]",,,"[""DP""]","IOU","1","[""missing_org_names_entry""]","[]","[]"
"745","SUP-minden-power-plant","supplemental","published",,"Minden Power Plant","Minden","Minden","","Minden Power Plant","normal",,,,"Minden",,"[]",,,"[""DP""]","municipal","1","[""missing_org_names_entry""]","[]","[]"
"746","SUP-monongahela-power-company","supplemental","published",,"Monongahela Power Company","Mon","Mon Power","","Monongahela Power Company","normal",,,,"Mon Power",,"[]",,,"[""DP""]","IOU","1","[""missing_org_names_entry""]","[]","[]"
"747","SUP-muscle-shoals-electric-board","supplemental","published",,"Muscle Shoals Electric Board","MSEB","MSEB","","Muscle Shoals Electric Board","normal",,,,"MSEB",,"[]",,,"[""DP""]","municipal","1","[""missing_org_names_entry""]","[]","[]"
"748","SUP-naknek-electric-association-inc","supplemental","published",,"Naknek Electric Association, Inc.","Naknek","Naknek","","Naknek Electric Association, Inc.","normal",,,,"Naknek",,"[]",,,"[""DP""]","cooperative","1","[""missing_org_names_entry""]","[]","[]"
"749","SUP-nome-joint-utility-system","supplemental","published",,"Nome Joint Utility System","NJUS","NJUS","","Nome Joint Utility System","normal",,,,"NJUS",,"[]",,,"[""DP""]","IOU","1","[""missing_org_names_entry""]","[]","[]"
"750","SUP-nushagak-electric-telephone-cooperative-inc","supplemental","published",,"Nushagak Electric & Telephone Cooperative, Inc.","NET","NET","","Nushagak Electric & Telephone Cooperative, Inc.","normal",,,,"NET",,"[]",,,"[""DP""]","cooperative","1","[""missing_org_names_entry""]","[]","[]"
"751","SUP-opelika-power-services","supplemental","published",,"Opelika Power Services","OPS","OPS","","Opelika Power Services","normal",,,,"OPS",,"[]",,,"[""DP""]","municipal","1","[""missing_org_names_entry""]","[]","[]"
"752","SUP-pelican-utility-company","supplemental","published",,"Pelican Utility Company","Pelican","Pelican","","Pelican Utility Company","normal",,,,"Pelican",,"[]",,,"[""DP""]","municipal","1","[""missing_org_names_entry"",""duplicate_label""]","[""NCR13056""]","[]"
"753","SUP-petersburg-municipal-power-light","supplemental","published",,"Petersburg Municipal Power & Light","PMP&L","PMP&L","","Petersburg Municipal Power & Light","normal",,,,"PMP&L",,"[]",,,"[""DP""]","municipal","1","[""missing_org_names_entry""]","[]","[]"
"754","SUP-public-utility-district-no-1-of-lewis-county","supplemental","published",,"Public Utility District No. 1 of Lewis County","LC","Lewis County","","Public Utility District No. 1 of Lewis County","normal",,,,"Lewis County",,"[]",,,"[""DP""]","municipal","1","[""missing_org_names_entry""]","[]","[]"
"755","SUP-public-utility-district-no-1-of-pend-oreille-cou","supplemental","published",,"Public Utility District No. 1 of Pend Oreille County","PO","Pend Oreille","","Public Utility District No. 1 of Pend Oreille County","normal",,,,"Pend Oreille",,"[]",,,"[""DP""]","municipal","1","[""missing_org_names_entry""]","[]","[]"
"756","SUP-public-utility-district-no-2-of-grant-county","supplemental","published",,"Public Utility District No. 2 of Grant County","GC","Grant County","","Public Utility District No. 2 of Grant County","normal",,,,"Grant County",,"[]",,,"[""DP""]","municipal","1","[""missing_org_names_entry""]","[]","[]"
"757","SUP-puerto-rico-electric-power-authority","supplemental","published",,"Puerto Rico Electric Power Authority","PREPA","PREPA","","Puerto Rico Electric Power Authority","normal",,,,"PREPA",,"[]",,,"[""DP""]","IOU","1","[""missing_org_names_entry""]","[]","[]"
"758","SUP-puerto-rico-energy-bureau","supplemental","published",,"Puerto Rico Energy Bureau","NEPR","NEPR","","Puerto Rico Energy Bureau","normal",,,,"NEPR",,"[]",,,"[""DP""]","IOU","1","[""missing_org_names_entry""]","[]","[]"
"759","SUP-railbelt-reliability-council","supplemental","published",,"Railbelt Reliability Council","RRC","RRC","","Railbelt Reliability Council","normal",,,,"RRC",,"[]",,,"[""DP""]","other","1","[""missing_org_names_entry""]","[]","[]"
"760","SUP-shell-energy-north-america","supplemental","published",,"Shell Energy North America","Shell","Shell","","Shell Energy North America","normal",,,,"Shell",,"[]",,,"[""PSE""]","merchant","1","[""missing_org_names_entry"",""duplicate_label""]","[""NCR12240""]","[]"
"761","SUP-sitka-electric-department","supplemental","published",,"Sitka Electric Department","Sitka","Sitka","","Sitka Electric Department","normal",,,,"Sitka",,"[]",,,"[""DP""]","municipal","1","[""missing_org_names_entry""]","[]","[]"
"762","SUP-sunnova-energy-puerto-rico","supplemental","published",,"Sunnova Energy Puerto Rico","Sunnova","Sunnova","","Sunnova Energy Puerto Rico","normal",,,,"Sunnova",,"[]",,,"[""DP""]","IOU","1","[""missing_org_names_entry""]","[]","[]"
"763","SUP-tacoma-power","supplemental","published",,"Tacoma Power","Tacoma","Tacoma","","Tacoma Power","normal",,,,"Tacoma",,"[]",,,"[""DP""]","IOU","1","[""missing_org_names_entry""]","[]","[]"
"764","SUP-tanana-power-company-inc","supplemental","published",,"Tanana Power Company, Inc.","TPC","TPC","","Tanana Power Company, Inc.","normal",,,,"TPC",,"[]",,,"[""DP""]","IOU","1","[""missing_org_names_entry""]","[]","[]"
"765","SUP-tdx-power-inc","supplemental","published",,"TDX Power, Inc.","TDXP","TDXP","","TDX Power, Inc.","normal",,,,"TDXP",,"[]",,,"[""DP""]","other","1","[""missing_org_names_entry""]","[]","[]"
"766","SUP-virgin-islands-water-and-power-authority","supplemental","published",,"Virgin Islands Water and Power Authority","WAPA","WAPA","","Virgin Islands Water and Power Authority","normal",,,,"WAPA",,"[]",,,"[""DP""]","IOU","1","[""missing_org_names_entry"",""duplicate_label""]","[""NCR-SEED-055"",""NCR01036"",""NCR05464""]","[]"
"767","SUP-wartsila-virgin-islands-project-entity","supplemental","published",,"Wartsila Virgin Islands Project Entity","WV","Wartsila VI","","Wartsila Virgin Islands Project Entity","normal",,,,"Wartsila VI",,"[]",,,"[""DP""]","IOU","1","[""missing_org_names_entry""]","[]","[]"
"768","SUP-wheeling-power-company","supplemental","published",,"Wheeling Power Company","WPCo","WPCo","","Wheeling Power Company","normal",,,,"WPCo",,"[]",,,"[""DP""]","IOU","1","[""missing_org_names_entry""]","[]","[]"
"769","SUP-windmar-renewable-energy-inc","supplemental","published",,"Windmar Renewable Energy, Inc.","Windmar","Windmar","","Windmar Renewable Energy, Inc.","normal",,,,"Windmar",,"[]",,,"[""DP""]","IOU","1","[""missing_org_names_entry""]","[]","[]"
"770","SUP-wrangell-municipal-light-power","supplemental","published",,"Wrangell Municipal Light & Power","Wrangell","Wrangell","","Wrangell Municipal Light & Power","normal",,,,"Wrangell",,"[]",,,"[""DP""]","municipal","1","[""missing_org_names_entry""]","[]","[]"
"771","SUP-yakutat-power-inc","supplemental","published",,"Yakutat Power, Inc.","Yakutat","Yakutat","","Yakutat Power, Inc.","normal",,,,"Yakutat",,"[]",,,"[""DP""]","IOU","1","[""missing_org_names_entry""]","[]","[]"
"772","NCR05223","geocoded","published",,"Los Angeles Department of Water and Power","LADWP","LADWP","Los Angeles DWP","Los Angeles Department of Water and Power","major",,,,"LADWP","official_website","[]",,"WECC","[""BA"",""DP"",""GO"",""GOP"",""PC"",""RP"",""TO"",""TOP"",""TP"",""TSP""]",,"39","[""duplicate_label""]","[""NCR11467"",""NCR13416""]","[]"
"773","NCR05106","geocoded","published",,"Colorado Springs Utilities","CSU","CSU","Colorado Springs Utilities","Colorado Springs Utilities","normal",,,,"CSU","official_website","[]",,"WECC","[""DP"",""GO"",""GOP"",""PC"",""RP"",""TO"",""TOP"",""TP"",""TSP""]",,"31","[""duplicate_label""]","[""NCR04032""]","[]"
"774","NCR00761","geocoded","published",,"Duke Energy Corporation","Duke","Duke","Duke Energy","Duke Energy","major",,,,"Duke","common_market_name","[]",,"RF","[""BA"",""DP"",""GO"",""GOP"",""RP"",""TO"",""TOP"",""TP""]",,"27","[""duplicate_label""]","[""NCR-SEED-028"",""NCR00063""]","[]"
"775","NCR00798","geocoded","published",,"Indianapolis Power & Light Company d/b/a AES Indiana","AES","AES","AES Indiana","AES Indiana","normal",,,,"AES Indiana","common_market_name","[]",,"RF","[""BA"",""DP"",""GO"",""GOP"",""RP"",""TO"",""TOP"",""TP""]",,"27","[""duplicate_label""]","[""NCR05002"",""NCR05004"",""NCR11679"",""NCR11966"",""NCR11967"",""NCR12104""]","[]"
"776","NCR01027","geocoded","published",,"Rochester Public Utilities","RPU","RPU","Rochester Public Utilities","Rochester Public Utilities","normal",,,,"RPU","official_website","[]","City of Rochester","MRO","[""DP"",""GO"",""GOP"",""RP"",""TO"",""TOP"",""TP"",""TSP""]","municipal","24","[""duplicate_label""]","[""NCR05093""]","[]"
"777","NCR01196","geocoded","published",,"City of Columbia, MO","Columbia","Columbia","Columbia Water & Light","Columbia Water & Light","normal",,,,"Columbia W&L","official_website","[]",,"SERC","[""BA"",""DP"",""RP"",""TO"",""TOP"",""TP""]",,"23","[""duplicate_label""]","[""NCR13260""]","[]"
"778","NCR01072","geocoded","published",,"Independence Power & Light (Independence,Missouri)","NDPNDN","Independence","Independence Power & Light","Independence Power & Light","normal",,,,"Independence","official_website","[]",,"MRO","[""DP"",""GO"",""GOP"",""RP"",""TO"",""TOP"",""TP""]","municipal","19","[""duplicate_label""]","[""NCR13375""]","[]"
"779","NCR01155","geocoded","published",,"The Empire District Electric Company","Empire","Empire","Empire District Electric","Empire District Electric","normal",,,,"Empire","common_market_name","[]","Liberty Utilities","MRO","[""DP"",""GO"",""GOP"",""RP"",""TO"",""TOP"",""TP""]","IOU","19","[""duplicate_label""]","[""NCR11061"",""NCR11729""]","[]"
"780","NCR00961","geocoded","published",,"Alliant Energy - East","Alliant","Alliant","Alliant Energy East","Alliant Energy","normal",,,,"Alliant East","nerc_cores","[]","Alliant Energy Corporation","MRO","[""BA"",""DP"",""GO"",""GOP"",""RP""]","IOU","15","[""duplicate_label""]","[""NCR10337""]","[]"
"781","NCR01036","geocoded","published",,"Western Area Power Administration - Upper Great Plains East","WAPA","WAPA","WAPA Upper Great Plains East","Western Area Power Administration","major",,,,"WAPA UGP","official_website","[]","Western Area Power Administration","MRO","[""RP"",""TO"",""TOP"",""TP""]","federal","14","[""duplicate_label""]","[""NCR-SEED-055"",""NCR05464"",""SUP-virgin-islands-water-and-power-authority""]","[]"
"782","NCR04032","geocoded","published",,"City of College Station","CSU","CSU","College Station Utilities","College Station Utilities","normal",,,,"CSU","official_website","[]",,"Texas RE","[""DP"",""TO"",""TOP"",""TP""]",,"13","[""duplicate_label""]","[""NCR05106""]","[]"
"783","NCR13145","geocoded","published",,"Avangrid Service Company","Avangrid","Avangrid","Avangrid Service Company","Avangrid","major",,,,"Avangrid Service","official_website","[]","Avangrid","NPCC","[""DP"",""TO"",""TP"",""TSP""]","IOU","12","[""duplicate_label""]","[""NCR10259""]","[]"
"784","NCR11171","geocoded","published",,"National Grid USA","NatGrid","NatGrid","National Grid USA","National Grid","major",,,,"NGUSA","official_website","[]",,"NPCC","[""DP"",""TO"",""TP"",""TSP""]","IOU","12","[""duplicate_label""]","[""NCR07128""]","[]"
"785","NCR01359","geocoded","published",,"USACE - Mobile District","USACE","USACE","USACE Mobile District","U.S. Army Corps of Engineers - Mobile District","normal",,,,"USACE Mobile","name_initialism","[]",,"SERC","[""GO"",""GOP"",""TO"",""TOP""]",,"12","[""duplicate_label""]","[""NCR00978"",""NCR01356"",""NCR01357"",""NCR01360"",""NCR01361"",""NCR01364"",""NCR06037"",""NCR06038"",""NCR11109""]","[]"
"786","NCR10400","geocoded","published",,"ITC Great Plains, LLC","ITC","ITC","ITC Great Plains","ITC Great Plains","normal",,,,"ITC Great Plains","official_website","[]","ITC Holdings","MRO","[""TO"",""TOP"",""TP""]","IOU","12","[""duplicate_label""]","[""NCR00803"",""NCR10192""]","[]"
"787","NCR10192","geocoded","published",,"ITC Midwest","ITC","ITC","ITC Midwest","ITC Midwest","normal",,,,"ITC Midwest","official_website","[]","ITC Holdings","MRO","[""TO"",""TOP"",""TP""]","IOU","12","[""duplicate_label""]","[""NCR00803"",""NCR10400""]","[]"
"788","NCR00803","geocoded","published",,"ITC Transmission","ITC","ITC","ITC Transmission","ITC Transmission","major",,,,"ITC","common_market_name","[]",,"RF","[""TO"",""TOP"",""TP""]",,"12","[""duplicate_label""]","[""NCR10192"",""NCR10400""]","[]"
"789","NCR11791","geocoded","published",,"Alcoa Power Generating Inc. -Long Sault Division","Alcoa","Alcoa","Alcoa Power Generating - Long Sault","Alcoa Power Generating - Long Sault","normal",,,,"APGI Long Sault","name_initialism","[]","Alcoa Corporation","NPCC","[""TO"",""TOP""]","merchant","8","[""duplicate_label""]","[""SUP-city-of-alcoa-electric-department""]","[]"
"790","NCR04008","geocoded","published",,"Bandera Electric Cooperative, Inc.","BEC","BEC","Bandera Electric Cooperative","Bandera Electric Cooperative","normal",,,,"BEC","official_website","[]",,"Texas RE","[""DP"",""TO"",""TP""]",,"7","[""duplicate_label""]","[""NCR11246""]","[]"
"791","NCR01192","geocoded","published",,"Citizens Electric Corporation","Citizens","Citizens","Citizens Electric","Citizens Electric","normal",,,,"Citizens Electric","official_website","[]",,"SERC","[""DP"",""TO"",""TP""]",,"7","[""duplicate_label""]","[""NCR13462""]","[]"
"792","NCR11109","geocoded","published",,"USACE - Fort Worth District","USACE","USACE","USACE Fort Worth District","U.S. Army Corps of Engineers - Fort Worth District","normal",,,,"USACE Fort Worth","name_initialism","[]",,"SERC","[""GO"",""GOP"",""TO""]",,"6","[""duplicate_label""]","[""NCR00978"",""NCR01356"",""NCR01357"",""NCR01359"",""NCR01360"",""NCR01361"",""NCR01364"",""NCR06037"",""NCR06038""]","[]"
"793","NCR01357","geocoded","published",,"USACE - Kansas City District","USACE","USACE","USACE Kansas City District","U.S. Army Corps of Engineers - Kansas City District","normal",,,,"USACE KC","name_initialism","[]","U.S. Army Corps of Engineers","MRO","[""GO"",""GOP"",""TO""]","federal","6","[""duplicate_label""]","[""NCR00978"",""NCR01356"",""NCR01359"",""NCR01360"",""NCR01361"",""NCR01364"",""NCR06037"",""NCR06038"",""NCR11109""]","[]"
"794","NCR06037","geocoded","published",,"USACE - Little Rock District","USACE","USACE","USACE Little Rock District","U.S. Army Corps of Engineers - Little Rock District","normal",,,,"USACE LR","name_initialism","[]","U.S. Army Corps of Engineers","MRO","[""GO"",""GOP"",""TO""]","federal","6","[""duplicate_label""]","[""NCR00978"",""NCR01356"",""NCR01357"",""NCR01359"",""NCR01360"",""NCR01361"",""NCR01364"",""NCR06038"",""NCR11109""]","[]"
"795","NCR01360","geocoded","published",,"USACE - Nashville District","USACE","USACE","USACE Nashville District","U.S. Army Corps of Engineers - Nashville District","normal",,,,"USACE Nashville","name_initialism","[]",,"SERC","[""GO"",""GOP"",""TO""]",,"6","[""duplicate_label""]","[""NCR00978"",""NCR01356"",""NCR01357"",""NCR01359"",""NCR01361"",""NCR01364"",""NCR06037"",""NCR06038"",""NCR11109""]","[]"
"796","NCR00978","geocoded","published",,"USACE - Omaha District","USACE","USACE","USACE Omaha District","U.S. Army Corps of Engineers - Omaha District","normal",,,,"USACE Omaha","name_initialism","[]","U.S. Army Corps of Engineers","MRO","[""GO"",""GOP"",""TO""]","federal","6","[""duplicate_label""]","[""NCR01356"",""NCR01357"",""NCR01359"",""NCR01360"",""NCR01361"",""NCR01364"",""NCR06037"",""NCR06038"",""NCR11109""]","[]"
"797","NCR06038","geocoded","published",,"USACE - Tulsa District","USACE","USACE","USACE Tulsa District","U.S. Army Corps of Engineers - Tulsa District","normal",,,,"USACE Tulsa","name_initialism","[]","U.S. Army Corps of Engineers","MRO","[""GO"",""GOP"",""TO""]","federal","6","[""duplicate_label""]","[""NCR00978"",""NCR01356"",""NCR01357"",""NCR01359"",""NCR01360"",""NCR01361"",""NCR01364"",""NCR06037"",""NCR11109""]","[]"
"798","NCR01364","geocoded","published",,"USACE - Wilmington District","USACE","USACE","USACE Wilmington District","U.S. Army Corps of Engineers - Wilmington District","normal",,,,"USACE Wilmington","name_initialism","[]",,"SERC","[""GO"",""GOP"",""TO""]",,"6","[""duplicate_label""]","[""NCR00978"",""NCR01356"",""NCR01357"",""NCR01359"",""NCR01360"",""NCR01361"",""NCR06037"",""NCR06038"",""NCR11109""]","[]"
"799","NCR13009","geocoded","published",,"DCR Transmission, L.L.C.","DCR","DCR","DCR Transmission","DCR Transmission","normal",,,,"DCR","name_initialism","[]",,"WECC","[""TO"",""TP""]",,"6","[""duplicate_label""]","[""NCR11173""]","[]"
"800","NCR12556","geocoded","published",,"NextEra Energy Transmission Southwest, LLC","NEET","NEET","NextEra Energy Transmission Southwest","NextEra Energy Transmission Southwest","normal",,,,"NET Southwest","common_market_name","[]","NextEra Energy Transmission","MRO","[""TO"",""TP""]","IOU","6","[""duplicate_label""]","[""NCR12045""]","[]"
"801","NCR01273","geocoded","published",,"Mississippi Power Company","MPC","MPC","Mississippi Power","Mississippi Power","major",,,,"MPC","common_market_name","[]",,"SERC","[""DP"",""GO"",""TO""]",,"5","[""duplicate_label""]","[""NCR07144"",""NCR11596""]","[]"
"802","NCR11516","geocoded","published",,"ACE O&M, LLC","ACE","ACE","ACE O&M","ACE O&M","normal",,,,"ACE O&M","nerc_cores","[]","ALLETE Clean Energy, Inc.","MRO","[""GO"",""GOP""]","merchant","4","[""duplicate_label""]","[""NCR00688""]","[]"
"803","NCR11679","geocoded","published",,"AES US Renewables","AES","AES","AES US Renewables","AES US Renewables","normal",,,,"AES","official_website","[]","The AES Corporation","MRO","[""GO"",""GOP""]","merchant","4","[""duplicate_label""]","[""NCR00798"",""NCR05002"",""NCR05004"",""NCR11966"",""NCR11967"",""NCR12104""]","[]"
"804","NCR10337","geocoded","published",,"Alliant Energy - East","Alliant","Alliant","Alliant Energy East","Alliant Energy - East","normal",,,,"Alliant East","common_market_name","[]","Alliant Energy Corporation","RF","[""GO"",""GOP""]","other","4","[""duplicate_label""]","[""NCR00961""]","[]"
"805","NCR10259","geocoded","published",,"Avangrid Power, LLC","Avangrid","Avangrid","Avangrid Power","Avangrid Power","major",,,,"Avangrid","official_website","[]","Avangrid, Inc.","MRO","[""GO"",""GOP""]","merchant","4","[""duplicate_label""]","[""NCR13145""]","[]"
"806","NCR11246","geocoded","published",,"Bayonne Energy Center","BEC","BEC","Bayonne Energy Center","Bayonne Energy Center","normal",,,,"BEC","common_market_name","[]","TigerGenCo","NPCC","[""GO"",""GOP""]","merchant","4","[""duplicate_label""]","[""NCR04008""]","[]"
"807","NCR13276","geocoded","published",,"Bethel Wind Energy LLC","Bethel","Bethel","Bethel Wind Energy","Bethel Wind Energy","normal",,,,"Bethel","name_initialism","[]",,"MRO","[""GO"",""GOP""]","merchant","4","[""duplicate_label""]","[""SUP-city-of-bethel-public-works-electric-utility""]","[]"
"808","NCR04112","geocoded","published",,"BHER Power Resources, Inc.","BHER","BHER","BHER Power Resources","BHER Power Resources","normal",,,,"BHER","name_initialism","[]",,"Texas RE","[""GO"",""GOP""]",,"4","[""duplicate_label""]","[""NCR12018""]","[]"
"809","NCR13297","geocoded","published",,"Bluestone Farm Solar, LLC","BLSTN","Bluestone","Bluestone Farm Solar","Bluestone Farm Solar","normal",,,,"Bluestone","name_initialism","[]",,"SERC","[""GO"",""GOP""]",,"4","[""duplicate_label""]","[""NCR12406""]","[]"
"810","NCR12406","geocoded","published",,"Bluestone Wind, LLC","BLSTN","Bluestone","Bluestone Wind","Bluestone Wind","normal",,,,"Bluestone","common_market_name","[]","Northland Power","NPCC","[""GO"",""GOP""]","merchant","4","[""duplicate_label""]","[""NCR13297""]","[]"
"811","NCR10210","geocoded","published",,"Brazos Wind Ventures, LLC","Brazos","Brazos","Brazos Wind Ventures","Brazos Wind Ventures","normal",,,,"Brazos Wind","common_market_name","[]",,"Texas RE","[""GO"",""GOP""]",,"4","[""duplicate_label""]","[""NCR01186"",""NCR04015""]","[]"
"812","NCR12229","geocoded","published",,"Bridgeport Harbor","BHS","BHS","Bridgeport Harbor Station","Bridgeport Harbor Station","normal",,,,"BHS","common_market_name","[]","Generation Bridge II","NPCC","[""GO"",""GOP""]","merchant","4","[""duplicate_label""]","[""NCR13173""]","[]"
"813","NCR11563","geocoded","published",,"Buckeye Wind Energy, LLC","Buckeye","Buckeye","Buckeye Wind Energy","Buckeye Wind Energy","normal",,,,"Buckeye Wind","name_initialism","[]","Invenergy LLC","MRO","[""GO"",""GOP""]","merchant","4","[""duplicate_label""]","[""NCR00700""]","[]"
"814","NCR12288","geocoded","published",,"Calhoun Solar Energy LLC","Calhoun","Calhoun","Calhoun Solar Energy","Calhoun Solar Energy","normal",,,,"Calhoun Solar","common_market_name","[]","Invenergy LLC","RF","[""GO"",""GOP""]","merchant","4","[""duplicate_label""]","[""SUP-city-of-calhoun-electric-department""]","[]"
"815","NCR00838","geocoded","published",,"Camden Plant Holdings, LLC","Camden","Camden","Camden Plant","Camden Plant","normal",,,,"Camden Plant","common_market_name","[]","Talen Energy Corporation","RF","[""GO"",""GOP""]","merchant","4","[""duplicate_label""]","[""NCR01195""]","[]"
"816","NCR10330","geocoded","published",,"Canandaigua Power Partners, LLC","CPP","CPP","Canandaigua Power Partners","Canandaigua Power Partners","normal",,,,"CPP","name_initialism","[]","Brookfield Renewable Partners","NPCC","[""GO"",""GOP""]","merchant","4","[""duplicate_label""]","[""NCR00712"",""NCR11846""]","[]"
"817","NCR11846","geocoded","published",,"Carolina Power Partners, LLC","CPP","CPP","Carolina Power Partners","Carolina Power Partners","normal",,,,"CPP","official_website","[]",,"SERC","[""GO"",""GOP""]",,"4","[""duplicate_label""]","[""NCR00712"",""NCR10330""]","[]"
"818","NCR13265","geocoded","published",,"Carroll Area Wind Farm LLC","Carroll","Carroll","Carroll Area Wind Farm","Carroll Area Wind Farm","normal",,,,"Carroll Area","name_initialism","[]","Skyline Renewables LLC","MRO","[""GO"",""GOP""]","merchant","4","[""duplicate_label""]","[""NCR11786""]","[]"
"819","NCR11786","geocoded","published",,"Carroll County Energy, LLC","Carroll","Carroll","Carroll County Energy","Carroll County Energy","normal",,,,"Carroll County Energy","official_website","[]","Advanced Power AG","RF","[""GO"",""GOP""]","merchant","4","[""duplicate_label""]","[""NCR13265""]","[]"
"820","NCR11926","geocoded","published",,"Clearway Renewable Operation & Maintenance LLC","Clearway","Clearway","Clearway Renewables","Clearway Renewable Operation & Maintenance","normal",,,,"Clearway RENOM","common_market_name","[]","Clearway Energy Group","MRO","[""GO"",""GOP""]","merchant","4","[""duplicate_label""]","[""NCR11883""]","[]"
"821","NCR00742","geocoded","published",,"Cordova Energy Company, LLC","Cordova","Cordova","Cordova Energy","Cordova Energy","normal",,,,"Cordova Energy","common_market_name","[]","Berkshire Hathaway Energy","RF","[""GO"",""GOP""]","merchant","4","[""duplicate_label""]","[""SUP-cordova-electric-cooperative""]","[]"
"822","NCR01210","geocoded","published",,"Cottonwood Energy Company LP","CTTNWD","Cottonwood","Cottonwood Energy","Cottonwood Energy","normal",,,,"Cottonwood","name_initialism","[]",,"SERC","[""GO"",""GOP""]",,"4","[""duplicate_label""]","[""NCR13354""]","[]"
"823","NCR11810","geocoded","published",,"CP Bloom Wind, LLC","Bloom","Bloom","CP Bloom Wind","CP Bloom Wind","normal",,,,"Bloom Wind","name_initialism","[]","Capital Power Corporation","MRO","[""GO"",""GOP""]","merchant","4","[""duplicate_label""]","[""NCR13509""]","[]"
"824","NCR11706","geocoded","published",,"CPV Maryland, LLC","CPV","CPV","CPV Maryland","CPV Maryland","normal",,,,"CPV Maryland","official_website","[]","Competitive Power Ventures","RF","[""GO"",""GOP""]","merchant","4","[""duplicate_label""]","[""NCR11585"",""NCR11827"",""NCR11952"",""NCR12421"",""NCR12445"",""NCR13148"",""NCR13149"",""NCR13272""]","[]"
"825","NCR12445","geocoded","published",,"CPV Stagecoach Solar, LLC","CPV","CPV","CPV Stagecoach Solar","CPV Stagecoach Solar","normal",,,,"Stagecoach","official_website","[]",,"SERC","[""GO"",""GOP""]",,"4","[""duplicate_label""]","[""NCR11585"",""NCR11706"",""NCR11827"",""NCR11952"",""NCR12421"",""NCR13148"",""NCR13149"",""NCR13272""]","[]"
"826","NCR13115","geocoded","published",,"Darby Power LLC","Darby","Darby","Darby Power","Darby Power","normal",,,,"Darby","common_market_name","[]",,"RF","[""GO"",""GOP""]",,"4","[""duplicate_label""]","[""NCR13523""]","[]"
"827","NCR11173","geocoded","published",,"Delaware City Refining Company LLC","DCR","DCR","Delaware City Refining","Delaware City Refining Company","normal",,,,"DCR","name_initialism","[]",,"RF","[""GO"",""GOP""]",,"4","[""duplicate_label""]","[""NCR13009""]","[]"
"828","NCR13087","geocoded","published",,"Enbridge Solar (Orange Grove), LLC","OG","Orange Grove","Enbridge Orange Grove Solar","Enbridge Orange Grove Solar","normal",,,,"Orange Grove","name_initialism","[]",,"Texas RE","[""GO"",""GOP""]",,"4","[""duplicate_label""]","[""NCR11352""]","[]"
"829","NCR12068","geocoded","published",,"ENGIE Long Draw Solar LLC","ENGIE","ENGIE","ENGIE Long Draw Solar","ENGIE Long Draw Solar","major",,,,"Long Draw","name_initialism","[]",,"Texas RE","[""GO"",""GOP""]",,"4","[""duplicate_label""]","[""NCR13093""]","[]"
"830","NCR13093","geocoded","published",,"ENGIE Solidago Solar LLC","ENGIE","ENGIE","ENGIE Solidago Solar","ENGIE Solidago Solar","major",,,,"ENGIE","name_initialism","[]",,"RF","[""GO"",""GOP""]",,"4","[""duplicate_label""]","[""NCR12068""]","[]"
"831","NCR11166","geocoded","published",,"Entergy - Nuclear","Entergy","Entergy","Entergy Nuclear","Entergy Nuclear","major",,,,"Entergy Nuclear","common_market_name","[]",,"SERC","[""GO"",""GOP""]",,"4","[""duplicate_label""]","[""NCR01234"",""NCR11167"",""NCR12526""]","[]"
"832","NCR00128","geocoded","published",,"ExxonMobil Corp - Baton Rouge","Exxon","Exxon","ExxonMobil Baton Rouge","ExxonMobil Baton Rouge","major",,,,"Exxon BR","name_initialism","[]",,"SERC","[""GO"",""TO""]",,"4","[""duplicate_label""]","[""NCR01239"",""NCR04058""]","[]"
"833","NCR11963","geocoded","published",,"Franklin Biomass Plant","Franklin","Franklin","Franklin Biomass","Franklin Biomass Plant","normal",,,,"GRP Franklin","name_initialism","[]",,"SERC","[""GO"",""GOP""]",,"4","[""duplicate_label""]","[""NCR13018""]","[]"
"834","NCR13142","geocoded","published",,"Frontier Solar, LLC","Frontier","Frontier","Frontier Solar","Frontier Solar","normal",,,,"Frontier Solar","common_market_name","[]",,"WECC","[""GO"",""GOP""]",,"4","[""duplicate_label""]","[""NCR11692"",""NCR12088""]","[]"
"835","NCR11149","geocoded","published",,"GenOn Energy Inc.","GenOn","GenOn","GenOn Energy","GenOn Energy","major",,,,"GenOn","sec_filing","[]",,"WECC","[""GO"",""GOP""]",,"4","[""duplicate_label""]","[""NCR11871""]","[]"
"836","NCR11871","geocoded","published",,"GenOn Mid-Atlantic, LLC","GenOn","GenOn","GenOn Mid-Atlantic","GenOn Mid-Atlantic","major",,,,"GenOn MA","name_initialism","[]",,"RF","[""GO"",""GOP""]",,"4","[""duplicate_label""]","[""NCR11149""]","[]"
"837","NCR00069","geocoded","published",,"GEV - Shady Hills","GEV","GEV","GEV Shady Hills","GEV Shady Hills","normal",,,,"Shady Hills","name_initialism","[]",,"SERC","[""GO"",""GOP""]",,"4","[""duplicate_label""]","[""NCR11696"",""NCR11747""]","[]"
"838","NCR13326","geocoded","published",,"Greenfield Wind, LLC","GRNFLD","Greenfield","Greenfield Wind","Greenfield Wind","normal",,,,"Greenfield Wind","common_market_name","[]",,"WECC","[""GO"",""GOP""]",,"4","[""duplicate_label""]","[""NCR00716""]","[]"
"839","NCR11631","geocoded","published",,"Gunsight Mountain Wind Energy LLC","Gunsight","Gunsight","Gunsight Mountain Wind","Gunsight Mountain Wind Energy","normal",,,,"Gunsight Mountain","common_market_name","[]",,"Texas RE","[""GO"",""GOP""]",,"4","[""duplicate_label""]","[""NCR12284""]","[]"
"840","NCR10360","geocoded","published",,"Indeck - Corinth, LP","Indeck","Indeck","Indeck Corinth","Indeck Corinth","normal",,,,"Corinth","common_market_name","[]","Indeck Energy Services","NPCC","[""GO"",""GOP""]","merchant","4","[""duplicate_label""]","[""NCR10361"",""NCR10363"",""NCR10364"",""NCR12257""]","[]"
"841","NCR13375","geocoded","published",,"Independence Wind Farm, LLC","NDPNDN","Independence","Independence Wind Farm","Independence Wind Farm","normal",,,,"Independence Wind","name_initialism","[]","BHE Renewables","MRO","[""GO"",""GOP""]","merchant","4","[""duplicate_label""]","[""NCR01072""]","[]"
"842","NCR10244","geocoded","published",,"Invenergy Cannon Falls, LLC","NVNRGY","Invenergy","Invenergy Cannon Falls","Invenergy Cannon Falls","major",,,,"Cannon Falls","common_market_name","[]","Invenergy","MRO","[""GO"",""GOP""]","merchant","4","[""duplicate_label""]","[""NCR11513"",""NCR11694"",""NCR11718"",""NCR12072"",""NCR12075"",""NCR12076"",""NCR12128"",""NCR12203"",""NCR12250"",""NCR12251"",""NCR12271"",""NCR12280"",""NCR12329"",""NCR12448"",""NCR12468"",""NCR12550"",""NCR12554"",""NCR13032"",""NCR13055"",""NCR13069"",""NCR13073"",""NCR13083"",""NCR13116"",""NCR13193"",""NCR13194"",""NCR13200"",""NCR13204"",""NCR13256"",""NCR13284"",""NCR13359"",""NCR13414""]","[]"
"843","NCR11513","geocoded","published",,"Invenergy Nelson LLC","Invenerg","Invenergy","Invenergy Nelson","Invenergy Nelson","major",,,,"Invenerg","name_initialism","[]",,"RF","[""GO"",""GOP""]",,"4","[""duplicate_label""]","[""NCR10244"",""NCR11694"",""NCR11718"",""NCR12072"",""NCR12075"",""NCR12076"",""NCR12128"",""NCR12203"",""NCR12250"",""NCR12251"",""NCR12271"",""NCR12280"",""NCR12329"",""NCR12448"",""NCR12468"",""NCR12550"",""NCR12554"",""NCR13032"",""NCR13055"",""NCR13069"",""NCR13073"",""NCR13083"",""NCR13116"",""NCR13193"",""NCR13194"",""NCR13200"",""NCR13204"",""NCR13256"",""NCR13284"",""NCR13359"",""NCR13414""]","[]"
"844","NCR12338","geocoded","published",,"Johnson County Power, LLC","Johnson","Johnson","Johnson County Power","Johnson County Power","normal",,,,"Johnson County","common_market_name","[]",,"Texas RE","[""GO"",""GOP""]",,"4","[""duplicate_label""]","[""NCR13436""]","[]"
"845","NCR12211","geocoded","published",,"Keys Energy Center","Keys","Keys","Keys Energy Center","Keys Energy Center","normal",,,,"Keys EC","name_initialism","[]",,"RF","[""GO"",""GOP""]",,"4","[""duplicate_label""]","[""NCR00041""]","[]"
"846","NCR12525","geocoded","published",,"Kiowa County Solar Project, LLC","Kiowa","Kiowa","Kiowa County Solar","Kiowa County Solar","normal",,,,"Kiowa Solar","name_initialism","[]","Savion","MRO","[""GO"",""TO""]","merchant","4","[""duplicate_label""]","[""NCR01113"",""NCR04088""]","[]"
"847","NCR11503","geocoded","published",,"Longhorn Wind Project, LLC","Longhorn","Longhorn","Longhorn Wind","Longhorn Wind Project","normal",,,,"Longhorn Wind","eia_861","[]",,"Texas RE","[""GO"",""GOP""]",,"4","[""duplicate_label""]","[""NCR12495""]","[]"
"848","NCR11467","geocoded","published",,"Los Angeles Department of Water and Power - APEX","LADWP","LADWP","LADWP APEX","LADWP APEX","major",,,,"LADWP Apex","common_market_name","[]",,"WECC","[""GO"",""GOP""]",,"4","[""duplicate_label""]","[""NCR05223"",""NCR13416""]","[]"
"849","NCR13416","geocoded","published",,"Los Angeles Department of Water and Power - Linden Wind","LADWP","LADWP","LADWP Linden Wind","LADWP Linden Wind","major",,,,"Linden Wind","common_market_name","[]",,"WECC","[""GO"",""GOP""]",,"4","[""duplicate_label""]","[""NCR05223"",""NCR11467""]","[]"
"850","NCR11107","geocoded","published",,"LSP University Park, LLC","LSP","LSP","LSP University Park","LSP University Park","normal",,,,"LSP UP","name_initialism","[]",,"RF","[""GO"",""GOP""]",,"4","[""duplicate_label""]","[""NCR10022""]","[]"
"851","NCR10022","geocoded","published",,"LSP-Cottage Grove, LP","LSP","LSP","LSP Cottage Grove","LSP Cottage Grove","normal",,,,"Cottage Grove","common_market_name","[]","Panamint Capital","MRO","[""GO"",""GOP""]","merchant","4","[""duplicate_label""]","[""NCR11107""]","[]"
"852","NCR11962","geocoded","published",,"Madison Biomass Plant","Madison","Madison","Madison Biomass","Madison Biomass Plant","normal",,,,"Madison","name_initialism","[]",,"SERC","[""GO"",""GOP""]",,"4","[""duplicate_label""]","[""NCR12417""]","[]"
"853","NCR11772","geocoded","published",,"Meridian Limited Partnership","Meridian","Meridian","Meridian Wind","Meridian Wind","normal",,,,"Meridian Wind","common_market_name","[]","DTE Energy","MRO","[""GO"",""GOP""]","merchant","4","[""duplicate_label""]","[""NCR13292""]","[]"
"854","NCR11943","geocoded","published",,"Midway Peaking, LLC","Midway","Midway","Midway Peaking","Midway Peaking","normal",,,,"Midway Peaking","common_market_name","[]",,"WECC","[""GO"",""GOP""]",,"4","[""duplicate_label""]","[""NCR05510"",""NCR11888"",""NCR11894""]","[]"
"855","NCR05510","geocoded","published",,"Midway Sunset Cogeneration Company","Midway","Midway","Midway Sunset Cogen","Midway Sunset Cogeneration","normal",,,,"Midway Sunset","common_market_name","[]",,"WECC","[""GO"",""GOP""]",,"4","[""duplicate_label""]","[""NCR11888"",""NCR11894"",""NCR11943""]","[]"
"856","NCR11894","geocoded","published",,"Midway Wind, LLC","Midway","Midway","Midway Wind","Midway Wind","normal",,,,"Midway Wind","eia_861","[]",,"Texas RE","[""GO"",""GOP""]",,"4","[""duplicate_label""]","[""NCR05510"",""NCR11888"",""NCR11943""]","[]"
"857","NCR07144","geocoded","published",,"Millennium Power Company, LLC","MPC","MPC","Millennium Power","Millennium Power Company","normal",,,,"MPC","name_initialism","[]",,"NPCC","[""GO"",""GOP""]","merchant","4","[""duplicate_label""]","[""NCR01273"",""NCR11596""]","[]"
"858","NCR11596","geocoded","published",,"MPC Generating, LLC","MPC","MPC","MPC Generating","MPC Generating","normal",,,,"MPC Gen","name_initialism","[]",,"SERC","[""GO"",""GOP""]",,"4","[""duplicate_label""]","[""NCR01273"",""NCR07144""]","[]"
"859","NCR11261","geocoded","published",,"Mustang Hills, LLC","Mustang","Mustang","Mustang Hills","Mustang Hills","normal",,,,"Mustang Hills","common_market_name","[]",,"WECC","[""GO"",""GOP""]",,"4","[""duplicate_label""]","[""NCR11951""]","[]"
"860","NCR11928","geocoded","published",,"NAES Corporation - Sycamore","Sycamore","Sycamore","Sycamore Cogeneration","Sycamore Cogeneration","normal",,,,"NAES Sycamore","name_initialism","[]",,"WECC","[""GO"",""GOP""]",,"4","[""duplicate_label""]","[""NCR13283""]","[]"
"861","NCR07128","geocoded","published",,"National Grid Generation LLC","NatGrid","NatGrid","National Grid Generation","National Grid Generation","major",,,,"NGG","name_initialism","[]","National Grid USA","NPCC","[""GO"",""GOP""]","IOU","4","[""duplicate_label""]","[""NCR11171""]","[]"
"862","NCR07154","geocoded","published",,"New Athens Generating Company, LLC","Athens","Athens","New Athens Generating","New Athens Generating Company","normal",,,,"AthensGen","common_market_name","[]",,"NPCC","[""GO"",""GOP""]","merchant","4","[""duplicate_label""]","[""SUP-city-of-athens-electric-department""]","[]"
"863","NCR11831","geocoded","published",,"Ohio Power Partners,  LLC","OPP","OPP","Ohio Power Partners","Ohio Power Partners","normal",,,,"OPP","name_initialism","[]",,"RF","[""GO"",""GOP""]",,"4","[""duplicate_label""]","[""NCR00212""]","[]"
"864","NCR11352","geocoded","published",,"Orange Grove Energy,  L.P.","OG","Orange Grove","Orange Grove Energy","Orange Grove Energy","normal",,,,"Orange Grove","common_market_name","[]",,"WECC","[""GO"",""GOP""]",,"4","[""duplicate_label""]","[""NCR13087""]","[]"
"865","NCR13382","geocoded","published",,"Ormat Stillwater Solar LLC","STLLWT","Stillwater","Ormat Stillwater Solar","Ormat Stillwater Solar","normal",,,,"Stillwater Solar","common_market_name","[]",,"WECC","[""GO"",""GOP""]",,"4","[""duplicate_label""]","[""NCR13524""]","[]"
"866","NCR04138","geocoded","published",,"Paris Generation, LP","Paris","Paris","Paris Generation","Paris Generation","normal",,,,"Paris Gen","name_initialism","[]",,"Texas RE","[""GO"",""GOP""]",,"4","[""duplicate_label""]","[""SUP-city-of-paris-electric-utility""]","[]"
"867","NCR11838","geocoded","published",,"Rattlesnake Power, LLC","RTTLSN","Rattlesnake","Rattlesnake Power","Rattlesnake Power","normal",,,,"Rattlesnake Power","name_initialism","[]",,"Texas RE","[""GO"",""GOP""]",,"4","[""duplicate_label""]","[""NCR11547""]","[]"
"868","NCR11547","geocoded","published",,"Rattlesnake Wind I LLC","RTTLSN","Rattlesnake","Rattlesnake Wind I","Rattlesnake Wind I","normal",,,,"Rattlesnake I","name_initialism","[]",,"Texas RE","[""GO"",""GOP""]",,"4","[""duplicate_label""]","[""NCR11838""]","[]"
"869","NCR10304","geocoded","published",,"Red Hills Wind Project, L.L.C.","RH","Red Hills","Red Hills Wind","Red Hills Wind Project","normal",,,,"Red Hills Wind","common_market_name","[]","Acciona Energia","MRO","[""GO"",""GOP""]","merchant","4","[""duplicate_label""]","[""NCR12050""]","[]"
"870","NCR11296","geocoded","published",,"Rio Bravo  Rocklin","RBR","Rio Bravo","Rio Bravo Rocklin","Rio Bravo Rocklin","normal","meaningful_name","eia_861","https://www.interconnection.fyi/eia/project/10772","Rio Bravo Rocklin","common_market_name","[]",,"WECC","[""GO"",""GOP""]",,"4","[""duplicate_label""]","[""NCR11924""]","[]"
"871","NCR11924","geocoded","published",,"Rio Bravo Windpower, LLC","RB","Rio Bravo","Rio Bravo Windpower","Rio Bravo Windpower","normal",,,,"Rio Bravo","name_initialism","[]",,"Texas RE","[""GO"",""GOP""]",,"4","[""duplicate_label""]","[""NCR11296""]","[]"
"872","NCR11214","geocoded","published",,"Rockland Wind Farm LLC","Rockland","Rockland","Rockland Wind Farm","Rockland Wind Farm LLC","normal",,,,"Rockland Wind","common_market_name","[]",,"WECC","[""GO"",""GOP""]",,"4","[""duplicate_label""]","[""NCR00863""]","[]"
"873","NCR11615","geocoded","published",,"Seward Generation, LLC","Seward","Seward","Seward Generation","Seward Generation","normal",,,,"Seward","eia_861","[]",,"RF","[""GO"",""GOP""]",,"4","[""duplicate_label""]","[""SUP-city-of-seward-electric-system""]","[]"
"874","NCR12240","geocoded","published",,"Shell Chemicals Appalachia LLC","Shell","Shell","Shell Polymers","Shell Polymers Monaca","major",,,,"Shell Polymers","official_website","[]",,"RF","[""GO"",""GOP""]",,"4","[""duplicate_label""]","[""SUP-shell-energy-north-america""]","[]"
"875","NCR12352","geocoded","published",,"Sunflower Energy Center, LLC","SNFLWR","Sunflower","Sunflower Energy Center","Sunflower Energy Center","normal",,,,"Sunflower Energy","common_market_name","[]","Orsted","MRO","[""GO"",""GOP""]","merchant","4","[""duplicate_label""]","[""NCR-SEED-059"",""NCR01148"",""NCR11702"",""NCR12266""]","[]"
"876","NCR13283","geocoded","published",,"Sycamore Creek Solar, LLC","Sycamore","Sycamore","Sycamore Creek Solar","Sycamore Creek Solar","normal",,,,"Sycamore Creek","official_website","[]",,"RF","[""GO"",""GOP""]",,"4","[""duplicate_label""]","[""NCR11928""]","[]"
"877","NCR10245","geocoded","published",,"Tatanka Wind Power, LLC","Tatanka","Tatanka","Tatanka Wind Power","Tatanka Wind Power","normal",,,,"Tatanka","common_market_name","[]","Acciona","MRO","[""GO"",""GOP""]","merchant","4","[""duplicate_label""]","[""NCR12077""]","[]"
"878","NCR11995","geocoded","published",,"Tenaska Clear Creek Wind, LLC","Tenaska","Tenaska","Tenaska Clear Creek Wind","Tenaska Clear Creek Wind","major",,,,"Clear Creek","eia_861","[]",,"SERC","[""GO"",""GOP""]",,"4","[""duplicate_label""]","[""NCR00632"",""NCR00633"",""NCR01337"",""NCR01339"",""NCR04136"",""NCR04137"",""NCR11882""]","[]"
"879","NCR01337","geocoded","published",,"Tenaska Georgia Partners, L.P.","Tenaska","Tenaska","Tenaska Georgia","Tenaska Georgia Partners","major",,,,"Tenaska GA","eia_861","[]",,"SERC","[""GO"",""GOP""]",,"4","[""duplicate_label""]","[""NCR00632"",""NCR00633"",""NCR01339"",""NCR04136"",""NCR04137"",""NCR11882"",""NCR11995""]","[]"
"880","NCR11882","geocoded","published",,"Tenaska Pennsylvania Partners, LLC","Tenaska","Tenaska","Tenaska Pennsylvania","Tenaska Pennsylvania Partners","major",,,,"Tenaska PA","name_initialism","[]",,"RF","[""GO"",""GOP""]",,"4","[""duplicate_label""]","[""NCR00632"",""NCR00633"",""NCR01337"",""NCR01339"",""NCR04136"",""NCR04137"",""NCR11995""]","[]"
"881","NCR01339","geocoded","published",,"Tenaska Virginia Partners, L.P.","Tenaska","Tenaska","Tenaska Virginia","Tenaska Virginia Partners","major",,,,"Tenaska VA","official_website","[]",,"SERC","[""GO"",""GOP""]",,"4","[""duplicate_label""]","[""NCR00632"",""NCR00633"",""NCR01337"",""NCR04136"",""NCR04137"",""NCR11882"",""NCR11995""]","[]"
"882","NCR12013","geocoded","published",,"Willow Creek Energy LLC","WC","Willow Creek","Willow Creek Energy","Willow Creek Energy LLC","normal",,,,"Willow Creek","common_market_name","[]",,"WECC","[""GO"",""GOP""]",,"4","[""duplicate_label""]","[""NCR12037""]","[]"
"883","NCR12037","geocoded","published",,"Willow Creek Wind Power LLC","WC","Willow Creek","Willow Creek Wind","Willow Creek Wind Power","normal",,,,"Willow Creek","common_market_name","[]","Orsted","MRO","[""GO"",""GOP""]","merchant","4","[""duplicate_label""]","[""NCR12013""]","[]"
"884","NCR00688","geocoded","published",,"Atlantic City Electric Company","ACE","ACE","Atlantic City Electric","Atlantic City Electric","major",,,,"ACE","common_market_name","[]","Exelon Corporation","RF","[""DP"",""TO""]","IOU","3","[""duplicate_label""]","[""NCR11516""]","[]"
"885","NCR00712","geocoded","published",,"City of Cleveland, Dept. of Public Utilities, Division of Cleveland Public Power","CPP","CPP","Cleveland Public Power","Cleveland Public Power","normal",,,,"CPP","official_website","[]",,"RF","[""DP"",""TO""]","municipal","3","[""duplicate_label""]","[""NCR10330"",""NCR11846""]","[]"
"886","NCR05093","geocoded","published",,"City of Riverside Public Utilities","RPU","RPU","Riverside Public Utilities","Riverside Public Utilities","normal",,,,"RPU","official_website","[]",,"WECC","[""RP"",""DP""]",,"3","[""duplicate_label""]","[""NCR01027""]","[]"
"887","NCR11744","geocoded","published",,"Hill County Electric Cooperative, Inc.","HCE","HCE","Hill County Electric Cooperative","Hill County Electric Cooperative","normal",,,,"HCE","common_market_name","[]",,"WECC","[""TO"",""DP""]",,"3","[""duplicate_label""]","[""NCR05190""]","[]"
"888","NCR05190","geocoded","published",,"Holy Cross Energy","HCE","HCE","Holy Cross Energy","Holy Cross Energy","normal",,,,"HCE","common_market_name","[]",,"WECC","[""DP"",""TO""]",,"3","[""duplicate_label""]","[""NCR11744""]","[]"
"889","NCR06047","geocoded","published",,"Lea County Electric Cooperative, Inc.","LCEC","LCEC","Lea County Electric Cooperative","Lea County Electric Cooperative","normal",,,,"LCEC","official_website","[]",,"MRO","[""DP"",""TO""]","cooperative","3","[""duplicate_label""]","[""NCR00045""]","[]"
"890","NCR11739","geocoded","published",,"McKenzie Electric Cooperative","McKenzie","McKenzie","McKenzie Electric Cooperative","McKenzie Electric Cooperative","normal",,,,"McKenzie Electric","official_website","[]",,"MRO","[""DP"",""TO""]","cooperative","3","[""duplicate_label""]","[""NCR13246""]","[]"
"891","NCR00863","geocoded","published",,"Rockland Electric Company","Rockland","Rockland","Rockland Electric","Rockland Electric","major",,,,"Rockland Electric","official_website","[]",,"RF","[""DP"",""TO""]",,"3","[""duplicate_label""]","[""NCR11214""]","[]"
"892","NCR11833","geocoded","published",,"AL Solar A, LLC","AL Solar","AL Solar","AL Solar A","AL Solar A","normal",,,,"AL Solar A","name_initialism","[]",,"SERC","[""GO""]",,"2","[""duplicate_label""]","[""NCR12312"",""NCR13549"",""NCR13550""]","[]"
"893","NCR13281","geocoded","published",,"AWAM - Bowman Wind","AWAM","AWAM","AWAM Bowman Wind","AWAM Bowman Wind","normal",,,,"AWAM","common_market_name","[]","Apex Wind Asset Management, LLC","MRO","[""GOP""]","merchant","2","[""duplicate_label""]","[""NCR12300"",""NCR12560"",""NCR13011"",""NCR13026"",""NCR13043"",""NCR13048"",""NCR13060"",""NCR13086"",""NCR13101"",""NCR13259"",""NCR13555""]","[]"
"894","NCR12018","geocoded","published",,"BHER Market Operations, LLC","BHER","BHER","BHER Market Operations","BHER Market Operations","normal",,,,"BHER_MO","nerc_cores","[]","Berkshire Hathaway Energy Company","MRO","[""GOP""]","merchant","2","[""duplicate_label""]","[""NCR04112""]","[]"
"895","NCR13173","geocoded","published",,"Black Hollow Sun","BHS","BHS","Black Hollow Sun","Black Hollow Sun","normal",,,,"BHS","name_initialism","[]",,"WECC","[""GO""]",,"2","[""duplicate_label""]","[""NCR12229""]","[]"
"896","NCR13509","geocoded","published",,"Bloom Energy Corporation","Bloom","Bloom","Bloom Energy","Bloom Energy","major",,,,"Bloom","official_website","[]",,"NPCC","[""GOP""]","merchant","2","[""duplicate_label""]","[""NCR11810""]","[]"
"897","NCR13280","geocoded","published",,"Bowman Wind, LLC","Bowman","Bowman","Bowman Wind","Bowman Wind","normal",,,,"Bowman Wind","name_initialism","[]","Apex Clean Energy","MRO","[""GO""]","merchant","2","[""duplicate_label""]","[""NCR12024""]","[]"
"898","NCR11647","geocoded","published",,"Brookfield Power US Asset Management LLC","BPAM","Brookfield","Brookfield Power US","Brookfield Power US Asset Management","major",,,,"BPAM","sec_filing","[]","Brookfield Renewable Partners","NPCC","[""GOP""]","merchant","2","[""duplicate_label""]","[""NCR11286"",""NCR11324""]","[]"
"899","NCR11286","geocoded","published",,"Brookfield Smoky Mountain Hydropower LLC","BSMH","Brookfield","Smoky Mountain Hydro","Brookfield Smoky Mountain Hydropower","major",,,,"BSMH","name_initialism","[]",,"SERC","[""GO""]",,"2","[""duplicate_label""]","[""NCR11324"",""NCR11647""]","[]"
"900","NCR11324","geocoded","published",,"Brookfield White Pine Hydro, LLC","BWPH","Brookfield","White Pine Hydro","Brookfield White Pine Hydro","major",,,,"BWPH","sec_filing","[]","Brookfield Renewable Partners","NPCC","[""GO""]","merchant","2","[""duplicate_label""]","[""NCR11286"",""NCR11647""]","[]"
"901","NCR00700","geocoded","published",,"Buckeye Power, Inc.","Buckeye","Buckeye","Buckeye Power","Buckeye Power","major",,,,"Buckeye Power","official_website","[]",,"RF","[""GO""]","cooperative","2","[""duplicate_label""]","[""NCR11563""]","[]"
"902","NCR13462","geocoded","published",,"Citizens Imperial Solar, LLC","Citizens","Citizens","Citizens Imperial Solar","Citizens Imperial Solar","normal",,,,"Citizens","name_initialism","[]",,"WECC","[""GO""]",,"2","[""duplicate_label""]","[""NCR01192""]","[]"
"903","NCR11883","geocoded","published",,"Clearway Energy Operating LLC - Fossil","Clearway","Clearway","Clearway Energy Fossil","Clearway Energy Operating - Fossil","major",,,,"Clearway","official_website","[]",,"WECC","[""GO""]",,"2","[""duplicate_label""]","[""NCR11926""]","[]"
"904","NCR13260","geocoded","published",,"Columbia Solar Energy, LLC","Columbia","Columbia","Columbia Solar Energy","Columbia Solar Energy","normal",,,,"Columbia Solar","common_market_name","[]",,"WECC","[""GO""]",,"2","[""duplicate_label""]","[""NCR01196""]","[]"
"905","NCR13354","geocoded","published",,"Cottonwood Bayou Storage, LLC","CTTNWD","Cottonwood","Cottonwood Bayou Storage","Cottonwood Bayou Storage","normal",,,,"Cottonwood Bayou","name_initialism","[]",,"Texas RE","[""GO""]",,"2","[""duplicate_label""]","[""NCR01210""]","[]"
"906","NCR12243","geocoded","published",,"Crossett Power Management LLC","Crossett","Crossett","Crossett Power Management","Crossett Power Management","normal",,,,"Crossett","name_initialism","[]",,"Texas RE","[""GO""]",,"2","[""duplicate_label""]","[""NCR12493""]","[]"
"907","NCR12493","geocoded","published",,"Crossett Solar Energy LLC","Crossett","Crossett","Crossett Solar Energy","Crossett Solar Energy","normal",,,,"Crossett","name_initialism","[]",,"SERC","[""GO""]",,"2","[""duplicate_label""]","[""NCR12243""]","[]"
"908","NCR13523","geocoded","published",,"Darby Solar, LLC","Darby","Darby","Darby Solar","Darby Solar","normal",,,,"Darby Solar","common_market_name","[]","MN8 Energy","NPCC","[""GO""]","merchant","2","[""duplicate_label""]","[""NCR13115""]","[]"
"909","NCR11757","geocoded","published",,"EDF RAH - Playa Solar, LLC","EDF","EDF","EDF Playa Solar","EDF RAH Playa Solar","major",,,,"Playa Solar","common_market_name","[]",,"WECC","[""GO""]",,"2","[""duplicate_label""]","[""NCR11441""]","[]"
"910","NCR13524","geocoded","published",,"ELP Stillwater Solar, LLC","STLLWT","Stillwater","ELP Stillwater Solar","ELP Stillwater Solar","normal",,,,"Stillwater Solar","common_market_name","[]","East Light Partners","NPCC","[""GO""]","merchant","2","[""duplicate_label""]","[""NCR13382""]","[]"
"911","NCR12370","geocoded","published",,"Fall River Solar, LLC","FR","Fall River","Fall River Solar","Fall River Solar","normal",,,,"Fall River Solar","common_market_name","[]",,"WECC","[""GO""]",,"2","[""duplicate_label""]","[""NCR05154""]","[]"
"912","NCR13018","geocoded","published",,"Franklin Solar LLC","Franklin","Franklin","Franklin Solar","Franklin Solar","normal",,,,"Franklin Solar","common_market_name","[]",,"WECC","[""GO""]",,"2","[""duplicate_label""]","[""NCR11963""]","[]"
"913","NCR12284","geocoded","published",,"Gunsight Solar, LLC","Gunsight","Gunsight","Gunsight Solar","Gunsight Solar","normal",,,,"Gunsight","name_initialism","[]",,"SERC","[""GO""]",,"2","[""duplicate_label""]","[""NCR11631""]","[]"
"914","NCR12489","geocoded","published",,"Horus Louisiana 1, LLC","Horus","Horus","Horus Louisiana 1","Horus Louisiana 1","normal",,,,"Horus LA1","name_initialism","[]",,"SERC","[""GO""]",,"2","[""duplicate_label""]","[""NCR12436""]","[]"
"915","NCR12436","geocoded","published",,"Horus West Virginia 1,LLC","Horus","Horus","Horus West Virginia 1","Horus West Virginia 1","normal",,,,"Horus","name_initialism","[]",,"RF","[""GO""]",,"2","[""duplicate_label""]","[""NCR12489""]","[]"
"916","NCR12257","geocoded","published",,"Indeck Niles, LLC.","Indeck","Indeck","Indeck Niles","Indeck Niles","normal",,,,"Indeck","name_initialism","[]",,"RF","[""GO""]",,"2","[""duplicate_label""]","[""NCR10360"",""NCR10361"",""NCR10363"",""NCR10364""]","[]"
"917","NCR13083","geocoded","published",,"Invenergy Services-Bartonsville","Invenerg","Invenergy","Invenergy Services Bartonsville","Invenergy Services-Bartonsville","major",,,,"Invenerg","name_initialism","[]",,"RF","[""GOP""]",,"2","[""duplicate_label""]","[""NCR10244"",""NCR11513"",""NCR11694"",""NCR11718"",""NCR12072"",""NCR12075"",""NCR12076"",""NCR12128"",""NCR12203"",""NCR12250"",""NCR12251"",""NCR12271"",""NCR12280"",""NCR12329"",""NCR12448"",""NCR12468"",""NCR12550"",""NCR12554"",""NCR13032"",""NCR13055"",""NCR13069"",""NCR13073"",""NCR13116"",""NCR13193"",""NCR13194"",""NCR13200"",""NCR13204"",""NCR13256"",""NCR13284"",""NCR13359"",""NCR13414""]","[]"
"918","NCR12128","geocoded","published",,"Invenergy Services-Dry Lake","NVNRGY","Invenergy","Invenergy Services Dry Lake","Invenergy Services-Dry Lake","major",,,,"Invenergy-Dry Lake","name_initialism","[]",,"WECC","[""GOP""]",,"2","[""duplicate_label""]","[""NCR10244"",""NCR11513"",""NCR11694"",""NCR11718"",""NCR12072"",""NCR12075"",""NCR12076"",""NCR12203"",""NCR12250"",""NCR12251"",""NCR12271"",""NCR12280"",""NCR12329"",""NCR12448"",""NCR12468"",""NCR12550"",""NCR12554"",""NCR13032"",""NCR13055"",""NCR13069"",""NCR13073"",""NCR13083"",""NCR13116"",""NCR13193"",""NCR13194"",""NCR13200"",""NCR13204"",""NCR13256"",""NCR13284"",""NCR13359"",""NCR13414""]","[]"
"919","NCR13069","geocoded","published",,"Invenergy Services-Pixley","Pixley","Invenergy","Invenergy Services Pixley","Invenergy Services-Pixley","major",,,,"Pixley","common_market_name","[]","Invenergy","MRO","[""GOP""]","merchant","2","[""duplicate_label""]","[""NCR10244"",""NCR11513"",""NCR11694"",""NCR11718"",""NCR12072"",""NCR12075"",""NCR12076"",""NCR12128"",""NCR12203"",""NCR12250"",""NCR12251"",""NCR12271"",""NCR12280"",""NCR12329"",""NCR12448"",""NCR12468"",""NCR12550"",""NCR12554"",""NCR13032"",""NCR13055"",""NCR13073"",""NCR13083"",""NCR13116"",""NCR13193"",""NCR13194"",""NCR13200"",""NCR13204"",""NCR13256"",""NCR13284"",""NCR13359"",""NCR13414""]","[]"
"920","NCR12203","geocoded","published",,"Invenergy Services-Traverse","Traverse","Invenergy","Invenergy Services Traverse","Invenergy Services-Traverse","major",,,,"Traverse","common_market_name","[]","Invenergy","MRO","[""GOP""]","merchant","2","[""duplicate_label""]","[""NCR10244"",""NCR11513"",""NCR11694"",""NCR11718"",""NCR12072"",""NCR12075"",""NCR12076"",""NCR12128"",""NCR12250"",""NCR12251"",""NCR12271"",""NCR12280"",""NCR12329"",""NCR12448"",""NCR12468"",""NCR12550"",""NCR12554"",""NCR13032"",""NCR13055"",""NCR13069"",""NCR13073"",""NCR13083"",""NCR13116"",""NCR13193"",""NCR13194"",""NCR13200"",""NCR13204"",""NCR13256"",""NCR13284"",""NCR13359"",""NCR13414""]","[]"
"921","NCR12453","geocoded","published",,"IP Oberon, LLC","Oberon","Oberon","IP Oberon","IP Oberon","normal",,,,"Oberon","common_market_name","[]",,"WECC","[""GO""]",,"2","[""duplicate_label""]","[""NCR12032""]","[]"
"922","NCR13436","geocoded","published",,"Johnson Corner Solar I, LLC","Johnson","Johnson","Johnson Corner Solar I","Johnson Corner Solar I","normal",,,,"Johnson Corner","common_market_name","[]","Lightsource bp","MRO","[""GO""]","merchant","2","[""duplicate_label""]","[""NCR12338""]","[]"
"923","NCR13217","geocoded","published",,"KCE NY 6, LLC","KCE","KCE","KCE NY 6","KCE NY 6","normal",,,,"KCE NY 6","common_market_name","[]","Key Capture Energy","NPCC","[""GO""]","merchant","2","[""duplicate_label""]","[""NCR12311"",""NCR12351"",""NCR12511"",""NCR12514"",""NCR13344"",""NCR13345"",""NCR13346""]","[]"
"924","NCR12514","geocoded","published",,"KCE TX 10, LLC","KCE","KCE","KCE TX 10","KCE TX 10","normal",,,,"KCE TX10","name_initialism","[]",,"Texas RE","[""GO""]",,"2","[""duplicate_label""]","[""NCR12311"",""NCR12351"",""NCR12511"",""NCR13217"",""NCR13344"",""NCR13345"",""NCR13346""]","[]"
"925","NCR13345","geocoded","published",,"KCE TX 13, LLC","KCE","KCE","KCE TX 13","KCE TX 13","normal",,,,"KCE TX13","name_initialism","[]",,"Texas RE","[""GO""]",,"2","[""duplicate_label""]","[""NCR12311"",""NCR12351"",""NCR12511"",""NCR12514"",""NCR13217"",""NCR13344"",""NCR13346""]","[]"
"926","NCR13346","geocoded","published",,"KCE TX 23, LLC","KCE","KCE","KCE TX 23","KCE TX 23","normal",,,,"KCE TX23","name_initialism","[]",,"Texas RE","[""GO""]",,"2","[""duplicate_label""]","[""NCR12311"",""NCR12351"",""NCR12511"",""NCR12514"",""NCR13217"",""NCR13344"",""NCR13345""]","[]"
"927","NCR12467","geocoded","published",,"Lighthouse Renewables, Corp - Frye Solar","LGHTHS","Lighthouse","Lighthouse Frye Solar","Lighthouse Renewables Frye Solar","normal",,,,"Frye Solar","common_market_name","[]",,"Texas RE","[""GO""]",,"2","[""duplicate_label""]","[""NCR12470"",""NCR13126""]","[]"
"928","NCR13126","geocoded","published",,"Lighthouse Renewables, Corp - Outpost","Outpost","Lighthouse","Lighthouse Outpost","Lighthouse Renewables Outpost","normal",,,,"Outpost","common_market_name","[]",,"Texas RE","[""GO""]",,"2","[""duplicate_label""]","[""NCR12467"",""NCR12470""]","[]"
"929","NCR12470","geocoded","published",,"Lighthouse Renewables, Corp. - Jicarilla Energy Center","LGHTHS","Lighthouse","Lighthouse Jicarilla","Lighthouse Renewables Jicarilla Energy Center","normal",,,,"Jicarilla","common_market_name","[]",,"WECC","[""GO""]",,"2","[""duplicate_label""]","[""NCR12467"",""NCR13126""]","[]"
"930","NCR12417","geocoded","published",,"Madison Fields Solar Project, LLC","Madison","Madison","Madison Fields Solar","Madison Fields Solar Project","normal",,,,"Madison Fields","name_initialism","[]",,"RF","[""GO""]",,"2","[""duplicate_label""]","[""NCR11962""]","[]"
"931","NCR13246","geocoded","published",,"McKenzie Holdings LLC","McKenzie","McKenzie","McKenzie Holdings","McKenzie Holdings","normal",,,,"McKenzie","common_market_name","[]",,"WECC","[""GO""]",,"2","[""duplicate_label""]","[""NCR11739""]","[]"
"932","NCR11511","geocoded","published",,"Mesquite Creek Wind LLC","Mesquite","Mesquite","Mesquite Creek Wind","Mesquite Creek Wind","normal",,,,"Mesquite Creek","eia_861","[]",,"Texas RE","[""GO""]",,"2","[""duplicate_label""]","[""NCR05235"",""NCR11273""]","[]"
"933","NCR11888","geocoded","published",,"Midway Solar 1, LLC","Midway","Midway","Midway Solar 1","Midway Solar 1","normal",,,,"Midway Solar","eia_861","[]",,"Texas RE","[""GO""]",,"2","[""duplicate_label""]","[""NCR05510"",""NCR11894"",""NCR11943""]","[]"
"934","NCR12266","geocoded","published",,"MS Sunflower Solar Project Company, LLC","SNFLWR","Sunflower","MS Sunflower Solar","MS Sunflower Solar Project","normal",,,,"MS Sunflower","name_initialism","[]",,"SERC","[""GO""]",,"2","[""duplicate_label""]","[""NCR-SEED-059"",""NCR01148"",""NCR11702"",""NCR12352""]","[]"
"935","NCR11794","geocoded","published",,"NAES Corporation - Milford","Milford","Milford","NAES Milford","Milford Power","normal",,,,"Milford","name_initialism","[]",,"NPCC","[""GOP""]","merchant","2","[""duplicate_label""]","[""NCR10394"",""NCR12117""]","[]"
"936","NCR12045","geocoded","published",,"NextEra Energy Transmission MidAtlantic Indiana, Inc.","NEET","NEET","NextEra Energy Transmission MidAtlantic Indiana","NextEra Energy Transmission MidAtlantic Indiana","major",,,,"NEET MA-IN","name_initialism","[]",,"RF","[""TO""]",,"2","[""duplicate_label""]","[""NCR12556""]","[]"
"937","NCR11642","geocoded","published",,"NRG Energy Services - Golden Spread","NRG","NRG","NRG Golden Spread","NRG Energy Services Golden Spread","major",,,,"NRG Golden Spread","name_initialism","[]","NRG Energy","MRO","[""GO""]","merchant","2","[""duplicate_label""]","[""NCR05141"",""NCR10090"",""NCR10326"",""NCR11148"",""NCR11150"",""NCR11584"",""NCR11715"",""NCR11730"",""NCR11854"",""NCR12273"",""NCR12371""]","[]"
"938","NCR11150","geocoded","published",,"NRG Energy Services, LLC - Marsh Landing","NRG","NRG","NRG Marsh Landing","NRG Energy Services Marsh Landing","major",,,,"NRG Marsh Landing","name_initialism","[]",,"WECC","[""GOP""]",,"2","[""duplicate_label""]","[""NCR05141"",""NCR10090"",""NCR10326"",""NCR11148"",""NCR11584"",""NCR11642"",""NCR11715"",""NCR11730"",""NCR11854"",""NCR12273"",""NCR12371""]","[]"
"939","NCR12032","geocoded","published",,"Oberon Solar IA LLC","Oberon","Oberon","Oberon Solar IA","Oberon Solar IA","normal",,,,"Oberon","common_market_name","[]",,"Texas RE","[""GO""]",,"2","[""duplicate_label""]","[""NCR12453""]","[]"
"940","NCR13360","geocoded","published",,"Oriana Solar LLC","Oriana","Oriana","Oriana Solar","Oriana Solar","normal",,,,"Oriana","name_initialism","[]",,"Texas RE","[""GO""]",,"2","[""duplicate_label""]","[""SUP-oriana-energy-llc""]","[]"
"941","NCR13352","geocoded","published",,"Orion Solar I","Orion","Orion","Orion Solar I","Orion Solar I","normal",,,,"Orion Solar I","common_market_name","[]",,"WECC","[""GO""]",,"2","[""duplicate_label""]","[""NCR12502"",""NCR12503"",""NCR12510""]","[]"
"942","NCR10347","geocoded","published",,"Panoche Energy Center LLC","PEC","PEC","Panoche Energy Center","Panoche Energy Center LLC","normal",,,,"PEC","name_initialism","[]",,"WECC","[""GO""]",,"2","[""duplicate_label""]","[""NCR04111"",""SUP-pedernales-electric-cooperative""]","[]"
"943","NCR13056","geocoded","published",,"Pelican Power LLC","Pelican","Pelican","Pelican Power","Pelican Power","normal",,,,"Pelican Power","common_market_name","[]",,"SERC","[""TO""]",,"2","[""duplicate_label""]","[""SUP-pelican-utility-company""]","[]"
"944","NCR11955","geocoded","published",,"RE Astoria LLC","Astoria","Astoria","RE Astoria","RE Astoria LLC","normal",,,,"Astoria","common_market_name","[]",,"WECC","[""GO""]",,"2","[""duplicate_label""]","[""NCR00538"",""NCR07012""]","[]"
"945","NCR11951","geocoded","published",,"RE Mustang Holdings LLC","Mustang","Mustang","RE Mustang Holdings","RE Mustang Holdings LLC","normal",,,,"Mustang","common_market_name","[]",,"WECC","[""GO""]",,"2","[""duplicate_label""]","[""NCR11261""]","[]"
"946","NCR12282","geocoded","published",,"Siemens Energy, Inc. - EIFC","Siemens","Siemens","Siemens Energy EIFC","Siemens Energy EIFC","major",,,,"Siemens EIFC","name_initialism","[]",,"Texas RE","[""GOP""]",,"2","[""duplicate_label""]","[""NCR12178"",""NCR12264"",""NCR13334""]","[]"
"947","NCR12178","geocoded","published",,"Siemens Energy, Inc. - PEC","Siemens","Siemens","Siemens Energy PEC","Siemens Energy PEC","major",,,,"Siemens PEC","name_initialism","[]",,"SERC","[""GOP""]",,"2","[""duplicate_label""]","[""NCR12264"",""NCR12282"",""NCR13334""]","[]"
"948","NCR13363","geocoded","published",,"Speedway Solar NC, LLC","Speedway","Speedway","Speedway Solar NC","Speedway Solar NC","normal",,,,"Speedway Solar NC","eia_861","[]",,"SERC","[""GO""]",,"2","[""duplicate_label""]","[""NCR13128""]","[]"
"949","NCR13128","geocoded","published",,"Speedway Solar, LLC","Speedway","Speedway","Speedway Solar","Speedway Solar","normal",,,,"Speedway Solar","eia_861","[]",,"RF","[""GO""]",,"2","[""duplicate_label""]","[""NCR13363""]","[]"
"950","NCR13292","geocoded","published",,"SR Meridian III, LLC","Meridian","Meridian","SR Meridian III","SR Meridian III","normal",,,,"SR Meridian III","eia_861","[]",,"SERC","[""GO""]",,"2","[""duplicate_label""]","[""NCR11772""]","[]"
"951","NCR11702","geocoded","published",,"Sunflower Wind Project, LLC","SNFLWR","Sunflower","Sunflower Wind","Sunflower Wind Project","normal",,,,"Sunflower Wind","common_market_name","[]","Onward Energy","MRO","[""GO""]","merchant","2","[""duplicate_label""]","[""NCR-SEED-059"",""NCR01148"",""NCR12266"",""NCR12352""]","[]"
"952","NCR12077","geocoded","published",,"Tatanka Ridge Wind, LLC","Tatanka","Tatanka","Tatanka Ridge Wind","Tatanka Ridge Wind","normal",,,,"Tatanka Ridge","common_market_name","[]","WEC Energy Group","MRO","[""GO""]","merchant","2","[""duplicate_label""]","[""NCR10245""]","[]"
"953","NCR11925","geocoded","published",,"Transource East","TRNSRC","Transource","Transource East","Transource East","normal",,,,"Transource East","name_initialism","[]",,"RF","[""TO""]",,"2","[""duplicate_label""]","[""NCR11539"",""NCR13238""]","[]"
"954","NCR12024","geocoded","published",,"TWE Bowman Solar Project, LLC","Bowman","Bowman","TWE Bowman Solar","TWE Bowman Solar Project","normal",,,,"Bowman Solar","name_initialism","[]",,"SERC","[""GO""]",,"2","[""duplicate_label""]","[""NCR13280""]","[]"
"955","NCR12050","geocoded","published",,"Utah Red Hills Renewable Park,  LLC","RH","Red Hills","Utah Red Hills Renewable Park","Utah Red Hills Renewable Park, LLC","normal",,,,"Red Hills","common_market_name","[]",,"WECC","[""GO""]",,"2","[""duplicate_label""]","[""NCR10304""]","[]"
"956","NCR10042","geocoded","published",,"Alameda Municipal Power","AMP","AMP","Alameda Municipal Power","Alameda Municipal Power","normal",,,,"AMP","official_website","[]",,"WECC","[""DP""]",,"1","[""duplicate_label""]","[""NCR00683"",""NCR11899""]","[]"
"957","NCR01195","geocoded","published",,"City of Camden","Camden","Camden","Camden Utilities","City of Camden Utilities","normal",,,,"Camden Utilities","official_website","[]",,"SERC","[""DP""]",,"1","[""duplicate_label""]","[""NCR00838""]","[]"
"958","NCR00716","geocoded","published",,"City of Greenfield","GRNFLD","Greenfield","Greenfield Power & Light","City of Greenfield Power & Light","normal",,,,"Greenfield Power","official_website","[]","Indiana Municipal Power Agency","RF","[""DP""]","municipal","1","[""duplicate_label""]","[""NCR13326""]","[]"
"959","NCR11804","geocoded","published",,"Coleman County Electric Cooperative, Inc.","CCEC","CCEC","Coleman County Electric Cooperative","Coleman County Electric Cooperative","normal",,,,"CCEC","official_website","[]",,"Texas RE","[""DP""]",,"1","[""duplicate_label""]","[""SUP-carteret-craven-electric-cooperative""]","[]"
"960","NCR05154","geocoded","published",,"Fall River Rural Electric/PNGC","FR","Fall River","Fall River Rural Electric","Fall River Rural Electric Cooperative","normal",,,,"Fall River","common_market_name","[]",,"WECC","[""DP""]",,"1","[""duplicate_label""]","[""NCR12370""]","[]"
"961","NCR00041","geocoded","published",,"Key West, City of  (Keys Energy)","KEYS","KEYS","Keys Energy Services","City of Key West (Keys Energy)","normal",,,,"KEYS","official_website","[]",,"SERC","[""DP""]",,"1","[""duplicate_label""]","[""NCR12211""]","[]"
"962","NCR00045","geocoded","published",,"Lee County Electric Cooperative, Inc","LCEC","LCEC","Lee County Electric Cooperative","Lee County Electric Cooperative","normal",,,,"LCEC","official_website","[]",,"SERC","[""DP""]",,"1","[""duplicate_label""]","[""NCR06047""]","[]"
"963","NCR08073","geocoded","published",,"The City of Hamilton, Ohio","Hamilton","Hamilton","City of Hamilton Utilities","City of Hamilton, Ohio","normal",,,,"Hamilton","name_initialism","[]",,"RF","[""DP""]",,"1","[""duplicate_label""]","[""NCR11611"",""NCR11654""]","[]"
"964","NCR03035","geocoded","combined_member","NCR12229","Bridgeport Energy, LLC",,"Bridgeport","Bridgeport Energy","Bridgeport Energy","normal",,,,"Bridgeport Energy","common_market_name","[]","The Carlyle Group","NPCC","[""GO"",""GOP""]","merchant","4","[""duplicate_label""]","[""SUP-city-of-bridgeport""]","[]"
"965","NCR00212","geocoded","combined_member","NCR00168","Essential Power OPP, LLC",,"OPP","Essential Power OPP","Essential Power OPP","normal",,,,"Essentia","name_initialism","[]",,"RF","[""GO"",""GOP""]",,"4","[""duplicate_label""]","[""NCR11831""]","[]"
"966","NCR12495","geocoded","combined_member","NCR12504","Longhorn Storage LLC",,"Longhorn","Longhorn Storage","Longhorn Storage","normal",,,,"Longhorn Storage","name_initialism","[]",,"Texas RE","[""GO"",""GOP""]",,"4","[""duplicate_label""]","[""NCR11503""]","[]"
"967","NCR11715","geocoded","combined_member","NCR12420","NRG East",,"NRG","NRG East","NRG East","major",,,,"NRG East","common_market_name","[]",,"RF","[""GO"",""GOP""]",,"4","[""duplicate_label""]","[""NCR05141"",""NCR10090"",""NCR10326"",""NCR11148"",""NCR11150"",""NCR11584"",""NCR11642"",""NCR11730"",""NCR11854"",""NCR12273"",""NCR12371""]","[]"
"968","NCR13043","geocoded","combined_member","NCR13042","AWAM - Big Elm Solar, LLC",,"AWAM","AWAM Big Elm Solar","AWAM Big Elm Solar","normal",,,,"AWAM","nerc_cores","[]",,"Texas RE","[""GOP""]",,"2","[""duplicate_label""]","[""NCR12300"",""NCR12560"",""NCR13011"",""NCR13026"",""NCR13048"",""NCR13060"",""NCR13086"",""NCR13101"",""NCR13259"",""NCR13281"",""NCR13555""]","[]"
"969","NCR13259","geocoded","combined_member","NCR13258","AWAM - Coldwater River Solar",,"AWAM","AWAM Coldwater River Solar","AWAM Coldwater River Solar","normal",,,,"AWAM","common_market_name","[]","Apex Wind Asset Management, LLC","RF","[""GOP""]","merchant","2","[""duplicate_label""]","[""NCR12300"",""NCR12560"",""NCR13011"",""NCR13026"",""NCR13043"",""NCR13048"",""NCR13060"",""NCR13086"",""NCR13101"",""NCR13281"",""NCR13555""]","[]"
"970","NCR13026","geocoded","combined_member","NCR13027","AWAM - Downeast Wind",,"AWAM","AWAM Downeast Wind","AWAM Downeast Wind","normal",,,,"AWAM","common_market_name","[]","Apex Wind Asset Management, LLC","NPCC","[""GOP""]","merchant","2","[""duplicate_label""]","[""NCR12300"",""NCR12560"",""NCR13011"",""NCR13043"",""NCR13048"",""NCR13060"",""NCR13086"",""NCR13101"",""NCR13259"",""NCR13281"",""NCR13555""]","[]"
"971","NCR12560","geocoded","combined_member","NCR12561","AWAM - Great Kiskadee Storage",,"AWAM","AWAM Great Kiskadee Storage","AWAM Great Kiskadee Storage","normal",,,,"AWAM","nerc_cores","[]",,"Texas RE","[""GOP""]",,"2","[""duplicate_label""]","[""NCR12300"",""NCR13011"",""NCR13026"",""NCR13043"",""NCR13048"",""NCR13060"",""NCR13086"",""NCR13101"",""NCR13259"",""NCR13281"",""NCR13555""]","[]"
"972","NCR12300","geocoded","combined_member","NCR12301","AWAM - Great Pathfinder Wind",,"AWAM","AWAM Great Pathfinder Wind","AWAM Great Pathfinder Wind","normal",,,,"AWAM","common_market_name","[]","Apex Wind Asset Management, LLC","MRO","[""GOP""]","merchant","2","[""duplicate_label""]","[""NCR12560"",""NCR13011"",""NCR13026"",""NCR13043"",""NCR13048"",""NCR13060"",""NCR13086"",""NCR13101"",""NCR13259"",""NCR13281"",""NCR13555""]","[]"
"973","NCR13011","geocoded","combined_member","NCR13010","AWAM - Timbermill Wind",,"AWAM","AWAM Timbermill Wind","AWAM Timbermill Wind","normal",,,,"AWAM","name_initialism","[]",,"SERC","[""GOP""]",,"2","[""duplicate_label""]","[""NCR12300"",""NCR12560"",""NCR13026"",""NCR13043"",""NCR13048"",""NCR13060"",""NCR13086"",""NCR13101"",""NCR13259"",""NCR13281"",""NCR13555""]","[]"
"974","NCR13101","geocoded","combined_member","NCR13102","AWAM - Wheatsborough Solar",,"AWAM","AWAM Wheatsborough Solar","AWAM Wheatsborough Solar","normal",,,,"AWAM","common_market_name","[]","Apex Wind Asset Management, LLC","RF","[""GOP""]","merchant","2","[""duplicate_label""]","[""NCR12300"",""NCR12560"",""NCR13011"",""NCR13026"",""NCR13043"",""NCR13048"",""NCR13060"",""NCR13086"",""NCR13259"",""NCR13281"",""NCR13555""]","[]"
"975","NCR11441","geocoded","combined_member","NCR11972","EDF Renewable Service",,"EDF","EDF Renewable Service","EDF Renewable Service","major",,,,"EDF RE","official_website","[]","EDF Renewables North America","MRO","[""GOP""]","merchant","2","[""duplicate_label""]","[""NCR11757""]","[]"
"976","NCR11993","geocoded","combined_member","NCR00128","EthosEnergy - Louisiana Station - EMCF",,"Ethos","EthosEnergy Louisiana Station","EthosEnergy Louisiana Station EMCF","normal",,,,"LA Station","name_initialism","[]",,"SERC","[""GOP""]",,"2","[""duplicate_label""]","[""NCR11655"",""NCR11658"",""NCR12410""]","[]"
"977","NCR12280","geocoded","combined_member","NCR11548","Invenergy Services-Balko",,"Invenergy","Invenergy Services Balko","Invenergy Services-Balko","major",,,,"Balko","common_market_name","[]","Invenergy","MRO","[""GOP""]","merchant","2","[""duplicate_label""]","[""NCR10244"",""NCR11513"",""NCR11694"",""NCR11718"",""NCR12072"",""NCR12075"",""NCR12076"",""NCR12128"",""NCR12203"",""NCR12250"",""NCR12251"",""NCR12271"",""NCR12329"",""NCR12448"",""NCR12468"",""NCR12550"",""NCR12554"",""NCR13032"",""NCR13055"",""NCR13069"",""NCR13073"",""NCR13083"",""NCR13116"",""NCR13193"",""NCR13194"",""NCR13200"",""NCR13204"",""NCR13256"",""NCR13284"",""NCR13359"",""NCR13414""]","[]"
"978","NCR13055","geocoded","combined_member","NCR13054","Invenergy Services-Blue Bird",,"Invenergy","Invenergy Services Blue Bird","Invenergy Services-Blue Bird","major",,,,"Invenergy-BB","name_initialism","[]",,"SERC","[""GOP""]",,"2","[""duplicate_label""]","[""NCR10244"",""NCR11513"",""NCR11694"",""NCR11718"",""NCR12072"",""NCR12075"",""NCR12076"",""NCR12128"",""NCR12203"",""NCR12250"",""NCR12251"",""NCR12271"",""NCR12280"",""NCR12329"",""NCR12448"",""NCR12468"",""NCR12550"",""NCR12554"",""NCR13032"",""NCR13069"",""NCR13073"",""NCR13083"",""NCR13116"",""NCR13193"",""NCR13194"",""NCR13200"",""NCR13204"",""NCR13256"",""NCR13284"",""NCR13359"",""NCR13414""]","[]"
"979","NCR12075","geocoded","combined_member","NCR12074","Invenergy Services-Coyote Ridge",,"Invenergy","Invenergy Services Coyote Ridge","Invenergy Services-Coyote Ridge","major",,,,"Coyote Ridge","common_market_name","[]","Invenergy","MRO","[""GOP""]","merchant","2","[""duplicate_label""]","[""NCR10244"",""NCR11513"",""NCR11694"",""NCR11718"",""NCR12072"",""NCR12076"",""NCR12128"",""NCR12203"",""NCR12250"",""NCR12251"",""NCR12271"",""NCR12280"",""NCR12329"",""NCR12448"",""NCR12468"",""NCR12550"",""NCR12554"",""NCR13032"",""NCR13055"",""NCR13069"",""NCR13073"",""NCR13083"",""NCR13116"",""NCR13193"",""NCR13194"",""NCR13200"",""NCR13204"",""NCR13256"",""NCR13284"",""NCR13359"",""NCR13414""]","[]"
"980","NCR13193","geocoded","combined_member","NCR13189","Invenergy Services-Cuyama",,"Invenergy","Invenergy Services Cuyama","Invenergy Services-Cuyama","major",,,,"Invenergy-Cuyama","name_initialism","[]",,"WECC","[""GOP""]",,"2","[""duplicate_label""]","[""NCR10244"",""NCR11513"",""NCR11694"",""NCR11718"",""NCR12072"",""NCR12075"",""NCR12076"",""NCR12128"",""NCR12203"",""NCR12250"",""NCR12251"",""NCR12271"",""NCR12280"",""NCR12329"",""NCR12448"",""NCR12468"",""NCR12550"",""NCR12554"",""NCR13032"",""NCR13055"",""NCR13069"",""NCR13073"",""NCR13083"",""NCR13116"",""NCR13194"",""NCR13200"",""NCR13204"",""NCR13256"",""NCR13284"",""NCR13359"",""NCR13414""]","[]"
"981","NCR12072","geocoded","combined_member","NCR11885","Invenergy Services-Lamesa II",,"Invenergy","Invenergy Services Lamesa II","Invenergy Services-Lamesa II","major",,,,"Lamesa II","common_market_name","[]",,"Texas RE","[""GOP""]",,"2","[""duplicate_label""]","[""NCR10244"",""NCR11513"",""NCR11694"",""NCR11718"",""NCR12075"",""NCR12076"",""NCR12128"",""NCR12203"",""NCR12250"",""NCR12251"",""NCR12271"",""NCR12280"",""NCR12329"",""NCR12448"",""NCR12468"",""NCR12550"",""NCR12554"",""NCR13032"",""NCR13055"",""NCR13069"",""NCR13073"",""NCR13083"",""NCR13116"",""NCR13193"",""NCR13194"",""NCR13200"",""NCR13204"",""NCR13256"",""NCR13284"",""NCR13359"",""NCR13414""]","[]"
"982","NCR13032","geocoded","combined_member","NCR13024","Invenergy Services-Long Lake",,"Invenergy","Invenergy Services Long Lake","Invenergy Services-Long Lake","major",,,,"Invenergy-LL","name_initialism","[]",,"SERC","[""GOP""]",,"2","[""duplicate_label""]","[""NCR10244"",""NCR11513"",""NCR11694"",""NCR11718"",""NCR12072"",""NCR12075"",""NCR12076"",""NCR12128"",""NCR12203"",""NCR12250"",""NCR12251"",""NCR12271"",""NCR12280"",""NCR12329"",""NCR12448"",""NCR12468"",""NCR12550"",""NCR12554"",""NCR13055"",""NCR13069"",""NCR13073"",""NCR13083"",""NCR13116"",""NCR13193"",""NCR13194"",""NCR13200"",""NCR13204"",""NCR13256"",""NCR13284"",""NCR13359"",""NCR13414""]","[]"
"983","NCR13256","geocoded","combined_member","NCR13257","Invenergy Services-Power County",,"Invenergy","Invenergy Services Power County","Invenergy Services-Power County","major",,,,"Invenergy-PC","name_initialism","[]",,"WECC","[""GOP""]",,"2","[""duplicate_label""]","[""NCR10244"",""NCR11513"",""NCR11694"",""NCR11718"",""NCR12072"",""NCR12075"",""NCR12076"",""NCR12128"",""NCR12203"",""NCR12250"",""NCR12251"",""NCR12271"",""NCR12280"",""NCR12329"",""NCR12448"",""NCR12468"",""NCR12550"",""NCR12554"",""NCR13032"",""NCR13055"",""NCR13069"",""NCR13073"",""NCR13083"",""NCR13116"",""NCR13193"",""NCR13194"",""NCR13200"",""NCR13204"",""NCR13284"",""NCR13359"",""NCR13414""]","[]"
"984","NCR12250","geocoded","combined_member","NCR11206","Invenergy Services-Sherbino II",,"Invenergy","Invenergy Services Sherbino II","Invenergy Services-Sherbino II","major",,,,"Sherbino II","common_market_name","[]",,"Texas RE","[""GOP""]",,"2","[""duplicate_label""]","[""NCR10244"",""NCR11513"",""NCR11694"",""NCR11718"",""NCR12072"",""NCR12075"",""NCR12076"",""NCR12128"",""NCR12203"",""NCR12251"",""NCR12271"",""NCR12280"",""NCR12329"",""NCR12448"",""NCR12468"",""NCR12550"",""NCR12554"",""NCR13032"",""NCR13055"",""NCR13069"",""NCR13073"",""NCR13083"",""NCR13116"",""NCR13193"",""NCR13194"",""NCR13200"",""NCR13204"",""NCR13256"",""NCR13284"",""NCR13359"",""NCR13414""]","[]"
"985","NCR12076","geocoded","combined_member","NCR10245","Invenergy Services-Tatanka",,"Invenergy","Invenergy Services Tatanka","Invenergy Services-Tatanka","major",,,,"Tatanka","common_market_name","[]","Invenergy","MRO","[""GOP""]","merchant","2","[""duplicate_label""]","[""NCR10244"",""NCR11513"",""NCR11694"",""NCR11718"",""NCR12072"",""NCR12075"",""NCR12128"",""NCR12203"",""NCR12250"",""NCR12251"",""NCR12271"",""NCR12280"",""NCR12329"",""NCR12448"",""NCR12468"",""NCR12550"",""NCR12554"",""NCR13032"",""NCR13055"",""NCR13069"",""NCR13073"",""NCR13083"",""NCR13116"",""NCR13193"",""NCR13194"",""NCR13200"",""NCR13204"",""NCR13256"",""NCR13284"",""NCR13359"",""NCR13414""]","[]"
"986","NCR12371","geocoded","combined_member","NCR11607","NRG Energy Services LLC - HCPP",,"NRG","NRG HCPP","NRG Energy Services HCPP","major",,,,"NRG HCPP","name_initialism","[]","NRG Energy","MRO","[""GOP""]","merchant","2","[""duplicate_label""]","[""NCR05141"",""NCR10090"",""NCR10326"",""NCR11148"",""NCR11150"",""NCR11584"",""NCR11642"",""NCR11715"",""NCR11730"",""NCR11854"",""NCR12273""]","[]"
"987","NCR11584","geocoded","combined_member","NCR10385","NRG Energy Services LLC - Plum Point",,"NRG","NRG Plum Point","NRG Energy Services Plum Point","major",,,,"Plum Point","common_market_name","[]",,"SERC","[""GOP""]",,"2","[""duplicate_label""]","[""NCR05141"",""NCR10090"",""NCR10326"",""NCR11148"",""NCR11150"",""NCR11642"",""NCR11715"",""NCR11730"",""NCR11854"",""NCR12273"",""NCR12371""]","[]"
"988","NCR11730","geocoded","combined_member","NCR11153","NRG Energy Services-Panhandle Wind Ranch (GOP)",,"NRG","NRG Panhandle Wind","NRG Energy Services Panhandle Wind Ranch","major",,,,"NRG Panhandle Wind","name_initialism","[]","NRG Energy","MRO","[""GO""]","merchant","2","[""duplicate_label""]","[""NCR05141"",""NCR10090"",""NCR10326"",""NCR11148"",""NCR11150"",""NCR11584"",""NCR11642"",""NCR11715"",""NCR11854"",""NCR12273"",""NCR12371""]","[]"
"989","NCR12469","geocoded","combined_member","NCR12467","RES Americas - Frye Solar",,"RES","RES Frye Solar","RES Americas Frye Solar","major",,,,"Frye Solar","common_market_name","[]",,"Texas RE","[""GOP""]",,"2","[""duplicate_label""]","[""NCR12156"",""NCR12497"",""NCR13127"",""NCR13538""]","[]"
"990","NCR12497","geocoded","combined_member","NCR12493","RES Energy Services - Crossett",,"RES","RES Crossett","RES Energy Services Crossett","major",,,,"Crossett Solar","common_market_name","[]",,"SERC","[""GOP""]",,"2","[""duplicate_label""]","[""NCR12156"",""NCR12469"",""NCR13127"",""NCR13538""]","[]"
"991","NCR13127","geocoded","combined_member","NCR13126","RES Energy Services - Outpost Solar",,"RES","RES Outpost Solar","RES Energy Services Outpost Solar","major",,,,"Outpost Solar","common_market_name","[]",,"Texas RE","[""GOP""]",,"2","[""duplicate_label""]","[""NCR12156"",""NCR12469"",""NCR12497"",""NCR13538""]","[]"
"992","NCR13334","geocoded","combined_member","NCR11969","Siemens Energy, Inc-TEC",,"Siemens","Siemens Energy TEC","Siemens Energy TEC","major",,,,"Siemens TEC","name_initialism","[]",,"RF","[""GOP""]",,"2","[""duplicate_label""]","[""NCR12178"",""NCR12264"",""NCR12282""]","[]"
"993","NCR12264","geocoded","combined_member","NCR11812","Siemens Energy, Inc. - STJ",,"Siemens","Siemens Energy STJ","Siemens Energy STJ","major",,,,"Siemens STJ","name_initialism","[]",,"RF","[""GOP""]",,"2","[""duplicate_label""]","[""NCR12178"",""NCR12282"",""NCR13334""]","[]"
"994","NCR05315","geocoded","published",,"Pend Oreille County Public Utility District No. 1","POP","Pend Oreille PUD","Pend Oreille County PUD","Pend Oreille County PUD No. 1","normal","alias_code","official_website","https://www.popud.org/","Pend Oreille PUD","official_website","[]",,"WECC","[""DP"",""GO"",""GOP"",""TO"",""TP""]",,"11","[""documented_alias_over_15""]","[]","[]"
"995","NCR10197","geocoded","published",,"Rocky Mountain Power, LLC","RM","Rocky Mountain Power","Rocky Mountain Power","Rocky Mountain Power, LLC","normal","alias_code","official_website","https://www.rockymountainpower.net","Rocky Mountain Power","official_website","[]",,"WECC","[""GO""]",,"2","[""documented_alias_over_15""]","[]","[]"
"996","NCR01029","geocoded","published",,"Saskatchewan Power Corporation","SSKPWR","SaskPower","Saskatchewan Power","Saskatchewan Power Corporation","major",,,,"SaskPower","official_website","[]","Government of Saskatchewan","MRO","[""BA"",""DP"",""GO"",""GOP"",""PC"",""RC"",""RP"",""TO"",""TOP"",""TP"",""TSP""]","IOU","49","[]","[]","[]"
"997","NCR07155","geocoded","published",,"New Brunswick Power Corporation","NB Power","NB Power","New Brunswick Power","New Brunswick Power Corporation","major",,,,"NB Power","official_website","[]",,"NPCC","[""BA"",""GO"",""GOP"",""PC"",""RC"",""RP"",""RSG"",""TO"",""TOP"",""TSP""]","other","47","[]","[]","[]"
"998","NCR07184","geocoded","published",,"Ontario IESO","IESO","IESO","Ontario IESO","Ontario IESO","major",,,,"IESO","official_website","[]",,"NPCC","[""BA"",""PC"",""RC"",""RP"",""TOP"",""TP"",""TSP""]","other","42","[]","[]","[]"
"999","NCR05020","geocoded","published",,"Avista Corporation","Avista","Avista","Avista","Avista Corporation","major",,,,"Avista","official_website","[]",,"WECC","[""BA"",""DP"",""GO"",""GOP"",""PC"",""RP"",""TO"",""TOP"",""TP"",""TSP""]",,"39","[]","[]","[]"
"1000","NCR05030","geocoded","published",,"Black Hills Corporation","BKH","BKH","Black Hills","Black Hills Corporation","major",,,,"BKH","sec_filing","[]",,"WECC","[""BA"",""DP"",""GO"",""GOP"",""PC"",""RP"",""TO"",""TOP"",""TP"",""TSP""]",,"39","[]","[]","[]"
"1001","NCR05097","geocoded","published",,"City of Tacoma, Department of Public Utilities, Light Division","TPU","TPU","Tacoma Power","Tacoma Public Utilities","major",,,,"TPU","official_website","[]",,"WECC","[""BA"",""DP"",""GO"",""GOP"",""PC"",""RP"",""TO"",""TOP"",""TP"",""TSP""]",,"39","[]","[]","[]"
"1002","NCR00915","geocoded","published",,"Dominion Energy South Carolina, Inc.","DESC","DESC","Dominion Energy South Carolina","Dominion Energy South Carolina, Inc.","major",,,,"DESC","common_market_name","[]",,"SERC","[""BA"",""DP"",""GO"",""GOP"",""PC"",""RP"",""TO"",""TOP"",""TP"",""TSP""]",,"39","[]","[]","[]"
"1003","NCR05195","geocoded","published",,"Imperial Irrigation District","IID","IID","Imperial Irrigation District","Imperial Irrigation District","major",,,,"IID","common_market_name","[]",,"WECC","[""BA"",""DP"",""GO"",""GOP"",""PC"",""RP"",""TO"",""TOP"",""TP"",""TSP""]",,"39","[]","[]","[]"
"1004","NCR01223","geocoded","published",,"LG&E and KU Services Company as agent for Louisville Gas and Electric Company and Kentucky Utilities Company","LG&E-KU","LG&E-KU","LG&E and KU","LG&E and KU","major",,,,"LG&E-KU","common_market_name","[]",,"SERC","[""BA"",""DP"",""GO"",""GOP"",""PC"",""RP"",""TO"",""TOP"",""TP"",""TSP""]",,"39","[]","[]","[]"
"1005","NCR01003","geocoded","published",,"Manitoba Hydro","MB Hydro","MB Hydro","Manitoba Hydro","Manitoba Hydro","major",,,,"Manitoba Hydro","official_website","[]",,"MRO","[""BA"",""DP"",""GO"",""GOP"",""PC"",""RP"",""TO"",""TOP"",""TP"",""TSP""]","IOU","39","[]","[]","[]"
"1006","NCR05261","geocoded","published",,"NV Energy","NV","NV Energy","NV Energy","NV Energy","major",,,,"NV Energy","official_website","[]",,"WECC","[""BA"",""DP"",""GO"",""GOP"",""PC"",""RP"",""TO"",""TOP"",""TP"",""TSP""]",,"39","[]","[]","[]"
"1007","NCR05372","geocoded","published",,"Salt River Project Agricultural Improvement and Power District","SRP","SRP","Salt River Project","Salt River Project","major",,,,"SRP","official_website","[]",,"WECC","[""BA"",""DP"",""GO"",""GOP"",""PC"",""RP"",""TO"",""TOP"",""TP"",""TSP""]",,"39","[]","[]","[]"
"1008","NCR00068","geocoded","published",,"Seminole Electric Cooperative","Seminole","Seminole","Seminole Electric","Seminole Electric Cooperative","major",,,,"Seminole","common_market_name","[]",,"SERC","[""BA"",""DP"",""GO"",""GOP"",""PC"",""RP"",""TO"",""TOP"",""TP"",""TSP""]",,"39","[]","[]","[]"
"1009","NCR01312","geocoded","published",,"South Carolina Public Service Authority","Santee","Santee","Santee Cooper","Santee Cooper","major",,,,"Santee Cooper","common_market_name","[]",,"SERC","[""BA"",""DP"",""GO"",""GOP"",""PC"",""RP"",""TO"",""TOP"",""TP"",""TSP""]",,"39","[]","[]","[]"
"1010","NCR00073","geocoded","published",,"Tallahassee, City of","TLH","TLH","City of Tallahassee","City of Tallahassee","major",,,,"City of TLH","name_initialism","[]",,"SERC","[""BA"",""DP"",""GO"",""GOP"",""PC"",""RP"",""TO"",""TOP"",""TP"",""TSP""]",,"39","[]","[]","[]"
"1011","NCR05434","geocoded","published",,"Tucson Electric Power","TEP","TEP","Tucson Electric Power","Tucson Electric Power","major",,,,"TEP","common_market_name","[]",,"WECC","[""BA"",""DP"",""GO"",""GOP"",""PC"",""RP"",""TO"",""TOP"",""TP"",""TSP""]",,"39","[]","[]","[]"
"1012","NCR05435","geocoded","published",,"Turlock Irrigation District","TID","TID","Turlock Irrigation District","Turlock Irrigation District","major",,,,"TID","common_market_name","[]",,"WECC","[""BA"",""DP"",""GO"",""GOP"",""PC"",""RP"",""TO"",""TOP"",""TP"",""TSP""]",,"39","[]","[]","[]"
"1013","NCR01169","geocoded","published",,"Cube Hydro Carolinas, LLC","Cube","Cube","Cube Hydro Carolinas","Cube Hydro Carolinas","normal",,,,"Cube Hydro","official_website","[]",,"SERC","[""BA"",""GO"",""GOP"",""PC"",""TO"",""TOP"",""TP"",""TSP""]",,"36","[]","[]","[]"
"1014","NCR00032","geocoded","published",,"Gainesville Regional Utilities","GRU","GRU","Gainesville Regional Utilities","Gainesville Regional Utilities","normal",,,,"GRU","common_market_name","[]",,"SERC","[""BA"",""DP"",""GO"",""GOP"",""PC"",""RP"",""TO"",""TOP"",""TP""]",,"34","[]","[]","[]"
"1015","NCR05338","geocoded","published",,"Public Utility District No. 1 of Chelan County","CP","Chelan PUD","Chelan County PUD","Chelan County PUD No. 1","major",,,,"Chelan PUD","official_website","[]",,"WECC","[""BA"",""DP"",""GO"",""GOP"",""PC"",""RP"",""TO"",""TOP"",""TP""]",,"34","[]","[]","[]"
"1016","NCR05342","geocoded","published",,"Public Utility District No. 2 of Grant County, Washington","GP","Grant PUD","Grant County PUD","Grant County PUD No. 2","major",,,,"Grant PUD","official_website","[]",,"WECC","[""BA"",""DP"",""GO"",""GOP"",""PC"",""RP"",""TO"",""TOP"",""TP""]",,"34","[]","[]","[]"
"1017","NCR05382","geocoded","published",,"Seattle City Light","SCL","SCL","Seattle City Light","Seattle City Light","major",,,,"City Light","official_website","[]",,"WECC","[""BA"",""DP"",""GO"",""GOP"",""PC"",""RP"",""TO"",""TOP"",""TP""]",,"34","[]","[]","[]"
"1018","NCR-SEED-013","geocoded","published",,"Nevada Power Company","Nevada","Nevada","Nevada Power","Nevada Power Company","major",,,,"NV Energy","common_market_name","[]",,"WECC","[""BA"",""TO"",""TOP"",""DP"",""GO"",""GOP"",""LSE"",""TSP"",""TP""]","IOU","32","[]","[]","[]"
"1019","NCR05461","geocoded","published",,"Western Area Power Administration - Desert Southwest Region","WAPA DSW","WAPA DSW","WAPA Desert Southwest","WAPA Desert Southwest Region","major",,,,"WAPA DSW","official_website","[]",,"WECC","[""BA"",""PC"",""TO"",""TOP"",""TP"",""TSP""]",,"32","[]","[]","[]"
"1020","NCR00044","geocoded","published",,"Lakeland Electric","Lakeland","Lakeland","Lakeland Electric","Lakeland Electric","normal",,,,"Lakeland","official_website","[]",,"SERC","[""DP"",""GO"",""GOP"",""PC"",""RP"",""TO"",""TOP"",""TP"",""TSP""]",,"31","[]","[]","[]"
"1021","NCR00057","geocoded","published",,"Orlando Utilities Commission","OUC","OUC","Orlando Utilities Commission","Orlando Utilities Commission","normal",,,,"OUC","official_website","[]",,"SERC","[""DP"",""GO"",""GOP"",""PC"",""RP"",""TO"",""TOP"",""TP"",""TSP""]",,"31","[]","[]","[]"
"1022","NCR00037","geocoded","published",,"Homestead, City of","HPS","HPS","City of Homestead","City of Homestead","normal",,,,"HPS","common_market_name","[]",,"SERC","[""BA"",""DP"",""PC"",""RP"",""TO"",""TOP"",""TP""]",,"30","[]","[]","[]"
"1023","NCR07178","geocoded","published",,"Nova Scotia Power Inc.","NSPI","NSPI","Nova Scotia Power","Nova Scotia Power","normal",,,,"NSPI","name_initialism","[]","Emera Inc.","NPCC","[""BA"",""DP"",""GO"",""GOP"",""RSG"",""TO"",""TOP"",""TSP""]","other","29","[]","[]","[]"
"1024","NCR01180","geocoded","published",,"Big Rivers Electric Corporation","BR","Big Rivers","Big Rivers Electric","Big Rivers Electric","normal",,,,"Big Rivers","official_website","[]",,"SERC","[""BA"",""DP"",""GO"",""GOP"",""RP"",""TO"",""TOP"",""TP""]",,"27","[]","[]","[]"
"1025","NCR01328","geocoded","published",,"City of Springfield, IL - CWLP","CWLP","CWLP","City Water, Light & Power","City Water, Light & Power","normal",,,,"CWLP","official_website","[]",,"SERC","[""BA"",""DP"",""GO"",""GOP"",""RP"",""TO"",""TOP"",""TP""]",,"27","[]","[]","[]"
"1026","NCR01315","geocoded","published",,"Cooperative Energy","CPRTV","Cooperative","Cooperative Energy","Cooperative Energy","normal",,,,"Cooperative Energy","official_website","[]",,"SERC","[""BA"",""DP"",""GO"",""GOP"",""RP"",""TO"",""TOP"",""TP""]",,"27","[]","[]","[]"
"1027","NCR00979","geocoded","published",,"Dairyland Power Cooperative","DRYLND","Dairyland","Dairyland Power","Dairyland Power Cooperative","normal",,,,"Dairyland","official_website","[]",,"MRO","[""BA"",""DP"",""GO"",""GOP"",""RP"",""TO"",""TOP"",""TP""]","cooperative","27","[]","[]","[]"
"1028","NCR00794","geocoded","published",,"Hoosier Energy REC, Inc.","Hoosier","Hoosier","Hoosier Energy","Hoosier Energy","normal",,,,"Hoosier Energy","official_website","[]",,"RF","[""BA"",""DP"",""GO"",""GOP"",""RP"",""TO"",""TOP"",""TP""]",,"27","[]","[]","[]"
"1029","NCR00824","geocoded","published",,"MidAmerican Energy Company","MidAm","MidAm","MidAmerican Energy","MidAmerican Energy","major",,,,"MidAmerican","official_website","[]","Berkshire Hathaway Energy","MRO","[""BA"",""DP"",""GO"",""GOP"",""RP"",""TO"",""TOP"",""TP""]","IOU","27","[]","[]","[]"
"1030","NCR00674","geocoded","published",,"Minnesota Power (Allete, Inc.)","MN Power","MN Power","Minnesota Power","Minnesota Power","normal",,,,"Minnesota Power","official_website","[]","ALLETE, Inc.","MRO","[""BA"",""DP"",""GO"",""GOP"",""RP"",""TO"",""TOP"",""TP""]","IOU","27","[]","[]","[]"
"1031","NCR01015","geocoded","published",,"Montana-Dakota Utilities Company","MDU","MDU","Montana-Dakota Utilities","Montana-Dakota Utilities","normal",,,,"Montana-Dakota","official_website","[]","MDU Resources Group","MRO","[""BA"",""DP"",""GO"",""GOP"",""RP"",""TO"",""TOP"",""TP""]","IOU","27","[]","[]","[]"
"1032","NCR00967","geocoded","published",,"Muscatine Power & Water (Board Of Water, Electric & Communications)","MPW","MPW","Muscatine Power & Water","Muscatine Power & Water","normal",,,,"MPW","official_website","[]",,"MRO","[""BA"",""DP"",""GO"",""GOP"",""RP"",""TO"",""TOP"",""TP""]","municipal","27","[]","[]","[]"
"1033","NCR02611","geocoded","published",,"Northern Indiana Public Service Company LLC","NIPSCO","NIPSCO","NIPSCO","NIPSCO","normal",,,,"NIPSCO","official_website","[]",,"RF","[""BA"",""DP"",""GO"",""GOP"",""RP"",""TO"",""TOP"",""TP""]",,"27","[]","[]","[]"
"1034","NCR01023","geocoded","published",,"Otter Tail Power Company","OT","Otter Tail","Otter Tail Power","Otter Tail Power","normal",,,,"Otter Tail Power","official_website","[]","Otter Tail Corporation","MRO","[""BA"",""DP"",""GO"",""GOP"",""RP"",""TO"",""TOP"",""TP""]","IOU","27","[]","[]","[]"
"1035","NCR05343","geocoded","published",,"PUD No. 1 of Douglas County","DP","Douglas PUD","Douglas County PUD","Douglas County PUD No. 1","normal",,,,"Douglas PUD","official_website","[]",,"WECC","[""BA"",""DP"",""GO"",""GOP"",""RP"",""TO"",""TOP"",""TP""]",,"27","[]","[]","[]"
"1036","NCR01321","geocoded","published",,"Southern Illinois Power Cooperative","SIPC","SIPC","Southern Illinois Power","Southern Illinois Power Cooperative","normal",,,,"SIPC","common_market_name","[]",,"SERC","[""BA"",""DP"",""GO"",""GOP"",""RP"",""TO"",""TOP"",""TP""]",,"27","[]","[]","[]"
"1037","NCR00917","geocoded","published",,"Southern Indiana Gas & Electric Company d/b/a CenterPoint Energy Indiana South","SIGECO","SIGECO","CenterPoint Indiana South","CenterPoint Energy Indiana South","normal",,,,"SIGECO","official_website","[]",,"RF","[""BA"",""DP"",""GO"",""GOP"",""RP"",""TO"",""TOP"",""TP""]",,"27","[]","[]","[]"
"1038","NCR05155","geocoded","published",,"Farmington Electric Utility System","FEUS","FEUS","Farmington Electric","Farmington Electric Utility System","normal",,,,"FEUS","official_website","[]",,"WECC","[""DP"",""GO"",""GOP"",""PC"",""RP"",""TO"",""TOP"",""TP""]",,"26","[]","[]","[]"
"1039","NCR10203","geocoded","published",,"PowerSouth Energy Cooperative","PWRSTH","PowerSouth","PowerSouth Energy","PowerSouth Energy Cooperative","normal",,,,"PowerSouth","official_website","[]",,"SERC","[""DP"",""GO"",""GOP"",""PC"",""RP"",""TO"",""TOP"",""TP""]",,"26","[]","[]","[]"
"1040","NCR05465","geocoded","published",,"Western Area Power Administration - Sierra Nevada Region","WAPA SN","WAPA SN","WAPA Sierra Nevada","WAPA Sierra Nevada Region","major",,,,"WAPA SNR","official_website","[]",,"WECC","[""PC"",""RP"",""TO"",""TOP"",""TP"",""TSP""]",,"26","[]","[]","[]"
"1041","NCR01114","geocoded","published",,"Lafayette Utilities System","LUS","LUS","Lafayette Utilities System","Lafayette Utilities System","normal",,,,"LUS","official_website","[]",,"SERC","[""BA"",""DP"",""GO"",""GOP"",""TO"",""TOP"",""TP""]",,"25","[]","[]","[]"
"1042","NCR01013","geocoded","published",,"Minnkota Power Cooperative, Inc.","Minnkota","Minnkota","Minnkota Power","Minnkota Power Cooperative","normal",,,,"Minnkota","official_website","[]",,"MRO","[""DP"",""GO"",""GOP"",""RP"",""TO"",""TOP"",""TP"",""TSP""]","cooperative","24","[]","[]","[]"
"1043","NCR05015","geocoded","published",,"Arizona Electric Power Cooperative, Inc.","AEPCO","AEPCO","Arizona Electric Power Cooperative","Arizona Electric Power Cooperative","normal",,,,"AEPCO","official_website","[]",,"WECC","[""GO"",""GOP"",""RP"",""TO"",""TOP"",""TP"",""TSP""]",,"23","[]","[]","[]"
"1044","NCR01290","geocoded","published",,"Owensboro, KY Municipal Utilities","OMU","OMU","Owensboro Municipal Utilities","Owensboro Municipal Utilities","normal",,,,"OMU","official_website","[]",,"SERC","[""DP"",""PC"",""RP"",""TO"",""TOP"",""TP""]",,"22","[]","[]","[]"
"1045","NCR01144","geocoded","published",,"Southwestern Power Administration","SWPA","SWPA","Southwestern Power Administration","Southwestern Power Administration","normal",,,,"SWPA","official_website","[]","U.S. Department of Energy","MRO","[""BA"",""RP"",""TO"",""TOP"",""TP""]","federal","22","[]","[]","[]"
"1046","NCR05467","geocoded","published",,"Western Area Power Administration - Upper Great Plains Region","WAPA UGP","WAPA UGP","WAPA Upper Great Plains","WAPA Upper Great Plains Region","major",,,,"WAPA UGP","official_website","[]",,"WECC","[""BA"",""RP"",""TO"",""TOP"",""TP""]",,"22","[]","[]","[]"
"1047","NCR01278","geocoded","published",,"Municipal Electric Authority of Georgia","MEAG","MEAG","MEAG Power","MEAG Power","normal",,,,"MEAG","official_website","[]",,"SERC","[""PC"",""RP"",""TO"",""TP"",""TSP""]",,"20","[]","[]","[]"
"1048","NCR01061","geocoded","published",,"Board Of Public Utilities (Kansas City KS)","BPU","BPU","Kansas City BPU","Board of Public Utilities (Kansas City)","normal",,,,"BPU","official_website","[]",,"MRO","[""DP"",""GO"",""GOP"",""RP"",""TO"",""TOP"",""TP""]","municipal","19","[]","[]","[]"
"1049","NCR00718","geocoded","published",,"City of Lansing by its Board of Water and Light","BWL","BWL","Lansing BWL","Lansing Board of Water & Light","normal",,,,"BWL","official_website","[]",,"RF","[""DP"",""GO"",""GOP"",""RP"",""TO"",""TOP"",""TP""]","municipal","19","[]","[]","[]"
"1050","NCR05091","geocoded","published",,"City of Redding","REU","REU","Redding Electric Utility","Redding Electric Utility","normal",,,,"REU","official_website","[]",,"WECC","[""DP"",""GO"",""GOP"",""RP"",""TO"",""TOP"",""TP""]",,"19","[]","[]","[]"
"1051","NCR01101","geocoded","published",,"Grand River Dam Authority","GRDA","GRDA","Grand River Dam Authority","Grand River Dam Authority","normal",,,,"GRDA","official_website","[]",,"MRO","[""DP"",""GO"",""GOP"",""RP"",""TO"",""TOP"",""TP""]","municipal","19","[]","[]","[]"
"1052","NCR01001","geocoded","published",,"Lincoln Electric System","LES","LES","Lincoln Electric System","Lincoln Electric System","normal",,,,"LES","official_website","[]",,"MRO","[""DP"",""GO"",""GOP"",""RP"",""TO"",""TOP"",""TP""]","municipal","19","[]","[]","[]"
"1053","NCR01160","geocoded","published",,"Western Farmers Electric Cooperative","WFEC","WFEC","Western Farmers Electric","Western Farmers Electric Cooperative","normal",,,,"WFEC","official_website","[]",,"MRO","[""DP"",""GO"",""GOP"",""RP"",""TO"",""TOP"",""TP""]","cooperative","19","[]","[]","[]"
"1054","NCR01249","geocoded","published",,"Georgia Transmission Corporation","GTC","GTC","Georgia Transmission","Georgia Transmission Corporation","normal",,,,"GTC","official_website","[]",,"SERC","[""DP"",""PC"",""TO"",""TP"",""TSP""]",,"19","[]","[]","[]"
"1055","NCR05321","geocoded","published",,"Platte River Power Authority","PRPA","PRPA","Platte River Power Authority","Platte River Power Authority","normal",,,,"PRPA","official_website","[]",,"WECC","[""GO"",""GOP"",""RP"",""TO"",""TOP"",""TP""]",,"18","[]","[]","[]"
"1056","NCR07176","geocoded","published",,"Eversource Energy Service Company","EESC","Eversource","Eversource Energy","Eversource Energy","major",,,,"EESC","name_initialism","[]","Eversource Energy","NPCC","[""DP"",""TO"",""TOP"",""TP"",""TSP""]","IOU","18","[]","[]","[]"
"1057","NCR12248","geocoded","published",,"The Narragansett Electric Company d/b/a Rhode Island Energy","RI","RI Energy","Rhode Island Energy","Rhode Island Energy","normal",,,,"RI Energy","common_market_name","[]","PPL Corporation","NPCC","[""DP"",""TO"",""TOP"",""TP"",""TSP""]","IOU","18","[]","[]","[]"
"1058","NCR07046","geocoded","published",,"Consolidated Edison Co of NY, Inc","ConEd","ConEd","Con Edison","Con Edison","major",,,,"Con Edison","official_website","[]","Consolidated Edison, Inc.","NPCC","[""DP"",""GO"",""GOP"",""TO"",""TOP"",""TP""]","IOU","17","[]","[]","[]"
"1059","NCR05392","geocoded","published",,"Silicon Valley Power","SVP","SVP","Silicon Valley Power","Silicon Valley Power","normal",,,,"SVP","official_website","[]",,"WECC","[""DP"",""GO"",""GOP"",""TO"",""TOP"",""TP""]",,"17","[]","[]","[]"
"1060","NCR04124","geocoded","published",,"South Texas Electric Cooperative, Inc.","STEC","STEC","South Texas Electric Cooperative","South Texas Electric Cooperative","normal",,,,"STEC","official_website","[]",,"Texas RE","[""DP"",""GO"",""GOP"",""TO"",""TOP"",""TP""]",,"17","[]","[]","[]"
"1061","NCR00954","geocoded","published",,"Wolverine Power Supply Cooperative, Inc.","WLVRN","Wolverine","Wolverine Power","Wolverine Power Cooperative","normal",,,,"Wolverine","official_website","[]",,"RF","[""DP"",""GO"",""GOP"",""TO"",""TOP"",""TP""]",,"17","[]","[]","[]"
"1062","NCR00022","geocoded","published",,"Florida Municipal Power Agency","FMPA","FMPA","Florida Municipal Power Agency","Florida Municipal Power Agency","normal",,,,"FMPA","common_market_name","[]",,"SERC","[""GO"",""GOP"",""PC"",""RP"",""TP""]",,"17","[]","[]","[]"
"1063","NCR11360","geocoded","published",,"MATL LLP","MATL","MATL","MATL","MATL","normal",,,,"MATL","common_market_name","[]",,"WECC","[""TO"",""TOP"",""TP"",""TSP""]",,"17","[]","[]","[]"
"1064","NCR07228","geocoded","published",,"Vermont Transco, LLC","VT","VT Transco","Vermont Transco","Vermont Transco","normal",,,,"Vermont Transco","official_website","[]","Managed by Vermont Electric Power Company (VELCO)","NPCC","[""TO"",""TOP"",""TP"",""TSP""]","other","17","[]","[]","[]"
"1065","NCR00026","geocoded","published",,"Florida Reliability Coordinating Council, Inc.","FRCC","FRCC","Florida Reliability Coordinating Council","Florida Reliability Coordinating Council","normal",,,,"FRCC","official_website","[]",,"SERC","[""PC"",""RC""]",,"17","[]","[]","[]"
"1066","NCR05182","geocoded","published",,"Hetch Hetchy Water and Power","HHWP","HHWP","Hetch Hetchy Water and Power","Hetch Hetchy Water and Power","normal",,,,"HHWP","common_market_name","[]",,"WECC","[""GO"",""GOP"",""TO"",""TOP"",""TP""]",,"16","[]","[]","[]"
"1067","NCR-SEED-039","geocoded","published",,"The Connecticut Light and Power Company","CL&P","CL&P","Connecticut Light and Power","Connecticut Light and Power","major",,,,"CL&P","common_market_name","[]",,"NPCC","[""TO"",""TOP"",""DP"",""LSE"",""TSP""]","IOU","16","[]","[]","[]"
"1068","NCR01030","geocoded","published",,"Southern Minnesota Municipal Power Agency","SMMPA","SMMPA","Southern Minnesota Municipal Power Agency","Southern Minnesota Municipal Power Agency","normal",,,,"SMMPA","official_website","[]",,"MRO","[""BA"",""RP"",""TO"",""TP""]","municipal","16","[]","[]","[]"
"1069","NCR00043","geocoded","published",,"City of Lake Worth Beach","LWB","LWB","Lake Worth Beach Electric","Lake Worth Beach Electric","normal",,,,"LWB Electric","official_website","[]",,"SERC","[""DP"",""GO"",""GOP"",""RP"",""TO"",""TOP""]",,"15","[]","[]","[]"
"1070","NCR00962","geocoded","published",,"Alliant Energy - West","WPL","WPL","Alliant Energy West","Alliant Energy","normal",,,,"WPL","nerc_cores","[]","Alliant Energy Corporation","MRO","[""BA"",""DP"",""GO"",""GOP"",""RP""]","IOU","15","[]","[]","[]"
"1071","NCR11226","geocoded","published",,"CORE Electric Cooperative","CORE","CORE","CORE Electric Cooperative","CORE Electric Cooperative","normal",,,,"CORE","official_website","[]",,"WECC","[""DP"",""RP"",""TO"",""TOP"",""TP""]",,"15","[]","[]","[]"
"1072","NCR00977","geocoded","published",,"Corn Belt Power Cooperative","CB","Corn Belt","Corn Belt Power","Corn Belt Power Cooperative","normal",,,,"Corn Belt Power","official_website","[]",,"MRO","[""DP"",""RP"",""TO"",""TOP"",""TP""]","cooperative","15","[]","[]","[]"
"1073","NCR00818","geocoded","published",,"Madison Gas And Electric Company","MGE","MGE","Madison Gas and Electric","Madison Gas and Electric","normal",,,,"MGE","official_website","[]",,"MRO","[""BA"",""DP"",""GO"",""GOP"",""RP""]","IOU","15","[]","[]","[]"
"1074","NCR12543","geocoded","published",,"1803 Electric Cooperative, Inc.","1803","1803","1803 Electric Cooperative","1803 Electric Cooperative","normal",,,,"1803","common_market_name","[]",,"SERC","[""BA"",""DP"",""TO"",""TP""]",,"15","[]","[]","[]"
"1075","NCR11118","geocoded","published",,"Balancing Authority of Northern California","BANC","BANC","Balancing Authority of Northern California","Balancing Authority of Northern California","normal",,,,"BANC","official_website","[]",,"WECC","[""BA"",""PC""]",,"15","[]","[]","[]"
"1076","NCR00970","geocoded","published",,"Central Iowa Power Cooperative","CIPCO","CIPCO","Central Iowa Power Cooperative","Central Iowa Power Cooperative","normal",,,,"CIPCO","official_website","[]",,"MRO","[""DP"",""RP"",""TO"",""TP"",""TSP""]","cooperative","14","[]","[]","[]"
"1077","NCR11076","geocoded","published",,"Lone Star Transmission, LLC","LST","LST","Lone Star Transmission","Lone Star Transmission","normal",,,,"LST","official_website","[]",,"SERC","[""BA"",""TOP""]",,"14","[]","[]","[]"
"1078","NCR00070","geocoded","published",,"Southeastern Power Administration","SEPA","SEPA","Southeastern Power Administration","Southeastern Power Administration","normal",,,,"SEPA","common_market_name","[]",,"SERC","[""BA"",""TOP""]",,"14","[]","[]","[]"
"1079","NCR00974","geocoded","published",,"City Of Grand Island, NE","GIUD","GIUD","Grand Island Utilities","Grand Island Utilities Department","normal",,,,"GIUD","official_website","[]",,"MRO","[""DP"",""GO"",""GOP"",""RP"",""TO"",""TP""]","municipal","13","[]","[]","[]"
"1080","NCR00993","geocoded","published",,"Hastings Utilities","Hastings","Hastings","Hastings Utilities","Hastings Utilities","normal",,,,"Hastings Utilities","official_website","[]",,"MRO","[""DP"",""GO"",""GOP"",""RP"",""TO"",""TP""]","municipal","13","[]","[]","[]"
"1081","NCR09035","geocoded","published",,"Prairie Power, Inc.","PPI","PPI","Prairie Power","Prairie Power","normal",,,,"PPI","official_website","[]",,"SERC","[""DP"",""GO"",""GOP"",""RP"",""TO"",""TP""]",,"13","[]","[]","[]"
"1082","NCR04018","geocoded","published",,"Brownsville Public Utilities Board","BPUB","BPUB","Brownsville Public Utilities","Brownsville Public Utilities Board","normal",,,,"BPUB","official_website","[]",,"Texas RE","[""DP"",""TO"",""TOP"",""TP""]",,"13","[]","[]","[]"
"1083","NCR04022","geocoded","published",,"Bryan Texas Utilities","BTU","BTU","Bryan Texas Utilities","Bryan Texas Utilities","normal",,,,"BTU","official_website","[]",,"Texas RE","[""DP"",""TO"",""TOP"",""TP""]",,"13","[]","[]","[]"
"1084","NCR04028","geocoded","published",,"CenterPoint Energy Houston Electric, LLC","CNP","CNP","CenterPoint Houston","CenterPoint Energy","major",,,,"CenterPoint","official_website","[]",,"Texas RE","[""DP"",""TO"",""TOP"",""TP""]",,"13","[]","[]","[]"
"1085","NCR07028","geocoded","published",,"Central Hudson Gas & Electric Corporation","CHGE","CHGE","Central Hudson","Central Hudson Gas & Electric","normal",,,,"Central Hudson","official_website","[]","Fortis","NPCC","[""DP"",""TO"",""TOP"",""TP""]","IOU","13","[]","[]","[]"
"1086","NCR07109","geocoded","published",,"HYDRO ONE NETWORKS INC.","HO","Hydro One","Hydro One","Hydro One","major",,,,"Hydro One","official_website","[]",,"NPCC","[""DP"",""TO"",""TOP"",""TP""]","IOU","13","[]","[]","[]"
"1087","NCR07133","geocoded","published",,"Long Island Power Authority","LIPA","LIPA","Long Island Power Authority","Long Island Power Authority","major",,,,"LIPA","official_website","[]",,"NPCC","[""DP"",""TO"",""TOP"",""TP""]","municipal","13","[]","[]","[]"
"1088","NCR11066","geocoded","published",,"Memphis Light, Gas and Water Division","MLGW","MLGW","Memphis Light, Gas and Water","Memphis Light, Gas and Water","normal",,,,"MLGW","official_website","[]",,"SERC","[""DP"",""TO"",""TOP"",""TP""]",,"13","[]","[]","[]"
"1089","NCR01118","geocoded","published",,"Midwest Energy, Inc.","Midwest","Midwest","Midwest Energy","Midwest Energy","normal",,,,"Midwest Energy","official_website","[]",,"MRO","[""DP"",""TO"",""TOP"",""TP""]","cooperative","13","[]","[]","[]"
"1090","NCR07186","geocoded","published",,"Orange and Rockland Utilities, Inc.","O&R","O&R","Orange and Rockland","Orange and Rockland Utilities","major",,,,"O&R","common_market_name","[]","Consolidated Edison, Inc.","NPCC","[""DP"",""TO"",""TOP"",""TP""]","IOU","13","[]","[]","[]"
"1091","NCR04143","geocoded","published",,"Texas-New Mexico Power Co","TNMP","TNMP","Texas-New Mexico Power","Texas-New Mexico Power","normal",,,,"TNMP","official_website","[]",,"Texas RE","[""DP"",""TO"",""TOP"",""TP""]",,"13","[]","[]","[]"
"1092","NCR05447","geocoded","published",,"Valley Electric Association, Inc","VEA","VEA","Valley Electric Association","Valley Electric Association","normal",,,,"VEA","official_website","[]",,"WECC","[""DP"",""TO"",""TOP"",""TP""]",,"13","[]","[]","[]"
"1093","NCR13409","geocoded","published",,"Nova Scotia Independent Energy System Operator","IESO-NS","IESO-NS","Nova Scotia IESO","Nova Scotia Independent Energy System Operator","normal",,,,"IESO-NS","official_website","[]",,"NPCC","[""PC"",""RP"",""TP""]","other","13","[]","[]","[]"
"1094","NCR05047","geocoded","published",,"California Department of Water Resources","DWR","DWR","California DWR","California Department of Water Resources","normal",,,,"DWR","official_website","[]",,"WECC","[""GO"",""GOP"",""RP"",""TO"",""TP""]",,"12","[]","[]","[]"
"1095","NCR01014","geocoded","published",,"Missouri Basin Municipal Power Agency (MRES)","MRES","MRES","Missouri Basin Municipal Power Agency","Missouri Basin Municipal Power Agency","normal",,,,"MRES","official_website","[]",,"MRO","[""GO"",""GOP"",""RP"",""TO"",""TP""]","municipal","12","[]","[]","[]"
"1096","NCR01142","geocoded","published",,"Sikeston Board Of Municipal Utilities","Sikeston","Sikeston","Sikeston Municipal Utilities","Sikeston Board of Municipal Utilities","normal",,,,"Sikeston BMU","name_initialism","[]",,"SERC","[""DP"",""GO"",""GOP"",""TO"",""TSP""]",,"12","[]","[]","[]"
"1097","NCR00685","geocoded","published",,"American Transmission Co. LLC","ATC","ATC","American Transmission Co.","American Transmission Company","major",,,,"ATC","common_market_name","[]",,"MRO","[""TO"",""TOP"",""TP""]","IOU","12","[]","[]","[]"
"1098","NCR11114","geocoded","published",,"Cross Texas Transmission, LLC","CTT","CTT","Cross Texas Transmission","Cross Texas Transmission","normal",,,,"CTT","name_initialism","[]",,"Texas RE","[""TO"",""TOP"",""TP""]",,"12","[]","[]","[]"
"1099","NCR01116","geocoded","published",,"Louisiana Energy & Power Authority","LEPA","LEPA","Louisiana Energy & Power Authority","Louisiana Energy & Power Authority","normal",,,,"LEPA","official_website","[]",,"SERC","[""BA"",""GO"",""GOP""]",,"12","[]","[]","[]"
"1100","NCR13015","geocoded","published",,"LS Power Grid California","LS Power","LS Power","LS Power Grid California","LS Power Grid California","normal",,,,"LSPGC","official_website","[]",,"WECC","[""TO"",""TOP"",""TP""]",,"12","[]","[]","[]"
"1101","NCR03036","geocoded","published",,"Trans Bay Cable LLC","TBC","Trans Bay","Trans Bay Cable","Trans Bay Cable LLC","normal",,,,"TBC","common_market_name","[]",,"WECC","[""TO"",""TOP"",""TP""]",,"12","[]","[]","[]"
"1102","NCR11074","geocoded","published",,"Wind Energy Transmission Texas, LLC","WETT","WETT","Wind Energy Transmission Texas","Wind Energy Transmission Texas","normal",,,,"WETT","official_website","[]",,"Texas RE","[""TO"",""TOP"",""TP""]",,"12","[]","[]","[]"
"1103","NCR05153","geocoded","published",,"Eugene Water & Electric Board","EWEB","EWEB","Eugene Water & Electric Board","Eugene Water & Electric Board","normal",,,,"EWEB","official_website","[]",,"WECC","[""DP"",""GO"",""GOP"",""TO"",""TP""]",,"11","[]","[]","[]"
"1104","NCR05334","geocoded","published",,"Public Utility District No. 1 of Clark County","CP","Clark PUD","Clark County PUD","Clark County PUD No. 1","normal",,,,"Clark PUD","official_website","[]",,"WECC","[""DP"",""GO"",""GOP"",""TO"",""TP""]",,"11","[]","[]","[]"
"1105","NCR00052","geocoded","published",,"New Smyrna Beach, Utilities Commission of","NSBU","NSBU","New Smyrna Beach Utilities","New Smyrna Beach Utilities","normal",,,,"NSBU","official_website","[]",,"SERC","[""DP"",""RP"",""TO"",""TOP""]",,"11","[]","[]","[]"
"1106","NCR05430","geocoded","published",,"Transmission Agency of Northern California","TANC","TANC","Transmission Agency of Northern California","Transmission Agency of Northern California","normal",,,,"TANC","common_market_name","[]",,"WECC","[""TO"",""TP"",""TSP""]",,"11","[]","[]","[]"
"1107","NCR01033","geocoded","published",,"Upper Peninsula Power Company","UPPCO","UPPCO","Upper Peninsula Power","Upper Peninsula Power Company","normal",,,,"UPPCO","official_website","[]","Upper Peninsula Holding Company","MRO","[""BA"",""DP"",""RP""]","IOU","11","[]","[]","[]"
"1108","NCR05340","geocoded","published",,"Public Utility District #1 of Lewis County","LCPUD","Lewis PUD","Lewis County PUD","Lewis County PUD No. 1","normal",,,,"LCPUD","official_website","[]",,"WECC","[""GO"",""GOP"",""TO"",""TP""]",,"10","[]","[]","[]"
"1109","NCR01365","geocoded","published",,"VACAR South","VACAR","VACAR","VACAR South","VACAR South","normal",,,,"VACAR South","nerc_cores","[]",,"SERC","[""RC""]",,"10","[]","[]","[]"
"1110","NCR01060","geocoded","published",,"Arkansas Electric Cooperative Corporation","AECC","AECC","Arkansas Electric Cooperative","Arkansas Electric Cooperative Corporation","normal",,,,"AECC","official_website","[]",,"MRO","[""DP"",""GO"",""GOP"",""RP"",""TO""]","cooperative","9","[]","[]","[]"
"1111","NCR01068","geocoded","published",,"City Of Alexandria","LXNDR","Alexandria","Alexandria Utilities","Alexandria Utilities","normal",,,,"Alexandria Utilities","official_website","[]",,"SERC","[""DP"",""GO"",""GOP"",""RP"",""TO""]",,"9","[]","[]","[]"
"1112","NCR00969","geocoded","published",,"Cedar Falls Utilities","CFU","CFU","Cedar Falls Utilities","Cedar Falls Utilities","normal",,,,"CFU","official_website","[]",,"MRO","[""DP"",""RP"",""TO"",""TP""]","municipal","9","[]","[]","[]"
"1113","NCR05090","geocoded","published",,"City of Pasadena Water and Power","PWP","PWP","Pasadena Water and Power","Pasadena Water and Power","normal",,,,"PWP","official_website","[]",,"WECC","[""DP"",""RP"",""TO"",""TP""]",,"9","[]","[]","[]"
"1114","NCR05123","geocoded","published",,"Cowlitz County PUD No. 1","Cowlitz","Cowlitz","Cowlitz County PUD","Cowlitz County PUD","normal",,,,"Cowlitz PUD","official_website","[]",,"WECC","[""DP"",""GO"",""TO"",""TP""]",,"9","[]","[]","[]"
"1115","NCR07029","geocoded","published",,"Central Maine Power Company","CMP","CMP","Central Maine Power","Central Maine Power","major",,,,"CMP","official_website","[]","Avangrid","NPCC","[""DP"",""TO"",""TOP""]","IOU","9","[]","[]","[]"
"1116","NCR00042","geocoded","published",,"Kissimmee Utility Authority","KUA","KUA","Kissimmee Utility Authority","Kissimmee Utility Authority","normal",,,,"KUA","official_website","[]",,"SERC","[""DP"",""TO"",""TOP""]",,"9","[]","[]","[]"
"1117","NCR07181","geocoded","published",,"NYSEG","NYSEG","NYSEG","NYSEG","NYSEG","major",,,,"NYSEG","official_website","[]","Avangrid","NPCC","[""DP"",""TO"",""TOP""]","IOU","9","[]","[]","[]"
"1118","NCR05236","geocoded","published",,"Metropolitan Water District of Southern California","MWD","MWD","Metropolitan Water District","Metropolitan Water District of Southern California","normal",,,,"MWD","official_website","[]",,"WECC","[""RP"",""TO"",""TP""]",,"8","[]","[]","[]"
"1119","NCR05220","geocoded","published",,"Lincoln County Power District No. 1","LCPD1","LCPD1","Lincoln County Power District","Lincoln County Power District No. 1","normal",,,,"LCPD1","official_website","[]",,"WECC","[""TO"",""TOP""]",,"8","[]","[]","[]"
"1120","NCR05296","geocoded","published",,"Overton Power District No. 5","Overton","Overton","Overton Power District","Overton Power District No. 5","normal",,,,"OPD5","official_website","[]",,"WECC","[""TO"",""TOP""]",,"8","[]","[]","[]"
"1121","NCR04167","geocoded","published",,"U.S. Department of Energy","DOE","DOE","U.S. Department of Energy","U.S. Department of Energy","major",,,,"DOE","common_market_name","[]",,"RF","[""TO"",""TOP""]",,"8","[]","[]","[]"
"1122","NCR10395","geocoded","published",,"BHE Power Watch, LLC","PWRWTC","PowerWatch","BHE Power Watch","BHE Power Watch","normal",,,,"Power Watch","common_market_name","[]",,"WECC","[""BA""]",,"8","[]","[]","[]"
"1123","NCR13044","geocoded","published",,"First LightEnergy, LLC","BNBA","BNBA","First LightEnergy","First LightEnergy","normal",,,,"BNBA","nerc_cores","[]",,"WECC","[""BA""]",,"8","[]","[]","[]"
"1124","NCR10319","geocoded","published",,"Board Of Public Utilities, City Of McPherson, Kansas","MCPHRS","McPherson","McPherson Board of Public Utilities","McPherson Board of Public Utilities","normal",,,,"McPherson BPU","official_website","[]","City of McPherson, Kansas","MRO","[""DP"",""GO"",""GOP"",""TO""]","municipal","7","[]","[]","[]"
"1125","NCR07022","geocoded","published",,"Braintree Electric Light Department","BELD","BELD","Braintree Electric Light Department","Braintree Electric Light Department","normal",,,,"BELD","official_website","[]",,"NPCC","[""DP"",""GO"",""GOP"",""TO""]","municipal","7","[]","[]","[]"
"1126","NCR01071","geocoded","published",,"City Of Clarksdale, Mississippi","CPU","CPU","Clarksdale Public Utilities","Clarksdale Public Utilities","normal",,,,"CPU","common_market_name","[]",,"SERC","[""GO"",""GOP"",""TO"",""DP""]",,"7","[]","[]","[]"
"1127","NCR11091","geocoded","published",,"City of North Little Rock Electric Department","NLR","NLR","North Little Rock Electric","North Little Rock Electric Department","normal",,,,"NLR Electric","official_website","[]",,"SERC","[""DP"",""GO"",""GOP"",""TO""]",,"7","[]","[]","[]"
"1128","NCR01225","geocoded","published",,"East Kentucky Power Cooperative","EKPC","EKPC","East Kentucky Power Cooperative","East Kentucky Power Cooperative","normal",,,,"EKPC","common_market_name","[]",,"SERC","[""DP"",""GO"",""GOP"",""TO""]",,"7","[]","[]","[]"
"1129","NCR01279","geocoded","published",,"North Carolina Electric Membership Corporation","NCEMC","NCEMC","NC Electric Membership Corporation","North Carolina Electric Membership Corporation","normal",,,,"NCEMC","official_website","[]",,"SERC","[""DP"",""GO"",""GOP"",""RP""]",,"7","[]","[]","[]"
"1130","NCR04108","geocoded","published",,"Oklahoma Municipal Power Authority","OMPA","OMPA","Oklahoma Municipal Power Authority","Oklahoma Municipal Power Authority","normal",,,,"OMPA","official_website","[]",,"MRO","[""DP"",""GO"",""GOP"",""RP""]","municipal","7","[]","[]","[]"
"1131","NCR07214","geocoded","published",,"Taunton Municipal Lighting Plant","TMLP","TMLP","Taunton Municipal Lighting Plant","Taunton Municipal Lighting Plant","normal",,,,"TMLP","official_website","[]",,"NPCC","[""DP"",""GO"",""GOP"",""TO""]","municipal","7","[]","[]","[]"
"1132","NCR11716","geocoded","published",,"Upper Michigan Energy Resources Corporation","UMERC","UMERC","Upper Michigan Energy Resources","Upper Michigan Energy Resources","normal",,,,"UMERC","official_website","[]",,"RF","[""DP"",""GO"",""GOP"",""RP""]",,"7","[]","[]","[]"
"1133","NCR04013","geocoded","published",,"Bluebonnet Electric Co Op, Inc.","BLBNNT","Bluebonnet","Bluebonnet Electric Cooperative","Bluebonnet Electric Cooperative","normal",,,,"Bluebonnet","official_website","[]",,"Texas RE","[""DP"",""TO"",""TP""]",,"7","[]","[]","[]"
"1134","NCR00972","geocoded","published",,"City Of Ames Electric Services","Ames","Ames","Ames Electric Services","Ames Electric Services","normal",,,,"Ames Electric","official_website","[]",,"MRO","[""DP"",""TO"",""TP""]","municipal","7","[]","[]","[]"
"1135","NCR05172","geocoded","published",,"Grays Harbor County PUD","GHPUD","GHPUD","Grays Harbor PUD","Grays Harbor County PUD","normal",,,,"GH PUD","name_initialism","[]",,"WECC","[""DP"",""TO"",""TP""]",,"7","[]","[]","[]"
"1136","NCR04079","geocoded","published",,"Guadalupe Valley Electric Co Op Inc.","GVEC","GVEC","Guadalupe Valley Electric Cooperative","Guadalupe Valley Electric Cooperative","normal",,,,"GVEC","official_website","[]",,"Texas RE","[""DP"",""TO"",""TP""]",,"7","[]","[]","[]"
"1137","NCR05206","geocoded","published",,"Klickitat County PUD","KLCKTT","Klickitat","Klickitat County PUD","Klickitat County PUD","normal",,,,"Klickitat PUD","official_website","[]",,"WECC","[""DP"",""TO"",""TP""]",,"7","[]","[]","[]"
"1138","NCR05225","geocoded","published",,"Lower Valley Energy","LVE","LVE","Lower Valley Energy","Lower Valley Energy","normal",,,,"LVE","official_website","[]",,"WECC","[""DP"",""TO"",""TP""]",,"7","[]","[]","[]"
"1139","NCR11077","geocoded","published",,"Nashville Electric Service","NES","NES","Nashville Electric Service","Nashville Electric Service","normal",,,,"NES","official_website","[]",,"SERC","[""DP"",""TO"",""TP""]",,"7","[]","[]","[]"
"1140","NCR04101","geocoded","published",,"New Braunfels Utilities","NBU","NBU","New Braunfels Utilities","New Braunfels Utilities","normal",,,,"NBU","official_website","[]",,"Texas RE","[""DP"",""TO"",""TP""]",,"7","[]","[]","[]"
"1141","NCR05280","geocoded","published",,"Northern Wasco County People's Utility District","NWCPUD","NWCPUD","Northern Wasco County PUD","Northern Wasco County PUD","normal",,,,"NWCPUD","official_website","[]",,"WECC","[""DP"",""TO"",""TP""]",,"7","[]","[]","[]"
"1142","NCR13373","geocoded","published",,"Sam Houston Electric Cooperative Inc.","SHECO","SHECO","Sam Houston Electric Cooperative","Sam Houston Electric Cooperative","normal",,,,"SHECO","official_website","[]",,"SERC","[""DP"",""TO"",""TP""]",,"7","[]","[]","[]"
"1143","NCR10328","geocoded","published",,"Southwest Louisiana Electric Membership Corporation","SLEMCO","SLEMCO","Southwest Louisiana Electric Membership Corporation","Southwest Louisiana Electric Membership Corporation","normal",,,,"SLEMCO","common_market_name","[]",,"SERC","[""DP"",""TO"",""TP""]",,"7","[]","[]","[]"
"1144","NCR05436","geocoded","published",,"Umatilla Electric Cooperative Assoc.","UEC","UEC","Umatilla Electric Cooperative","Umatilla Electric Cooperative","normal",,,,"UEC","official_website","[]",,"WECC","[""DP"",""TO"",""TP""]",,"7","[]","[]","[]"
"1145","NCR07013","geocoded","published",,"Versant Power","Versant","Versant","Versant Power","Versant Power","normal",,,,"Versant","official_website","[]","ENMAX Corporation","NPCC","[""DP"",""TO"",""TP""]","IOU","7","[]","[]","[]"
"1146","NCR07055","geocoded","published",,"Cross Sound Cable Company, LLC.","CSC","CSC","Cross Sound Cable","Cross Sound Cable Company","normal",,,,"Cross-Sound","official_website","[]",,"NPCC","[""TO"",""TSP""]","merchant","7","[]","[]","[]"
"1147","NCR07091","geocoded","published",,"New Hampshire Transmission, LLC","NHT","NHT","New Hampshire Transmission","New Hampshire Transmission","normal",,,,"NHT","name_initialism","[]","NextEra Energy Transmission","NPCC","[""TO"",""TSP""]","other","7","[]","[]","[]"
"1148","NCR11708","geocoded","published",,"Western Interconnect LLC","WI","WI","Western Interconnect","Western Interconnect LLC","normal","alias_code","public_filing","https://patternenergy.com/wp-content/uploads/2025/09/Pattern-Energy-Group-LP-SOC-Procedure.pdf","WI","common_market_name","[]",,"WECC","[""TO"",""TSP""]",,"7","[]","[]","[]"
"1149","NCR11163","geocoded","published",,"Central Nebraska Public Power and Irrigation District, The","CNPPID","CNPPID","Central Nebraska Public Power and Irrigation District","Central Nebraska Public Power and Irrigation District","normal",,,,"CNPPID","official_website","[]",,"MRO","[""GO"",""GOP"",""TO""]","municipal","6","[]","[]","[]"
"1150","NCR00251","geocoded","published",,"Essential Power Rock Springs, LLC","Essentia","Essential","Essential Power Rock Springs","Essential Power Rock Springs","normal",,,,"Essentia","name_initialism","[]",,"RF","[""GO"",""GOP"",""TO""]",,"6","[]","[]","[]"
"1151","NCR10362","geocoded","published",,"Indeck - Oswego, LP","Oswego","Oswego","Indeck Oswego","Indeck Oswego","normal",,,,"Oswego","common_market_name","[]","Indeck Energy Services","NPCC","[""GO"",""GOP"",""TO""]","merchant","6","[]","[]","[]"
"1152","NCR00796","geocoded","published",,"Indiana Municipal Power Agency","IMPA","IMPA","Indiana Municipal Power Agency","Indiana Municipal Power Agency","normal",,,,"IMPA","official_website","[]",,"RF","[""GO"",""GOP"",""RP""]",,"6","[]","[]","[]"
"1153","NCR07136","geocoded","published",,"Mass. Municipal Wholesale Electric Company","MMWEC","MMWEC","Massachusetts Municipal Wholesale Electric Company","Massachusetts Municipal Wholesale Electric Company","normal",,,,"MMWEC","official_website","[]",,"NPCC","[""GO"",""GOP"",""TO""]","cooperative","6","[]","[]","[]"
"1154","NCR00377","geocoded","published",,"Nevada Gold Energy LLC","NGE","NGE","Nevada Gold Energy","Nevada Gold Energy","normal",,,,"NGE","name_initialism","[]",,"WECC","[""GO"",""GOP"",""TO""]",,"6","[]","[]","[]"
"1155","NCR00857","geocoded","published",,"Ohio Valley Electric Corporation","OVEC","OVEC","Ohio Valley Electric Corporation","Ohio Valley Electric Corporation","normal",,,,"OVEC","official_website","[]",,"RF","[""GO"",""GOP"",""TO""]",,"6","[]","[]","[]"
"1156","NCR05441","geocoded","published",,"US Bureau of Reclamation","USBR","USBR","U.S. Bureau of Reclamation","US Bureau of Reclamation","major",,,,"Reclamation","common_market_name","[]",,"WECC","[""GO"",""GOP"",""TO""]",,"6","[]","[]","[]"
"1157","NCR05445","geocoded","published",,"Utah Associated Municipal Power Systems","UAMPS","UAMPS","Utah Associated Municipal Power Systems","Utah Associated Municipal Power Systems","normal",,,,"UAMPS","official_website","[]",,"WECC","[""GO"",""GOP"",""RP""]",,"6","[]","[]","[]"
"1158","NCR13552","geocoded","published",,"CHPE LLC","CHPE","CHPE","Champlain Hudson Power Express","Champlain Hudson Power Express","normal",,,,"CHPE","common_market_name","[]","TDI-USA Holdings LLC","NPCC","[""TO"",""TP""]","merchant","6","[]","[]","[]"
"1159","NCR13072","geocoded","published",,"Concordia Electric Cooperative, Inc.","CNCRD","Concordia","Concordia Electric Cooperative","Concordia Electric Cooperative","normal",,,,"Concordia EC","official_website","[]",,"SERC","[""TO"",""TP""]",,"6","[]","[]","[]"
"1160","NCR12025","geocoded","published",,"DesertLink, LLC","DSRTLN","DesertLink","DesertLink","DesertLink","normal",,,,"DesertLink","common_market_name","[]",,"WECC","[""TO"",""TP""]",,"6","[]","[]","[]"
"1161","NCR11444","geocoded","published",,"Glencoe Light and Power Commission","GLPC","GLPC","Glencoe Light and Power Commission","Glencoe Light and Power Commission","normal",,,,"GLPC","name_initialism","[]",,"MRO","[""TO"",""TP""]","municipal","6","[]","[]","[]"
"1162","NCR11783","geocoded","published",,"GridLiance Holdco, LLC","GRDLNC","GridLiance","GridLiance","GridLiance","normal",,,,"GridLiance","official_website","[]","NextEra Energy Transmission","MRO","[""TO"",""TP""]","IOU","6","[]","[]","[]"
"1163","NCR12006","geocoded","published",,"Horizon West Transmission, LLC","HWT","HWT","Horizon West Transmission","Horizon West Transmission","normal",,,,"HWT","name_initialism","[]",,"WECC","[""TO"",""TP""]",,"6","[]","[]","[]"
"1164","NCR13037","geocoded","published",,"Jefferson Davis Electric Cooperative, Inc.","JDEC","JDEC","Jefferson Davis Electric Cooperative","Jefferson Davis Electric Cooperative","normal",,,,"JDEC","official_website","[]",,"SERC","[""TO"",""TP""]",,"6","[]","[]","[]"
"1165","NCR12486","geocoded","published",,"Jicarilla Apache Nation Power Authority","JANPA","JANPA","Jicarilla Power Authority","Jicarilla Apache Nation Power Authority","normal",,,,"JANPA","common_market_name","[]",,"WECC","[""TO"",""TP""]",,"6","[]","[]","[]"
"1166","NCR12138","geocoded","published",,"LS Power Grid New York Corporation I","LSPG","LSPG","LS Power Grid New York","LS Power Grid New York","normal",,,,"LSPG-NY","name_initialism","[]",,"NPCC","[""TO"",""TP""]","merchant","6","[]","[]","[]"
"1167","NCR07134","geocoded","published",,"Maine Electric Power Company","MEPCO","MEPCO","Maine Electric Power","Maine Electric Power Company","normal",,,,"MEPCO","name_initialism","[]",,"NPCC","[""TO"",""TP""]","merchant","6","[]","[]","[]"
"1168","NCR11639","geocoded","published",,"New York Transco LLC","NYTRNS","NYTransco","New York Transco","New York Transco","normal",,,,"NYTransco","official_website","[]",,"NPCC","[""TO"",""TP""]","other","6","[]","[]","[]"
"1169","NCR12183","geocoded","published",,"NextEra Energy Transmission New York","NEETNY","NEETNY","NextEra Energy Transmission New York","NextEra Energy Transmission New York","normal",,,,"NEETNY","official_website","[]","NextEra Energy Transmission, LLC","NPCC","[""TO"",""TP""]","other","6","[]","[]","[]"
"1170","NCR05522","geocoded","published",,"Public Utility District No. 1 of Whatcom County","WP","Whatcom PUD","Whatcom County PUD","Whatcom County PUD No. 1","normal",,,,"Whatcom PUD","official_website","[]",,"WECC","[""TO"",""TP""]",,"6","[]","[]","[]"
"1171","NCR12027","geocoded","published",,"Republic Transmission, LLC","Republic","Republic","Republic Transmission","Republic Transmission","normal",,,,"Republic TX","name_initialism","[]",,"RF","[""TO"",""TP""]",,"6","[]","[]","[]"
"1172","NCR04119","geocoded","published",,"Sharyland Utilities, L.L.C.","SHRYLN","Sharyland","Sharyland Utilities","Sharyland Utilities","normal",,,,"Sharyland","official_website","[]",,"Texas RE","[""TO"",""TP""]",,"6","[]","[]","[]"
"1173","NCR13532","geocoded","published",,"SunZia Transmission, LLC","SunZia","SunZia","SunZia Transmission","SunZia Transmission, LLC","normal",,,,"SunZia","common_market_name","[]",,"WECC","[""TO"",""TP""]",,"6","[]","[]","[]"
"1174","NCR13143","geocoded","published",,"Everline Tech Ops, LLC","Everline","Everline","Everline Tech Ops","Everline Tech Ops","normal",,,,"Everline","official_website","[]",,"SERC","[""TOP""]",,"6","[]","[]","[]"
"1175","NCR01248","geocoded","published",,"Georgia System Operations Corporation","GSOC","GSOC","Georgia System Operations","Georgia System Operations Corporation","normal",,,,"GSOC","official_website","[]",,"SERC","[""TOP""]",,"6","[]","[]","[]"
"1176","NCR11393","geocoded","published",,"Gridforce Energy Management, LLC","GRDFRC","Gridforce","Gridforce Energy Management","Gridforce Energy Management","normal",,,,"Gridforce","common_market_name","[]",,"SERC","[""TOP""]",,"6","[]","[]","[]"
"1177","NCR07159","geocoded","published",,"New England Power Company","NEP","NEP","New England Power Company","New England Power Company","normal",,,,"NEP","name_initialism","[]","National Grid USA","NPCC","[""TOP""]","IOU","6","[]","[]","[]"
"1178","NCR11439","geocoded","published",,"CalPECo","CalPECo","CalPECo","CalPECo","CalPECo","normal",,,,"CalPECo","official_website","[]",,"WECC","[""DP"",""GO"",""GOP""]",,"5","[]","[]","[]"
"1179","NCR05084","geocoded","published",,"City of Idaho Falls Electric Light Division","IFPower","IFPower","Idaho Falls Power","Idaho Falls Power","normal",,,,"IFPower","official_website","[]",,"WECC","[""DP"",""GO"",""GOP""]",,"5","[]","[]","[]"
"1180","NCR05096","geocoded","published",,"City of St George","SGES","SGES","St. George Energy Services","St. George Energy Services","normal",,,,"SGES","official_website","[]",,"WECC","[""DP"",""GO"",""GOP""]",,"5","[]","[]","[]"
"1181","NCR00997","geocoded","published",,"Hutchinson Utilities Commission","HUC","HUC","Hutchinson Utilities Commission","Hutchinson Utilities Commission","normal",,,,"HUC","name_initialism","[]",,"MRO","[""DP"",""RP"",""TO""]","municipal","5","[]","[]","[]"
"1182","NCR00859","geocoded","published",,"Old Dominion Electric Cooperative","ODEC","ODEC","Old Dominion Electric Cooperative","Old Dominion Electric Cooperative","normal",,,,"ODEC","official_website","[]",,"RF","[""DP"",""GO"",""GOP""]",,"5","[]","[]","[]"
"1183","NCR07191","geocoded","published",,"Peabody Municipal Light Plant","PMLP","PMLP","Peabody Municipal Light Plant","Peabody Municipal Light Plant","normal",,,,"PMLP","official_website","[]",,"NPCC","[""DP"",""GO"",""GOP""]","municipal","5","[]","[]","[]"
"1184","NCR00940","geocoded","published",,"Wabash Valley Power Association, Inc.","WVPA","WVPA","Wabash Valley Power","Wabash Valley Power Association","normal",,,,"WVPA","official_website","[]",,"RF","[""DP"",""GO"",""TO""]",,"5","[]","[]","[]"
"1185","NCR12357","geocoded","published",,"A.B. Wind LLC","ABW","ABW","A.B. Wind","A.B. Wind","normal",,,,"ABW","name_initialism","[]",,"RF","[""GO"",""GOP""]",,"4","[]","[]","[]"
"1186","NCR13461","geocoded","published",,"AEM Wind, LLC","AEM","AEM","AEM Wind","AEM Wind","normal",,,,"AEM","name_initialism","[]",,"MRO","[""GO"",""GOP""]","merchant","4","[]","[]","[]"
"1187","NCR11178","geocoded","published",,"AES Laurel Mountain, LLC","Laurel","Laurel","AES Laurel Mountain","AES Laurel Mountain","normal",,,,"Laurel Mountain","common_market_name","[]","The AES Corporation","RF","[""GO"",""GOP""]","merchant","4","[]","[]","[]"
"1188","NCR12533","geocoded","published",,"AEUG Union Solar, LLC","Union","Union","Union Solar","Union Solar","normal",,,,"Union Solar","common_market_name","[]","Acciona Energy USA Global, LLC","RF","[""GO"",""GOP""]","merchant","4","[]","[]","[]"
"1189","NCR10001","geocoded","published",,"Air Liquide Large Industries U.S., LP","AL","Air Liquide","Air Liquide","Air Liquide","normal",,,,"Air Liquide","official_website","[]",,"Texas RE","[""GO"",""GOP""]",,"4","[]","[]","[]"
"1190","NCR11050","geocoded","published",,"AL Sandersville, LLC","SNDRSV","Sandersville","AL Sandersville","AL Sandersville","normal",,,,"AL Sandersville","name_initialism","[]",,"SERC","[""GO"",""GOP""]",,"4","[]","[]","[]"
"1191","NCR01165","geocoded","published",,"Alabama Municipal Electric Authority","AMEA","AMEA","Alabama Municipal Electric Authority","Alabama Municipal Electric Authority","normal",,,,"AMEA","official_website","[]",,"SERC","[""GO"",""GOP""]",,"4","[]","[]","[]"
"1192","NCR11641","geocoded","published",,"Alamo 6, LLC","Alamo 6","Alamo 6","Alamo 6 Solar","Alamo 6 Solar","normal",,,,"Alamo 6","common_market_name","[]",,"Texas RE","[""GO"",""GOP""]",,"4","[]","[]","[]"
"1193","NCR12135","geocoded","published",,"Albany Green Energy","AGE","AGE","Albany Green Energy","Albany Green Energy","normal",,,,"AGE","name_initialism","[]",,"SERC","[""GO"",""GOP""]",,"4","[]","[]","[]"
"1194","NCR00667","geocoded","published",,"Alcoa Power Generating Inc.","APGI","APGI","Alcoa Power Generating","Alcoa Power Generating","normal",,,,"APGI","common_market_name","[]","Alcoa Corporation","RF","[""GO"",""GOP""]","other","4","[]","[]","[]"
"1195","NCR13264","geocoded","published",,"Alexander Wind Farm LLC","LXNDR","Alexander","Alexander Wind Farm","Alexander Wind Farm","normal",,,,"Alexander","name_initialism","[]","Skyline Renewables","MRO","[""GO"",""GOP""]","merchant","4","[]","[]","[]"
"1196","NCR11387","geocoded","published",,"Allegany Generating Station LLC","Allegany","Allegany","Allegany Generating Station","Allegany Generating Station","normal",,,,"Allegany","common_market_name","[]","Alliance Energy Group","NPCC","[""GO"",""GOP""]","merchant","4","[]","[]","[]"
"1197","NCR05363","geocoded","published",,"AltaGas Ripon Energy Inc.","Ripon","Ripon","AltaGas Ripon Energy","AltaGas Ripon Energy","normal",,,,"AltaGas Ripon","name_initialism","[]",,"WECC","[""GO"",""GOP""]",,"4","[]","[]","[]"
"1198","NCR13324","geocoded","published",,"Altamont Winds LLC","Altamont","Altamont","Altamont Winds","Altamont Winds","normal",,,,"Altamont Winds","name_initialism","[]",,"WECC","[""GO"",""GOP""]",,"4","[]","[]","[]"
"1199","NCR12051","geocoded","published",,"Amadeus Wind, LLC","Amadeus","Amadeus","Amadeus Wind","Amadeus Wind","normal",,,,"Amadeus Wind","name_initialism","[]",,"Texas RE","[""GO"",""GOP""]",,"4","[]","[]","[]"
"1200","NCR00680","geocoded","published",,"American Bituminous Power Partners, L.P.","ABPP","ABPP","American Bituminous Power Partners","American Bituminous Power Partners","normal",,,,"ABPP","common_market_name","[]",,"RF","[""GO"",""GOP""]","merchant","4","[]","[]","[]"
"1201","NCR13243","geocoded","published",,"American Falls Solar, LLC","AFS","AFS","American Falls Solar","American Falls Solar","normal",,,,"AFS","name_initialism","[]",,"WECC","[""GO"",""GOP""]",,"4","[]","[]","[]"
"1202","NCR12103","geocoded","published",,"Anson Solar Center, LLC","Anson","Anson","Anson Solar Center","Anson Solar Center","normal",,,,"Anson Solar","common_market_name","[]",,"Texas RE","[""GO"",""GOP""]",,"4","[]","[]","[]"
"1203","NCR07076","geocoded","published",,"AP (Curtis Palmer) LLC","Curtis","Curtis","Curtis Palmer","Curtis Palmer","normal",,,,"Curtis Palmer","common_market_name","[]","Innergex","NPCC","[""GO"",""GOP""]","merchant","4","[]","[]","[]"
"1204","NCR13506","geocoded","published",,"Apple Energy LLC","Apple","Apple","Apple Energy","Apple Energy","normal",,,,"Apple Energy","sec_filing","[]",,"SERC","[""GO"",""GOP""]",,"4","[]","[]","[]"
"1205","NCR13279","geocoded","published",,"Apple River Solar, LLC","AR","Apple River","Apple River Solar","Apple River Solar","normal",,,,"Apple River","name_initialism","[]","Geronimo Power","MRO","[""GO"",""GOP""]","merchant","4","[]","[]","[]"
"1206","NCR05014","geocoded","published",,"Aragonne Wind LLC","Aragonne","Aragonne","Aragonne Wind","Aragonne Wind","normal",,,,"Aragonne","common_market_name","[]",,"WECC","[""GO"",""GOP""]",,"4","[]","[]","[]"
"1207","NCR11426","geocoded","published",,"Arlington Valley Solar Energy II, LLC","AVSE II","AVSE II","Arlington Valley Solar Energy II","Arlington Valley Solar Energy II","normal",,,,"AVSE II","name_initialism","[]",,"WECC","[""GO"",""GOP""]",,"4","[]","[]","[]"
"1208","NCR03051","geocoded","published",,"Arlington Valley, LLC","RLNGTN","Arlington","Arlington Valley","Arlington Valley","normal",,,,"Arlington Valley","name_initialism","[]",,"WECC","[""GO"",""GOP""]",,"4","[]","[]","[]"
"1209","NCR11760","geocoded","published",,"Armstrong Power, LLC","RMSTRN","Armstrong","Armstrong Power","Armstrong Power","normal",,,,"Armstrong","common_market_name","[]",,"RF","[""GO"",""GOP""]","merchant","4","[]","[]","[]"
"1210","NCR12232","geocoded","published",,"Arthur Kill Power, LLC","AK","Arthur Kill","Arthur Kill Power","Arthur Kill Power","normal",,,,"Arthur Kill","common_market_name","[]","ArcLight Capital Partners","NPCC","[""GO"",""GOP""]","merchant","4","[]","[]","[]"
"1211","NCR11452","geocoded","published",,"ASI Operations Inc","ASI","ASI","ASI Operations","ASI Operations","normal",,,,"ASI Ops","name_initialism","[]",,"WECC","[""GO"",""GOP""]",,"4","[]","[]","[]"
"1212","NCR13417","geocoded","published",,"Aspenall Energies (Delaware), LLC","Aspenall","Aspenall","Aspenall Energies","Aspenall Energies","normal",,,,"Aspenall","official_website","[]","Treehouse Investments, LLC","MRO","[""GO"",""GOP""]","merchant","4","[]","[]","[]"
"1213","NCR11746","geocoded","published",,"Astra Wind, LLC","Astra","Astra","Astra Wind","Astra Wind","normal",,,,"Astra","common_market_name","[]",,"Texas RE","[""GO"",""GOP""]",,"4","[]","[]","[]"
"1214","NCR11659","geocoded","published",,"Aurora Generation, LLC","Aurora","Aurora","Aurora Generation","Aurora Generation","normal",,,,"Aurora","common_market_name","[]","LS Power Development LLC","RF","[""GO"",""GOP""]","merchant","4","[]","[]","[]"
"1215","NCR12115","geocoded","published",,"Aviator Wind, LLC","Aviator","Aviator","Aviator Wind","Aviator Wind","normal",,,,"Aviator","common_market_name","[]",,"Texas RE","[""GO"",""GOP""]",,"4","[]","[]","[]"
"1216","NCR12409","geocoded","published",,"Ball Hill Wind, LLC","BH","Ball Hill","Ball Hill Wind","Ball Hill Wind","normal",,,,"Ball Hill","common_market_name","[]","Northland Power","NPCC","[""GO"",""GOP""]","merchant","4","[]","[]","[]"
"1217","NCR11411","geocoded","published",,"Barrick Goldstrike Mines Inc.","GLDSTR","Goldstrike","Barrick Goldstrike Mines","Barrick Goldstrike Mines","normal",,,,"Goldstrike","common_market_name","[]",,"WECC","[""GO"",""GOP""]",,"4","[]","[]","[]"
"1218","NCR04011","geocoded","published",,"BASF Corp","BASF","BASF","BASF","BASF","normal",,,,"BASF","official_website","[]",,"Texas RE","[""GO"",""GOP""]",,"4","[]","[]","[]"
"1219","NCR04012","geocoded","published",,"Bastrop Energy Partners, LP","Bastrop","Bastrop","Bastrop Energy Partners","Bastrop Energy Partners","normal",,,,"Bastrop Energy","common_market_name","[]",,"Texas RE","[""GO"",""GOP""]",,"4","[]","[]","[]"
"1220","NCR12118","geocoded","published",,"Battle Mountain SP, LLC","BM","Battle Mtn","Battle Mountain Solar","Battle Mountain Solar","normal",,,,"Battle Mtn SP","name_initialism","[]",,"WECC","[""GO"",""GOP""]",,"4","[]","[]","[]"
"1221","NCR13051","geocoded","published",,"Bayou Cove","BC","Bayou Cove","Bayou Cove","Bayou Cove","normal",,,,"Bayou Cove","name_initialism","[]",,"SERC","[""GO"",""GOP""]",,"4","[]","[]","[]"
"1222","NCR11814","geocoded","published",,"Bearkat Wind Energy I, LLC","Bearkat","Bearkat","Bearkat Wind Energy","Bearkat Wind Energy","normal",,,,"Bearkat","common_market_name","[]",,"Texas RE","[""GO"",""GOP""]",,"4","[]","[]","[]"
"1223","NCR12551","geocoded","published",,"Bekevar Wind LP","Bekevar","Bekevar","Bekevar Wind","Bekevar Wind","normal",,,,"Bekevar","name_initialism","[]","Innagreen; Cowessess First Nation (ANEDLP)","MRO","[""GO"",""GOP""]","merchant","4","[]","[]","[]"
"1224","NCR00170","geocoded","published",,"Benton County Wind Farm, LLC","Benton","Benton","Benton County Wind Farm","Benton County Wind Farm","normal",,,,"Benton County Wind","common_market_name","[]","Orion Energy Group LLC","RF","[""GO"",""GOP""]","merchant","4","[]","[]","[]"
"1225","NCR12214","geocoded","published",,"Bergen Generating Station","Bergen","Bergen","Bergen Generating Station","Bergen Generating Station","normal",,,,"Bergen","common_market_name","[]","Parkway Generation, LLC","RF","[""GO"",""GOP""]","merchant","4","[]","[]","[]"
"1226","NCR10351","geocoded","published",,"Berkshire Power Company, LLC","BRKSHR","Berkshire","Berkshire Power","Berkshire Power","normal",,,,"Berkshire Power","common_market_name","[]","Tenaska","NPCC","[""GO"",""GOP""]","merchant","4","[]","[]","[]"
"1227","NCR11559","geocoded","published",,"Berlin Station, LLC","Berlin","Berlin","Berlin Station","Berlin Station","normal",,,,"Berlin Station","name_initialism","[]","Burgess BioPower","NPCC","[""GO"",""GOP""]","merchant","4","[]","[]","[]"
"1228","NCR12230","geocoded","published",,"Bethlehem Energy Center","BTHLHM","Bethlehem","Bethlehem Energy Center","Bethlehem Energy Center","normal",,,,"Bethlehem","common_market_name","[]","Generation Bridge II","NPCC","[""GO"",""GOP""]","merchant","4","[]","[]","[]"
"1229","NCR00257","geocoded","published",,"BHE Glacier Wind, LLC","Glacier","Glacier","BHE Glacier Wind","BHE Glacier Wind","normal",,,,"BHE Glacier","name_initialism","[]",,"WECC","[""GO"",""GOP""]",,"4","[]","[]","[]"
"1230","NCR11272","geocoded","published",,"BHE Rim Rock Wind, LLC","Rim Rock","Rim Rock","BHE Rim Rock Wind","BHE Rim Rock Wind","normal",,,,"Rim Rock","common_market_name","[]",,"WECC","[""GO"",""GOP""]",,"4","[]","[]","[]"
"1231","NCR13470","geocoded","published",,"Big Blue WInd Farm, LLC","Big Blue","Big Blue","Big Blue Wind Farm","Big Blue Wind Farm","normal",,,,"Big Blue","name_initialism","[]","Fagen, Inc.","MRO","[""GO"",""GOP""]","merchant","4","[]","[]","[]"
"1232","NCR13052","geocoded","published",,"Big Cajun 1","BC1","BC1","Big Cajun 1","Big Cajun 1","normal",,,,"BC1","name_initialism","[]",,"SERC","[""GO"",""GOP""]",,"4","[]","[]","[]"
"1233","NCR13053","geocoded","published",,"Big Cajun 2","BC2","BC2","Big Cajun 2","Big Cajun 2","normal",,,,"BC2","name_initialism","[]",,"SERC","[""GO"",""GOP""]",,"4","[]","[]","[]"
"1234","NCR11973","geocoded","published",,"Big Level Wind LLC","BL","Big Level","Big Level Wind","Big Level Wind","normal",,,,"Big Level Wind","common_market_name","[]","TransAlta","RF","[""GO"",""GOP""]","merchant","4","[]","[]","[]"
"1235","NCR12426","geocoded","published",,"Big Plain Solar, LLC","BP","Big Plain","Big Plain Solar","Big Plain Solar","normal",,,,"Big Plain Solar","common_market_name","[]","Leeward Renewable Energy","RF","[""GO"",""GOP""]","merchant","4","[]","[]","[]"
"1236","NCR11461","geocoded","published",,"Big Sky Wind, LLC","Big Sky","Big Sky","Big Sky Wind","Big Sky Wind","normal",,,,"Big Sky Wind","common_market_name","[]","Vitol Wind I, LLC","RF","[""GO"",""GOP""]","merchant","4","[]","[]","[]"
"1237","NCR13290","geocoded","published",,"BirdDog Solar, LLC","BirdDog","BirdDog","BirdDog Solar","BirdDog Solar","normal",,,,"BirdDog","name_initialism","[]",,"SERC","[""GO"",""GOP""]",,"4","[]","[]","[]"
"1238","NCR13306","geocoded","published",,"Biscayne Falls SPV, LLC","Biscayne","Biscayne","Biscayne Falls Solar","Biscayne Falls Solar","normal",,,,"Biscayne Falls Solar","common_market_name","[]","Zelestra","RF","[""GO"",""GOP""]","merchant","4","[]","[]","[]"
"1239","NCR11309","geocoded","published",,"Bishop Hill Energy II LLC","BH2","BH2","Bishop Hill Energy II","Bishop Hill Energy II","normal",,,,"BH2","name_initialism","[]",,"SERC","[""GO"",""GOP""]",,"4","[]","[]","[]"
"1240","NCR11856","geocoded","published",,"Bishop Hill Energy III LLC","BH3","BH3","Bishop Hill Energy III","Bishop Hill Energy III","normal",,,,"BH3","name_initialism","[]",,"SERC","[""GO"",""GOP""]",,"4","[]","[]","[]"
"1241","NCR11289","geocoded","published",,"Bishop Hill Energy LLC","BH","Bishop Hill","Bishop Hill Energy","Bishop Hill Energy","normal",,,,"Bishop Hill","common_market_name","[]","Invenergy LLC","RF","[""GO"",""GOP""]","merchant","4","[]","[]","[]"
"1242","NCR12042","geocoded","published",,"Bitter Ridge Wind Farm, LLC","BR","Bitter Ridge","Bitter Ridge Wind Farm","Bitter Ridge Wind Farm","normal",,,,"Bitter Ridge","common_market_name","[]","Scout Clean Energy LLC","RF","[""GO"",""GOP""]","merchant","4","[]","[]","[]"
"1243","NCR13187","geocoded","published",,"Black Oak Wind, LLC","BO","Black Oak","Black Oak Wind","Black Oak Wind","normal",,,,"Black Oak","name_initialism","[]","AEP Clean Energy Resources, LLC","MRO","[""GO"",""GOP""]","merchant","4","[]","[]","[]"
"1244","NCR13006","geocoded","published",,"Blackwater Solar, LLC","BLCKWT","Blackwater","Blackwater Solar","Blackwater Solar","normal",,,,"Blackwater","name_initialism","[]",,"SERC","[""GO"",""GOP""]",,"4","[]","[]","[]"
"1245","NCR13269","geocoded","published",,"Blevins Solar and Storage","Blevins","Blevins","Blevins Solar and Storage","Blevins Solar and Storage","normal",,,,"Blevins","common_market_name","[]",,"Texas RE","[""GO"",""GOP""]",,"4","[]","[]","[]"
"1246","NCR11886","geocoded","published",,"Blue Cloud Wind Energy, LLC","BC","Blue Cloud","Blue Cloud Wind Energy","Blue Cloud Wind Energy","normal",,,,"Blue Cloud","name_initialism","[]","Copenhagen Infrastructure Partners","MRO","[""GO"",""GOP""]","merchant","4","[]","[]","[]"
"1247","NCR12277","geocoded","published",,"Blue Hill Wind Energy","BH","Blue Hill","Blue Hill Wind Energy","Blue Hill Wind Energy","normal",,,,"Blue Hill","name_initialism","[]","Algonquin Power & Utilities Corp.","MRO","[""GO"",""GOP""]","merchant","4","[]","[]","[]"
"1248","NCR11433","geocoded","published",,"Blythe Energy Inc.","Blythe","Blythe","Blythe Energy","Blythe Energy","normal",,,,"Blythe","name_initialism","[]",,"WECC","[""GO"",""GOP""]",,"4","[]","[]","[]"
"1249","NCR01062","geocoded","published",,"Borger Energy Associates LLC","Borger","Borger","Borger Energy Associates","Borger Energy Associates","normal",,,,"Borger Energy","name_initialism","[]","ContourGlobal","MRO","[""GO"",""GOP""]","merchant","4","[]","[]","[]"
"1250","NCR12544","geocoded","published",,"Boswell Wind, LLC","Boswell","Boswell","Boswell Wind","Boswell Wind","normal",,,,"Boswell","name_initialism","[]",,"WECC","[""GO"",""GOP""]",,"4","[]","[]","[]"
"1251","NCR11873","geocoded","published",,"Bowline, LLC","Bowline","Bowline","Bowline","Bowline","normal",,,,"Bowline","common_market_name","[]","GenOn Holdings","NPCC","[""GO"",""GOP""]","merchant","4","[]","[]","[]"
"1252","NCR13404","geocoded","published",,"Brantley Farm Solar, LLC","BFS","BFS","Brantley Farm Solar","Brantley Farm Solar","normal",,,,"BFS","name_initialism","[]",,"SERC","[""GO"",""GOP""]",,"4","[]","[]","[]"
"1253","NCR11576","geocoded","published",,"Briscoe Wind Farm, LLC","Briscoe","Briscoe","Briscoe Wind Farm","Briscoe Wind Farm","normal",,,,"Briscoe","common_market_name","[]",,"Texas RE","[""GO"",""GOP""]",,"4","[]","[]","[]"
"1254","NCR13310","geocoded","published",,"Britton Solar","Britton","Britton","Britton Solar","Britton Solar","normal",,,,"Britton","name_initialism","[]",,"WECC","[""GO"",""GOP""]",,"4","[]","[]","[]"
"1255","NCR12179","geocoded","published",,"Broad Reach Power LLC","BRP","BRP","Broad Reach Power","Broad Reach Power","normal",,,,"BRP","official_website","[]",,"Texas RE","[""GO"",""GOP""]",,"4","[]","[]","[]"
"1256","NCR11313","geocoded","published",,"Broad River Energy, LLC","BRE","BRE","Broad River Energy","Broad River Energy","normal",,,,"BRE","name_initialism","[]",,"SERC","[""GO"",""GOP""]",,"4","[]","[]","[]"
"1257","NCR10353","geocoded","published",,"Brookhaven Energy Center, LLC","BRKHVN","Brookhaven","Brookhaven Energy Center","Brookhaven Energy Center","normal",,,,"Brookhaven","common_market_name","[]","Lotus Infrastructure Partners","NPCC","[""GO"",""GOP""]","merchant","4","[]","[]","[]"
"1258","NCR04021","geocoded","published",,"Brownsville Public Utilities Board Silas Ray","SR","Silas Ray","Silas Ray Power Plant","Silas Ray Power Plant","normal",,,,"Silas Ray","common_market_name","[]",,"Texas RE","[""GO"",""GOP""]",,"4","[]","[]","[]"
"1259","NCR13123","geocoded","published",,"BRP Antlia BESS LLC","Antlia","Antlia","BRP Antlia BESS","BRP Antlia BESS","normal",,,,"Antlia","common_market_name","[]",,"Texas RE","[""GO"",""GOP""]",,"4","[]","[]","[]"
"1260","NCR13224","geocoded","published",,"BRP Avila BESS LLC","Avila","Avila","BRP Avila BESS","BRP Avila BESS","normal",,,,"Avila","common_market_name","[]",,"Texas RE","[""GO"",""GOP""]",,"4","[]","[]","[]"
"1261","NCR13225","geocoded","published",,"BRP Cachi BESS LLC","Cachi","Cachi","BRP Cachi BESS","BRP Cachi BESS","normal",,,,"Cachi","common_market_name","[]",,"Texas RE","[""GO"",""GOP""]",,"4","[]","[]","[]"
"1262","NCR13226","geocoded","published",,"BRP Carina BESS LLC","Carina","Carina","BRP Carina BESS","BRP Carina BESS","normal",,,,"Carina","common_market_name","[]",,"Texas RE","[""GO"",""GOP""]",,"4","[]","[]","[]"
"1263","NCR12270","geocoded","published",,"BT Noble Solar, LLC","BT Noble","BT Noble","BT Noble Solar","BT Noble Solar","normal",,,,"BT Noble","name_initialism","[]",,"Texas RE","[""GO"",""GOP""]",,"4","[]","[]","[]"
"1264","NCR13405","geocoded","published",,"Buckleberry Solar, LLC","BCKLBR","Buckleberry","Buckleberry Solar","Buckleberry Solar","normal",,,,"Buckleberry","name_initialism","[]",,"SERC","[""GO"",""GOP""]",,"4","[]","[]","[]"
"1265","NCR11459","geocoded","published",,"Bucksport Generation LLC","BCKSPR","Bucksport","Bucksport Generation","Bucksport Generation","normal",,,,"Bucksport","common_market_name","[]","JERA Americas","NPCC","[""GO"",""GOP""]","merchant","4","[]","[]","[]"
"1266","NCR12016","geocoded","published",,"Buckthorn Wind Project, LLC","BCKTHR","Buckthorn","Buckthorn Wind","Buckthorn Wind Project","normal",,,,"Buckthorn","name_initialism","[]",,"Texas RE","[""GO"",""GOP""]",,"4","[]","[]","[]"
"1267","NCR04025","geocoded","published",,"Buffalo Gap Wind Farm, LLC","BG","Buffalo Gap","Buffalo Gap Wind Farm","Buffalo Gap Wind Farm","normal",,,,"Buffalo Gap","common_market_name","[]",,"Texas RE","[""GO"",""GOP""]",,"4","[]","[]","[]"
"1268","NCR10290","geocoded","published",,"Bull Creek Wind, LLC","BC","Bull Creek","Bull Creek Wind","Bull Creek Wind","normal",,,,"Bull Creek","name_initialism","[]",,"Texas RE","[""GO"",""GOP""]",,"4","[]","[]","[]"
"1269","NCR12209","geocoded","published",,"Burlington Generating Station","BRLNGT","Burlington","Burlington Generating Station","Burlington Generating Station","normal",,,,"Burlington Gen","common_market_name","[]","Parkway Generating Operating LLC","RF","[""GO"",""GOP""]","merchant","4","[]","[]","[]"
"1270","NCR05039","geocoded","published",,"Burney Forest Products, A Joint Venture","BFP","BFP","Burney Forest Products","Burney Forest Products","normal",,,,"BFP","name_initialism","[]",,"WECC","[""GO"",""GOP""]",,"4","[]","[]","[]"
"1271","NCR13174","geocoded","published",,"Byrd Ranch Storage LLC","BR","Byrd Ranch","Byrd Ranch Storage","Byrd Ranch Storage","normal",,,,"Byrd Ranch","name_initialism","[]",,"Texas RE","[""GO"",""GOP""]",,"4","[]","[]","[]"
"1272","NCR13385","geocoded","published",,"Cadence Solar Energy LLC","Cadence","Cadence","Cadence Solar Energy","Cadence Solar Energy","normal",,,,"Cadence Solar","common_market_name","[]","Invenergy LLC","RF","[""GO"",""GOP""]","merchant","4","[]","[]","[]"
"1273","NCR11318","geocoded","published",,"California Ridge Energy LLC","CRE","CRE","California Ridge Energy","California Ridge Energy","normal",,,,"CRE","name_initialism","[]",,"SERC","[""GO"",""GOP""]",,"4","[]","[]","[]"
"1274","NCR11941","geocoded","published",,"CalPeak Power Vaca-Dixon, LLC","VD","Vaca-Dixon","CalPeak Power Vaca-Dixon","CalPeak Power Vaca-Dixon","normal",,,,"Vaca-Dixon","name_initialism","[]",,"WECC","[""GO"",""GOP""]",,"4","[]","[]","[]"
"1275","NCR13460","geocoded","published",,"Cambria Wind, LLC","Cambria","Cambria","Cambria Wind","Cambria Wind","normal",,,,"Cambria Wind","common_market_name","[]","Exus Pennsylvania Wind Holdings","RF","[""GO"",""GOP""]","merchant","4","[]","[]","[]"
"1276","NCR11591","geocoded","published",,"Cameron Wind I, LLC","Cameron","Cameron","Cameron Wind","Cameron Wind","normal",,,,"Cameron Wind","name_initialism","[]",,"Texas RE","[""GO"",""GOP""]",,"4","[]","[]","[]"
"1277","NCR00214","geocoded","published",,"Camp Grove Wind Farm, LLC","CG","Camp Grove","Camp Grove Wind Farm","Camp Grove Wind Farm","normal",,,,"Camp Grove","common_market_name","[]","Orion Energy Group LLC","RF","[""GO"",""GOP""]","merchant","4","[]","[]","[]"
"1278","NCR11944","geocoded","published",,"Canadian Breaks LLC","Breaks","Breaks","Canadian Breaks","Canadian Breaks","normal",,,,"Canadian Breaks","name_initialism","[]",,"Texas RE","[""GO"",""GOP""]",,"4","[]","[]","[]"
"1279","NCR11354","geocoded","published",,"Canadian Hills Wind, LLC","Canadian","Canadian","Canadian Hills Wind","Canadian Hills Wind","normal",,,,"Canadian Hills","name_initialism","[]","Apex Clean Energy","MRO","[""GO"",""GOP""]","merchant","4","[]","[]","[]"
"1280","NCR12033","geocoded","published",,"Canal Generating llc","Canal","Canal","Canal Generating","Canal Generating Station","normal",,,,"Canal","common_market_name","[]","JERA Americas","NPCC","[""GO"",""GOP""]","merchant","4","[]","[]","[]"
"1281","NCR11999","geocoded","published",,"Cardinal Point LLC","Cardinal","Cardinal","Cardinal Point","Cardinal Point","normal",,,,"Cardinal Point","common_market_name","[]",,"SERC","[""GO"",""GOP""]",,"4","[]","[]","[]"
"1282","NCR10354","geocoded","published",,"Carr Street Generating Station, LP","Carr St","Carr St","Carr Street Generating Station","Carr Street Generating Station","normal",,,,"Carr Street","common_market_name","[]","Brookfield Renewable Partners","NPCC","[""GO"",""GOP""]","merchant","4","[]","[]","[]"
"1283","NCR10355","geocoded","published",,"Carthage Energy, LLC","Carthage","Carthage","Carthage Energy","Carthage Energy","normal",,,,"Carthage","common_market_name","[]","Alliance Energy Group","NPCC","[""GO"",""GOP""]","merchant","4","[]","[]","[]"
"1284","NCR13504","geocoded","published",,"Cartwright Solar I LLC","CRTWRG","Cartwright","Cartwright Solar","Cartwright Solar","normal",,,,"Cartwright","name_initialism","[]",,"WECC","[""GO"",""GOP""]",,"4","[]","[]","[]"
"1285","NCR11479","geocoded","published",,"Carville Energy LLC","Carville","Carville","Carville Energy","Carville Energy","normal",,,,"Carville","name_initialism","[]",,"SERC","[""GO"",""GOP""]",,"4","[]","[]","[]"
"1286","NCR13188","geocoded","published",,"Cascade BESS LLC","Cascade","Cascade","Cascade BESS","Cascade BESS","normal",,,,"Cascade","name_initialism","[]",,"WECC","[""GO"",""GOP""]",,"4","[]","[]","[]"
"1287","NCR09001","geocoded","published",,"Catalyst Old River Hydroelectric Limited Partnership","OR","Old River","Catalyst Old River Hydro","Catalyst Old River Hydroelectric","normal",,,,"Catalyst Old River","common_market_name","[]",,"SERC","[""GO"",""GOP""]",,"4","[]","[]","[]"
"1288","NCR11161","geocoded","published",,"Cedar Creek II, LLC","CC II","CC II","Cedar Creek II","Cedar Creek II","normal",,,,"CC II","name_initialism","[]",,"WECC","[""GO"",""GOP""]",,"4","[]","[]","[]"
"1289","NCR10165","geocoded","published",,"Cedar Creek Wind Energy, LLC","CC","Cedar Creek","Cedar Creek Wind Energy","Cedar Creek Wind Energy","normal",,,,"Cedar Creek","name_initialism","[]",,"WECC","[""GO"",""GOP""]",,"4","[]","[]","[]"
"1290","NCR11271","geocoded","published",,"Cedar Point Wind, LLC","CP","Cedar Point","Cedar Point Wind","Cedar Point Wind","normal",,,,"Cedar Point","name_initialism","[]",,"WECC","[""GO"",""GOP""]",,"4","[]","[]","[]"
"1291","NCR11431","geocoded","published",,"Centinela Solar Energy, LLC","CNTNL","Centinela","Centinela Solar Energy","Centinela Solar Energy","normal",,,,"Centinela","name_initialism","[]",,"WECC","[""GO"",""GOP""]",,"4","[]","[]","[]"
"1292","NCR12504","geocoded","published",,"Century Oak Wind Project, LLC","CO","Century Oak","Century Oak Wind","Century Oak Wind Project","normal",,,,"Century Oak","name_initialism","[]",,"Texas RE","[""GO"",""GOP""]",,"4","[]","[]","[]"
"1293","NCR12420","geocoded","published",,"Chalk Point Power, LLC","CP","Chalk Point","Chalk Point Power","Chalk Point Power","normal",,,,"Chalk Point","common_market_name","[]",,"RF","[""GO"",""GOP""]","merchant","4","[]","[]","[]"
"1294","NCR11820","geocoded","published",,"Chambersburg Energy, LLC","CHMBRS","Chambersburg","Chambersburg Energy","Chambersburg Energy","normal",,,,"Chambersburg Energy","common_market_name","[]",,"RF","[""GO"",""GOP""]","merchant","4","[]","[]","[]"
"1295","NCR11763","geocoded","published",,"Chapman Ranch Wind I, LLC","Chapman","Chapman","Chapman Ranch Wind","Chapman Ranch Wind","normal",,,,"Chapman Ranch","name_initialism","[]",,"Texas RE","[""GO"",""GOP""]",,"4","[]","[]","[]"
"1296","NCR11191","geocoded","published",,"Cherokee County Cogeneration Partners, LLC","Cherokee","Cherokee","Cherokee County Cogeneration","Cherokee County Cogeneration Partners","normal",,,,"Cherokee Cogen","name_initialism","[]",,"SERC","[""GO"",""GOP""]",,"4","[]","[]","[]"
"1297","NCR10316","geocoded","published",,"CHI Power, Inc.","CHI","CHI","CHI Power","CHI Power","normal",,,,"CHI Power","name_initialism","[]","Enel Green Power North America Inc.","MRO","[""GO"",""GOP""]","merchant","4","[]","[]","[]"
"1298","NCR13092","geocoded","published",,"Chillingham Storage LLC","CHLLNG","Chillingham","Chillingham Storage","Chillingham Storage","normal",,,,"Chillingham","name_initialism","[]",,"Texas RE","[""GO"",""GOP""]",,"4","[]","[]","[]"
"1299","NCR11418","geocoded","published",,"Choctaw Generation Limited Partnership, LLLP","Choctaw","Choctaw","Choctaw Generation","Choctaw Generation","normal",,,,"Choctaw Gen","name_initialism","[]",,"SERC","[""GO"",""GOP""]",,"4","[]","[]","[]"
"1300","NCR13369","geocoded","published",,"Chopin Wind, LLC","Chopin","Chopin","Chopin Wind","Chopin Wind","normal",,,,"Chopin","name_initialism","[]",,"WECC","[""GO"",""GOP""]",,"4","[]","[]","[]"
"1301","NCR13531","geocoded","published",,"Cirrus Wind 1, LLC","Cirrus","Cirrus","Cirrus Wind","Cirrus Wind","normal",,,,"Cirrus Wind 1","name_initialism","[]","Texas Wind Energy Partners LLC","MRO","[""GO"",""GOP""]","merchant","4","[]","[]","[]"
"1302","NCR11025","geocoded","published",,"City of Spokane Waste-to-Energy Facility","Spokane","Spokane","Spokane Waste-to-Energy","Spokane Waste-to-Energy Facility","normal",,,,"Spokane WTE","official_website","[]",,"WECC","[""GO"",""GOP""]",,"4","[]","[]","[]"
"1303","NCR11869","geocoded","published",,"Clean Energy Future-Lordstown, LLC","LRDSTW","Lordstown","Lordstown Energy","Lordstown Energy","normal",,,,"Lordstown Energy","common_market_name","[]","ArcLight Capital Partners, LLC","RF","[""GO"",""GOP""]","merchant","4","[]","[]","[]"
"1304","NCR00727","geocoded","published",,"CMS Generation Michigan Power, L. L. C.","CMS","CMS","CMS Generation Michigan","CMS Generation Michigan Power","normal",,,,"CMS Gen MI","name_initialism","[]","CMS Energy Corporation","RF","[""GO"",""GOP""]","merchant","4","[]","[]","[]"
"1305","NCR11862","geocoded","published",,"Colorado Bend I Power, LLC","CB","Colo Bend","Colorado Bend I Power","Colorado Bend I Power","normal",,,,"Colorado Bend I","name_initialism","[]",,"Texas RE","[""GO"",""GOP""]",,"4","[]","[]","[]"
"1306","NCR11389","geocoded","published",,"Colorado Highlands Wind, LLC","CHW","CHW","Colorado Highlands Wind","Colorado Highlands Wind","normal",,,,"CHW","common_market_name","[]",,"WECC","[""GO"",""GOP""]",,"4","[]","[]","[]"
"1307","NCR10043","geocoded","published",,"Columbia Basin Hydropower","CBHP","CBHP","Columbia Basin Hydropower","Columbia Basin Hydropower","normal",,,,"CBHP","official_website","[]",,"WECC","[""GO"",""GOP""]",,"4","[]","[]","[]"
"1308","NCR11335","geocoded","published",,"Colver Green Energy, LLC","Colver","Colver","Colver Green Energy","Colver Green Energy","normal",,,,"Colver","common_market_name","[]","Robindale Energy Services, Inc.","RF","[""GO"",""GOP""]","merchant","4","[]","[]","[]"
"1309","NCR12492","geocoded","published",,"Copperhead Solar, LLC","CPPRHD","Copperhead","Copperhead Solar","Copperhead Solar","normal",,,,"Copperhead","name_initialism","[]",,"Texas RE","[""GO"",""GOP""]",,"4","[]","[]","[]"
"1310","NCR12225","geocoded","published",,"Cos Cob Power","Cos Cob","Cos Cob","Cos Cob Power","Cos Cob Power","normal",,,,"Cos Cob","common_market_name","[]","Connecticut Jet Power LLC","NPCC","[""GO"",""GOP""]","merchant","4","[]","[]","[]"
"1311","NCR11735","geocoded","published",,"Cotton Plains Wind I, LLC","Cotton","Cotton","Cotton Plains Wind","Cotton Plains Wind","normal",,,,"Cotton Plains","name_initialism","[]",,"Texas RE","[""GO"",""GOP""]",,"4","[]","[]","[]"
"1312","NCR01211","geocoded","published",,"Covanta, Fairfax, Inc.","Covanta","Covanta","Covanta Fairfax","Covanta Fairfax","normal",,,,"Covanta Fairfax","common_market_name","[]",,"SERC","[""GO"",""GOP""]",,"4","[]","[]","[]"
"1313","NCR11081","geocoded","published",,"CPV Keenan II Renewable Energy Company, LLC","Keenan","Keenan","CPV Keenan II","CPV Keenan II","normal",,,,"Keenan II","name_initialism","[]","Competitive Power Ventures","MRO","[""GO"",""GOP""]","merchant","4","[]","[]","[]"
"1314","NCR12332","geocoded","published",,"CPV Three Rivers, LLC","CPV-TR","CPV-TR","CPV Three Rivers","CPV Three Rivers","normal",,,,"CPV-TR","common_market_name","[]",,"RF","[""GO"",""GOP""]",,"4","[]","[]","[]"
"1315","NCR11828","geocoded","published",,"CPV Towantic, LLC","Towantic","Towantic","CPV Towantic","CPV Towantic","normal",,,,"Towantic","official_website","[]","Competitive Power Ventures","NPCC","[""GO"",""GOP""]","merchant","4","[]","[]","[]"
"1316","NCR12038","geocoded","published",,"Crane Solar Project, LLC","Crane","Crane","Crane Solar","Crane Solar Project","normal",,,,"Crane Solar","name_initialism","[]",,"Texas RE","[""GO"",""GOP""]",,"4","[]","[]","[]"
"1317","NCR01212","geocoded","published",,"Craven County Wood Energy Limited Partnership","CCWE","CCWE","Craven County Wood Energy","Craven County Wood Energy","normal",,,,"CCWE","name_initialism","[]",,"SERC","[""GO"",""GOP""]",,"4","[]","[]","[]"
"1318","NCR10209","geocoded","published",,"Crete Energy Venture, LLC","CEV","CEV","Crete Energy Venture","Crete Energy Venture","normal",,,,"CEV","name_initialism","[]",,"RF","[""GO"",""GOP""]",,"4","[]","[]","[]"
"1319","NCR11965","geocoded","published",,"Cricket Valley Energy Center, LLC","Cricket","Cricket","Cricket Valley Energy Center","Cricket Valley Energy Center","normal",,,,"Cricket Valley","official_website","[]","Olympus Power","NPCC","[""GO"",""GOP""]","merchant","4","[]","[]","[]"
"1320","NCR11964","geocoded","published",,"Crocker Wind Farm, LLC","Crocker","Crocker","Crocker Wind Farm","Crocker Wind Farm","normal",,,,"Crocker Wind","name_initialism","[]","National Grid Renewables","MRO","[""GO"",""GOP""]","merchant","4","[]","[]","[]"
"1321","NCR05124","geocoded","published",,"Crockett Cogeneration, a California Limited Partnership","Crockett","Crockett","Crockett Cogeneration","Crockett Cogeneration","normal",,,,"Crockett Cogen","common_market_name","[]",,"WECC","[""GO"",""GOP""]",,"4","[]","[]","[]"
"1322","NCR13078","geocoded","published",,"Crossover Wind, LLC","CRSSVR","Crossover","Crossover Wind","Crossover Wind","normal",,,,"Crossover","name_initialism","[]",,"SERC","[""GO"",""GOP""]",,"4","[]","[]","[]"
"1323","NCR11922","geocoded","published",,"CXA La Paloma, LLC","LP","La Paloma","La Paloma Energy","La Paloma Energy","normal",,,,"La Paloma","common_market_name","[]",,"WECC","[""GO"",""GOP""]",,"4","[]","[]","[]"
"1324","NCR13218","geocoded","published",,"Dairyland Power Cooperative - Elgin","Elgin","Elgin","Dairyland Elgin","Dairyland Power Cooperative - Elgin","normal",,,,"DPC-Elgin","name_initialism","[]",,"RF","[""GO"",""GOP""]",,"4","[]","[]","[]"
"1325","NCR12181","geocoded","published",,"Dairyland Power Cooperative - RockGen","RockGen","RockGen","Dairyland RockGen","Dairyland Power Cooperative - RockGen","normal",,,,"RockGen","common_market_name","[]","Dairyland Power Cooperative","MRO","[""GO"",""GOP""]","cooperative","4","[]","[]","[]"
"1326","NCR13219","geocoded","published",,"Dairyland Power Cooperative - Rocky Road","Rocky Rd","Rocky Rd","Dairyland Rocky Road","Dairyland Power Cooperative - Rocky Road","normal",,,,"DPC-Rocky","name_initialism","[]",,"RF","[""GO"",""GOP""]",,"4","[]","[]","[]"
"1327","NCR12105","geocoded","published",,"Dakota Range III, LLC","Dakota","Dakota","Dakota Range III","Dakota Range III","normal",,,,"Dakota Range III","name_initialism","[]","Engie North America","MRO","[""GO"",""GOP""]","merchant","4","[]","[]","[]"
"1328","NCR11487","geocoded","published",,"Danskammer Energy, LLC","DNSKMM","Danskammer","Danskammer Energy","Danskammer Energy","normal",,,,"Danskammer","common_market_name","[]","Tiger Infrastructure Partners","NPCC","[""GO"",""GOP""]","merchant","4","[]","[]","[]"
"1329","NCR02922","geocoded","published",,"Dartmouth Power Associates, LP","DRTMTH","Dartmouth","Dartmouth Power","Dartmouth Power Associates","normal",,,,"Dartmouth Power","common_market_name","[]","Riverstone Management Group","NPCC","[""GO"",""GOP""]","merchant","4","[]","[]","[]"
"1330","NCR00751","geocoded","published",,"Dearborn Industrial Generation, L. L. C.","DIG","DIG","Dearborn Industrial Generation","Dearborn Industrial Generation","normal",,,,"DIG","common_market_name","[]",,"RF","[""GO"",""GOP""]",,"4","[]","[]","[]"
"1331","NCR11481","geocoded","published",,"Decatur Energy Center, LLC","Decatur","Decatur","Decatur Energy Center","Decatur Energy Center","normal",,,,"Decatur EC","name_initialism","[]",,"SERC","[""GO"",""GOP""]",,"4","[]","[]","[]"
"1332","NCR12069","geocoded","published",,"Delaware Municipal Electric Corporation, Inc.","DEMEC","DEMEC","Delaware Municipal Electric Corporation","Delaware Municipal Electric Corporation","normal",,,,"DEMEC","official_website","[]",,"RF","[""GO"",""GOP""]",,"4","[]","[]","[]"
"1333","NCR11179","geocoded","published",,"Dempsey Ridge Wind Farm, LLC","Dempsey","Dempsey","Dempsey Ridge Wind Farm","Dempsey Ridge Wind Farm","normal",,,,"Dempsey Ridge","name_initialism","[]","Acciona Energia","MRO","[""GO"",""GOP""]","merchant","4","[]","[]","[]"
"1334","NCR11750","geocoded","published",,"Dermott Wind, LLC","Dermott","Dermott","Dermott Wind","Dermott Wind","normal",,,,"Dermott Wind","name_initialism","[]",,"Texas RE","[""GO"",""GOP""]",,"4","[]","[]","[]"
"1335","NCR12358","geocoded","published",,"Desert Sky Wind Farm, LLC","DS","Desert Sky","Desert Sky Wind Farm","Desert Sky Wind Farm","normal",,,,"Desert Sky","common_market_name","[]",,"Texas RE","[""GO"",""GOP""]",,"4","[]","[]","[]"
"1336","NCR12226","geocoded","published",,"Devon Power","Devon","Devon","Devon Power","Devon Power","normal",,,,"Devon","common_market_name","[]","GenConn Devon LLC","NPCC","[""GO"",""GOP""]","merchant","4","[]","[]","[]"
"1337","NCR12151","geocoded","published",,"Diablo Energy Storage, LLC","Diablo","Diablo","Diablo Energy Storage","Diablo Energy Storage","normal",,,,"Diablo BESS","common_market_name","[]",,"WECC","[""GO"",""GOP""]",,"4","[]","[]","[]"
"1338","NCR12422","geocoded","published",,"Dickerson Power, LLC","DCKRSN","Dickerson","Dickerson Power","Dickerson Power","normal",,,,"Dickerson","common_market_name","[]",,"RF","[""GO"",""GOP""]",,"4","[]","[]","[]"
"1339","NCR13124","geocoded","published",,"Dodson Creek Solar, LLC","DCS","DCS","Dodson Creek Solar","Dodson Creek Solar","normal",,,,"DCS","name_initialism","[]",,"RF","[""GO"",""GOP""]",,"4","[]","[]","[]"
"1340","NCR07065","geocoded","published",,"Dominion Energy Nuclear Connecticut, Inc.","MLLSTN","Millstone","Millstone Nuclear","Millstone Nuclear","major",,,,"Millstone","official_website","[]","Dominion Energy, Inc.","NPCC","[""GO"",""GOP""]","merchant","4","[]","[]","[]"
"1341","NCR13435","geocoded","published",,"Dominion IBR-3","IBR-3","IBR-3","Dominion IBR-3","Dominion IBR-3","normal",,,,"IBR-3","nerc_cores","[]",,"RF","[""GO"",""GOP""]",,"4","[]","[]","[]"
"1342","NCR13105","geocoded","published",,"Dominion IBR-4","IBR-4","IBR-4","Dominion IBR-4","Dominion IBR-4","normal",,,,"IBR-4","nerc_cores","[]",,"RF","[""GO"",""GOP""]",,"4","[]","[]","[]"
"1343","NCR11860","geocoded","published",,"Dorchester Biomass, LLC","DRCHST","Dorchester","Dorchester Biomass","Dorchester Biomass","normal",,,,"Dorchester","name_initialism","[]",,"SERC","[""GO"",""GOP""]",,"4","[]","[]","[]"
"1344","NCR11193","geocoded","published",,"Doswell, LLC","Doswell","Doswell","Doswell","Doswell","normal",,,,"Doswell","name_initialism","[]",,"SERC","[""GO"",""GOP""]",,"4","[]","[]","[]"
"1345","NCR09008","geocoded","published",,"Dow - Sabine River Operations","Dow","Dow","Dow Sabine River","Dow Sabine River Operations","normal",,,,"Dow Sabine","name_initialism","[]",,"SERC","[""GO"",""GOP""]",,"4","[]","[]","[]"
"1346","NCR09037","geocoded","published",,"Dow Hydrocarbons & Resources, LLC","DHR","DHR","Dow Hydrocarbons & Resources","Dow Hydrocarbons & Resources","normal",,,,"DHR","name_initialism","[]",,"SERC","[""GO"",""GOP""]",,"4","[]","[]","[]"
"1347","NCR12333","geocoded","published",,"Dunn's Bridge I Solar Generation LLC","Dunn's","Dunn's","Dunn's Bridge Solar","Dunn's Bridge Solar","normal",,,,"Dunn's","name_initialism","[]",,"RF","[""GO"",""GOP""]",,"4","[]","[]","[]"
"1348","NCR10369","geocoded","published",,"Eagle Point Energy Center, LLC","EPEC","EPEC","Eagle Point Energy Center","Eagle Point Energy Center","normal",,,,"EPEC","official_website","[]",,"NPCC","[""GO"",""GOP""]","merchant","4","[]","[]","[]"
"1349","NCR11228","geocoded","published",,"Eagle Point Power Generation, LLC","Eagle","Eagle","Eagle Point Power Generation","Eagle Point Power Generation","normal",,,,"Eagle","name_initialism","[]",,"RF","[""GO"",""GOP""]",,"4","[]","[]","[]"
"1350","NCR11992","geocoded","published",,"East Fork Wind Project, LLC","EF","East Fork","East Fork Wind","East Fork Wind Project","normal",,,,"East Fork","name_initialism","[]","ENGIE North America","MRO","[""GO"",""GOP""]","merchant","4","[]","[]","[]"
"1351","NCR01092","geocoded","published",,"Eastman Cogeneration Limited Partnership","Eastman","Eastman","Eastman Cogeneration","Eastman Cogeneration","normal",,,,"Eastman Cogen","name_initialism","[]","Eastman Chemical Company","MRO","[""GO"",""GOP""]","merchant","4","[]","[]","[]"
"1352","NCR08051","geocoded","published",,"Ebensburg Power Company","Ebensbur","Ebensburg","Ebensburg Power","Ebensburg Power Company","normal",,,,"Ebensbur","name_initialism","[]",,"RF","[""GO"",""GOP""]",,"4","[]","[]","[]"
"1353","NCR10305","geocoded","published",,"EcoGrove Wind LLC","EcoGrove","EcoGrove","EcoGrove Wind","EcoGrove Wind","normal",,,,"EcoGrove","name_initialism","[]",,"RF","[""GO"",""GOP""]",,"4","[]","[]","[]"
"1354","NCR12256","geocoded","published",,"Ector County Generation LLC","ECGC","ECGC","Ector County Generation","Ector County Generation","normal",,,,"ECGC","name_initialism","[]",,"Texas RE","[""GO"",""GOP""]",,"4","[]","[]","[]"
"1355","NCR13311","geocoded","published",,"Edom Hills Project 1, LLC","EH","Edom Hills","Edom Hills Project","Edom Hills Project","normal",,,,"Edom Hills","common_market_name","[]",,"WECC","[""GO"",""GOP""]",,"4","[]","[]","[]"
"1356","NCR11662","geocoded","published",,"EDP Renewables North America LLC","EDPR","EDPR","EDP Renewables North America","EDP Renewables North America","normal",,,,"EDPR NA","official_website","[]","EDP Renovaveis","MRO","[""GO"",""GOP""]","merchant","4","[]","[]","[]"
"1357","NCR13140","geocoded","published",,"EE Kettleman Land LLC","KTTLMN","Kettleman","Kettleman Land","Kettleman Land","normal",,,,"Kettleman","common_market_name","[]",,"WECC","[""GO"",""GOP""]",,"4","[]","[]","[]"
"1358","NCR13133","geocoded","published",,"El Sol Energy Storage LLC","El Sol","El Sol","El Sol Energy Storage","El Sol Energy Storage","normal",,,,"El Sol BESS","common_market_name","[]",,"WECC","[""GO"",""GOP""]",,"4","[]","[]","[]"
"1359","NCR11698","geocoded","published",,"Electra Wind, LLC","Electra","Electra","Electra Wind","Electra Wind","normal",,,,"Electra Wind","name_initialism","[]",,"Texas RE","[""GO"",""GOP""]",,"4","[]","[]","[]"
"1360","NCR05143","geocoded","published",,"Elk Hills Power, LLC","EH","Elk Hills","Elk Hills Power","Elk Hills Power","normal",,,,"Elk Hills","common_market_name","[]",,"WECC","[""GO"",""GOP""]",,"4","[]","[]","[]"
"1361","NCR13275","geocoded","published",,"Elk Wind Energy LLC","Elk Wind","Elk Wind","Elk Wind Energy","Elk Wind Energy","normal",,,,"Elk Wind","name_initialism","[]","Greenbacker Renewable Energy","MRO","[""GO"",""GOP""]","merchant","4","[]","[]","[]"
"1362","NCR13554","geocoded","published",,"Enbridge Solar (Sequoia I), LLC","Sequoia","Sequoia","Enbridge Sequoia Solar","Enbridge Sequoia Solar","normal",,,,"Sequoia I","name_initialism","[]",,"Texas RE","[""GO"",""GOP""]",,"4","[]","[]","[]"
"1363","NCR12558","geocoded","published",,"Encino Solar","Encino","Encino","Encino Solar","Encino Solar","normal",,,,"Encino Solar","common_market_name","[]",,"WECC","[""GO"",""GOP""]",,"4","[]","[]","[]"
"1364","NCR11531","geocoded","published",,"Energia Sierra Juarez, S. de R.L. de C.V.","ESJ","ESJ","Energia Sierra Juarez","Energia Sierra Juarez","normal",,,,"ESJ","name_initialism","[]",,"WECC","[""GO"",""GOP""]",,"4","[]","[]","[]"
"1365","NCR11568","geocoded","published",,"Energy Keepers Incorporated","EKI","EKI","Energy Keepers","Energy Keepers","normal",,,,"EKI","official_website","[]",,"WECC","[""GO"",""GOP""]",,"4","[]","[]","[]"
"1366","NCR11727","geocoded","published",,"Evergreen Gen Lead LLC","Gen Lead","Gen Lead","Evergreen Gen Lead","Evergreen Gen Lead","normal",,,,"Gen Lead","name_initialism","[]","Onward Energy","NPCC","[""GO"",""GOP""]","merchant","4","[]","[]","[]"
"1367","NCR13182","geocoded","published",,"Fayette Solar, LLC","Fayette","Fayette","Fayette Solar","Fayette Solar","normal",,,,"Fayette","name_initialism","[]",,"RF","[""GO"",""GOP""]",,"4","[]","[]","[]"
"1368","NCR13338","geocoded","published",,"Fillmore County Solar Project, LLC","Fillmore","Fillmore","Fillmore County Solar","Fillmore County Solar","normal",,,,"Fillmore Solar","name_initialism","[]","National Grid Renewables","MRO","[""GO"",""GOP""]","merchant","4","[]","[]","[]"
"1369","NCR12009","geocoded","published",,"Firstlight MA Hydro LLC","FRSTLG","FirstLight","FirstLight MA Hydro","FirstLight Massachusetts Hydro","major",,,,"FirstLight MA","official_website","[]","FirstLight Power","NPCC","[""GO"",""GOP""]","merchant","4","[]","[]","[]"
"1370","NCR13141","geocoded","published",,"Five Points Solar Park, LLC","FP","Five Points","Five Points Solar","Five Points Solar Park","normal",,,,"Five Points","common_market_name","[]",,"WECC","[""GO"",""GOP""]",,"4","[]","[]","[]"
"1371","NCR11314","geocoded","published",,"Flat Ridge 2 Wind Energy LLC","FR2","Flat Ridge 2","Flat Ridge 2 Wind","Flat Ridge 2 Wind Energy","normal",,,,"Flat Ridge 2","name_initialism","[]","Clearlight Energy","MRO","[""GO"",""GOP""]","merchant","4","[]","[]","[]"
"1372","NCR12356","geocoded","published",,"Flat Ridge 3 Wind Energy LLC","FR3","Flat Ridge 3","Flat Ridge 3 Wind","Flat Ridge 3 Wind Energy","normal",,,,"Flat Ridge 3","name_initialism","[]","Invenergy","MRO","[""GO"",""GOP""]","merchant","4","[]","[]","[]"
"1373","NCR10312","geocoded","published",,"Flat Ridge Wind Energy, LLC","FR","Flat Ridge","Flat Ridge Wind","Flat Ridge Wind Energy","normal",,,,"Flat Ridge 1","name_initialism","[]","AE Power Services","MRO","[""GO"",""GOP""]","merchant","4","[]","[]","[]"
"1374","NCR11824","geocoded","published",,"Flat Top Wind I, LLC","Flat Top","Flat Top","Flat Top Wind","Flat Top Wind","normal",,,,"Flat Top","name_initialism","[]",,"Texas RE","[""GO"",""GOP""]",,"4","[]","[]","[]"
"1375","NCR13235","geocoded","published",,"Flat Water Wind Farm LLC","Flat","Flat Water","Flat Water Wind","Flat Water Wind Farm","normal",,,,"Flat Water","name_initialism","[]",,"MRO","[""GO"",""GOP""]","merchant","4","[]","[]","[]"
"1376","NCR11950","geocoded","published",,"Foard City Wind, LLC","FC","Foard City","Foard City Wind","Foard City Wind","normal",,,,"Foard City","name_initialism","[]",,"Texas RE","[""GO"",""GOP""]",,"4","[]","[]","[]"
"1377","NCR12272","geocoded","published",,"Ford County Wind LLC","FCW","FCW","Ford County Wind","Ford County Wind","normal",,,,"FCW","name_initialism","[]",,"SERC","[""GO"",""GOP""]",,"4","[]","[]","[]"
"1378","NCR00376","geocoded","published",,"Forked River Power LLC","Forked","Forked River","Forked River Power","Forked River Power","normal",,,,"Forked","name_initialism","[]",,"RF","[""GO"",""GOP""]",,"4","[]","[]","[]"
"1379","NCR04059","geocoded","published",,"Formosa Utility Venture, Ltd.","FUV","FUV","Formosa Utility Venture","Formosa Utility Venture","normal",,,,"FUV","name_initialism","[]",,"Texas RE","[""GO"",""GOP""]",,"4","[]","[]","[]"
"1380","NCR12379","geocoded","published",,"Fort Bend Solar, LLC","FB","Fort Bend","Fort Bend Solar","Fort Bend Solar","normal",,,,"Fort Bend Solar","name_initialism","[]",,"Texas RE","[""GO"",""GOP""]",,"4","[]","[]","[]"
"1381","NCR05162","geocoded","published",,"Fountain Valley Power, LLC","FVP","FVP","Fountain Valley Power","Fountain Valley Power","normal",,,,"FVP","name_initialism","[]",,"WECC","[""GO"",""GOP""]",,"4","[]","[]","[]"
"1382","NCR13406","geocoded","published",,"Fox Creek Farm Solar, LLC","FC","Fox Creek","Fox Creek Farm Solar","Fox Creek Farm Solar","normal",,,,"Fox Creek","name_initialism","[]",,"SERC","[""GO"",""GOP""]",,"4","[]","[]","[]"
"1383","NCR05164","geocoded","published",,"Frederickson Power LP","FRDRCK","Frederickson","Frederickson Power","Frederickson Power","normal",,,,"Frederickson","common_market_name","[]",,"WECC","[""GO"",""GOP""]",,"4","[]","[]","[]"
"1384","NCR13268","geocoded","published",,"FRV AE Solar LLC","WBBRVL","Webberville","Webberville Solar","Webberville Solar","normal",,,,"Webberville","common_market_name","[]",,"Texas RE","[""GO"",""GOP""]",,"4","[]","[]","[]"
"1385","NCR11821","geocoded","published",,"Gans Energy, LLC","Gans","Gans","Gans Energy","Gans Energy","normal",,,,"Gans","name_initialism","[]",,"RF","[""GO"",""GOP""]",,"4","[]","[]","[]"
"1386","NCR11945","geocoded","published",,"Garrison Energy Center LLC","Garrison","Garrison","Garrison Energy Center","Garrison Energy Center","normal",,,,"Garrison","name_initialism","[]",,"RF","[""GO"",""GOP""]",,"4","[]","[]","[]"
"1387","NCR12035","geocoded","published",,"Gateway Energy Storage, LLC","Gateway","Gateway","Gateway Energy Storage","Gateway Energy Storage","normal",,,,"Gateway BESS","common_market_name","[]",,"WECC","[""GO"",""GOP""]",,"4","[]","[]","[]"
"1388","NCR13098","geocoded","published",,"Gavin Power, LLC","Gavin","Gavin","Gavin Power","Gavin Power","normal",,,,"Gavin","name_initialism","[]",,"RF","[""GO"",""GOP""]",,"4","[]","[]","[]"
"1389","NCR11710","geocoded","published",,"GenConn Energy LLC","GenConn","GenConn","GenConn Energy","GenConn Energy","normal",,,,"GenConn","common_market_name","[]","Avangrid Inc.","NPCC","[""GO"",""GOP""]","merchant","4","[]","[]","[]"
"1390","NCR13420","geocoded","published",,"Genesee Solar Energy, LLC","Genesee","Genesee","Genesee Solar","Genesee Solar Energy","normal",,,,"Genesee","name_initialism","[]",,"RF","[""GO"",""GOP""]",,"4","[]","[]","[]"
"1391","NCR11434","geocoded","published",,"Gibson City Energy Center, LLC","GC","Gibson City","Gibson City Energy Center","Gibson City Energy Center","normal",,,,"Gibson City","name_initialism","[]",,"SERC","[""GO"",""GOP""]",,"4","[]","[]","[]"
"1392","NCR12217","geocoded","published",,"Golden South Wind LP","GS","Golden South","Golden South Wind","Golden South Wind","normal",,,,"Golden South","name_initialism","[]","Potentia Renewables","MRO","[""GO"",""GOP""]","merchant","4","[]","[]","[]"
"1393","NCR10020","geocoded","published",,"Golden Spread Electric Cooperative, Inc.","GSEC","GSEC","Golden Spread Electric Cooperative","Golden Spread Electric Cooperative","normal",,,,"GSEC","official_website","[]",,"MRO","[""GO"",""RP""]","cooperative","4","[]","[]","[]"
"1394","NCR11364","geocoded","published",,"Goldthwaite Wind Energy LLC","GLDTHW","Goldthwaite","Goldthwaite Wind","Goldthwaite Wind Energy","normal",,,,"Goldthwaite","name_initialism","[]",,"Texas RE","[""GO"",""GOP""]",,"4","[]","[]","[]"
"1395","NCR11089","geocoded","published",,"Goshen Phase II LLC","Goshen","Goshen","Goshen Phase II","Goshen Phase II","normal",,,,"Goshen II","common_market_name","[]",,"WECC","[""GO"",""GOP""]",,"4","[]","[]","[]"
"1396","NCR11235","geocoded","published",,"Gratiot County Wind LLC","Gratiot","Gratiot","Gratiot County Wind","Gratiot County Wind","normal",,,,"Gratiot","name_initialism","[]",,"RF","[""GO"",""GOP""]",,"4","[]","[]","[]"
"1397","NCR11958","geocoded","published",,"GRAYS FERRY COGENERATION PARTNERSHIP","GRAYS","Grays Ferry","Grays Ferry Cogeneration","Grays Ferry Cogeneration","normal",,,,"GRAYS","name_initialism","[]",,"RF","[""GO"",""GOP""]",,"4","[]","[]","[]"
"1398","NCR02551","geocoded","published",,"Grays Harbor Energy LLC","GHEC","GHEC","Grays Harbor Energy","Grays Harbor Energy","normal",,,,"GHEC","name_initialism","[]",,"WECC","[""GO"",""GOP""]",,"4","[]","[]","[]"
"1399","NCR07220","geocoded","published",,"Great River Hydro, LLC","GRH","GRH","Great River Hydro","Great River Hydro","major",,,,"GRH","official_website","[]","ArcLight Capital Partners","NPCC","[""GO"",""GOP""]","merchant","4","[]","[]","[]"
"1400","NCR11806","geocoded","published",,"Great Valley Solar Portfolio Holdings, LLC","GV","Great Valley","Great Valley Solar","Great Valley Solar Portfolio","normal",,,,"Great Valley","common_market_name","[]",,"WECC","[""GO"",""GOP""]",,"4","[]","[]","[]"
"1401","NCR11971","geocoded","published",,"Green River Wind Farm Phase 1, LLC","Green","Green River","Green River Wind","Green River Wind Farm","normal",,,,"Green","name_initialism","[]",,"RF","[""GO"",""GOP""]",,"4","[]","[]","[]"
"1402","NCR11753","geocoded","published",,"Greenidge Generation LLC","GRNDG","Greenidge","Greenidge Generation","Greenidge Generation","normal",,,,"Greenidge","common_market_name","[]","Greenidge Generation Holdings Inc.","NPCC","[""GO"",""GOP""]","merchant","4","[]","[]","[]"
"1403","NCR11977","geocoded","published",,"Greenup Generation","Greenup","Greenup","Greenup Generation","Greenup Generation","normal",,,,"Greenup","name_initialism","[]",,"SERC","[""GO"",""GOP""]",,"4","[]","[]","[]"
"1404","NCR12365","geocoded","published",,"Gregory Power Holdings, LLC","Gregory","Gregory","Gregory Power","Gregory Power","normal",,,,"Gregory Power","common_market_name","[]",,"Texas RE","[""GO"",""GOP""]",,"4","[]","[]","[]"
"1405","NCR12070","geocoded","published",,"Griffith Energy","Griffith","Griffith","Griffith Energy","Griffith Energy","normal",,,,"Griffith","common_market_name","[]",,"WECC","[""GO"",""GOP""]",,"4","[]","[]","[]"
"1406","NCR11853","geocoded","published",,"GSP Merrimack LLC","MRRMCK","Merrimack","GSP Merrimack","Merrimack Station","normal",,,,"Merrimack","common_market_name","[]","Granite Shore Power","NPCC","[""GO"",""GOP""]","merchant","4","[]","[]","[]"
"1407","NCR11851","geocoded","published",,"GSP Schiller LLC","Schiller","Schiller","GSP Schiller","Schiller Station","normal",,,,"Schiller","common_market_name","[]","Granite Shore Power","NPCC","[""GO"",""GOP""]","merchant","4","[]","[]","[]"
"1408","NCR12298","geocoded","published",,"Guernsey Power Station","Guernsey","Guernsey","Guernsey Power Station","Guernsey Power Station","normal",,,,"Guernsey","name_initialism","[]",,"RF","[""GO"",""GOP""]",,"4","[]","[]","[]"
"1409","NCR00210","geocoded","published",,"Hackberry Wind, LLC","HCKBRR","Hackberry","Hackberry Wind","Hackberry Wind","normal",,,,"Hackberry Wind","common_market_name","[]",,"Texas RE","[""GO"",""GOP""]",,"4","[]","[]","[]"
"1410","NCR12274","geocoded","published",,"Hallador Energy","HNRG","HNRG","Hallador Energy","Hallador Energy","normal",,,,"HNRG","sec_filing","[]",,"RF","[""GO"",""GOP""]",,"4","[]","[]","[]"
"1411","NCR05177","geocoded","published",,"Harbor Cogeneration Company, LLC","Harbor","Harbor","Harbor Cogeneration","Harbor Cogeneration","normal",,,,"Harbor Cogen","common_market_name","[]",,"WECC","[""GO"",""GOP""]",,"4","[]","[]","[]"
"1412","NCR00035","geocoded","published",,"Hardee Power Partners Limited","Hardee","Hardee","Hardee Power","Hardee Power Partners","normal",,,,"Hardee Power","name_initialism","[]",,"SERC","[""GO"",""GOP""]",,"4","[]","[]","[]"
"1413","NCR13301","geocoded","published",,"Hawtree Creek Farm Solar LLC","Hawtree","Hawtree","Hawtree Creek Solar","Hawtree Creek Farm Solar","normal",,,,"Hawtree","name_initialism","[]",,"SERC","[""GO"",""GOP""]",,"4","[]","[]","[]"
"1414","NCR13502","geocoded","published",,"Hazle Spindle LLC","Hazle","Hazle","Hazle Spindle","Hazle Spindle","normal",,,,"Hazle","name_initialism","[]",,"RF","[""GO"",""GOP""]",,"4","[]","[]","[]"
"1415","NCR12053","geocoded","published",,"Heart of Texas Wind, LLC","HoT","HoT","Heart of Texas Wind","Heart of Texas Wind","normal",,,,"Heart of Texas","common_market_name","[]",,"Texas RE","[""GO"",""GOP""]",,"4","[]","[]","[]"
"1416","NCR11749","geocoded","published",,"Helix Ironwood LLC","Helix","Helix","Helix Ironwood","Helix Ironwood","normal",,,,"Helix","name_initialism","[]",,"RF","[""GO"",""GOP""]",,"4","[]","[]","[]"
"1417","NCR11766","geocoded","published",,"Helix Maine Wind Development, LLC","Kibby","Kibby","Kibby Wind","Kibby Wind","normal",,,,"Kibby Wind","common_market_name","[]","LS Power","NPCC","[""GO"",""GOP""]","merchant","4","[]","[]","[]"
"1418","NCR05181","geocoded","published",,"Hermiston Generating Co., L.P.","HRMSTN","Hermiston","Hermiston Generating","Hermiston Generating Company","normal",,,,"Hermiston Gen","common_market_name","[]",,"WECC","[""GO"",""GOP""]",,"4","[]","[]","[]"
"1419","NCR05232","geocoded","published",,"HF Sinclair Puget Sound Refining LLC","Sinclair","Sinclair","Puget Sound Refining","HF Sinclair Puget Sound Refining","major",,,,"PSR","common_market_name","[]",,"WECC","[""GO"",""GOP""]",,"4","[]","[]","[]"
"1420","NCR11969","geocoded","published",,"Hickory Run Energy, LLC","Hickory","Hickory","Hickory Run Energy","Hickory Run Energy","normal",,,,"Hickory","name_initialism","[]",,"RF","[""GO"",""GOP""]",,"4","[]","[]","[]"
"1421","NCR05184","geocoded","published",,"High Desert Power Project, LLC","HDPP","HDPP","High Desert Power","High Desert Power Project","normal",,,,"HDPP","name_initialism","[]",,"WECC","[""GO"",""GOP""]",,"4","[]","[]","[]"
"1422","NCR12384","geocoded","published",,"High Point Solar LLC","High","High Point","High Point Solar","High Point Solar","normal",,,,"High","name_initialism","[]",,"RF","[""GO"",""GOP""]",,"4","[]","[]","[]"
"1423","NCR12285","geocoded","published",,"Highland North, LLC","Highland","Highland","Highland North","Highland North","normal",,,,"Highland","name_initialism","[]",,"RF","[""GO"",""GOP""]",,"4","[]","[]","[]"
"1424","NCR13007","geocoded","published",,"Hobnail Solar, LLC","Hobnail","Hobnail","Hobnail Solar","Hobnail Solar","normal",,,,"Hobnail","name_initialism","[]",,"SERC","[""GO"",""GOP""]",,"4","[]","[]","[]"
"1425","NCR11991","geocoded","published",,"Holstein Solar","Holstein","Holstein","Holstein Solar","Holstein Solar","normal",,,,"Holstein Solar","common_market_name","[]",,"Texas RE","[""GO"",""GOP""]",,"4","[]","[]","[]"
"1426","NCR11537","geocoded","published",,"Hoopeston Wind, LLC","HPSTN","Hoopeston","Hoopeston Wind","Hoopeston Wind","normal",,,,"Hoopeston","name_initialism","[]",,"SERC","[""GO"",""GOP""]",,"4","[]","[]","[]"
"1427","NCR12447","geocoded","published",,"Hopkins Energy, LLC","Hopkins","Hopkins","Hopkins Energy","Hopkins Energy","normal",,,,"Hopkins Energy","name_initialism","[]",,"Texas RE","[""GO"",""GOP""]",,"4","[]","[]","[]"
"1428","NCR11690","geocoded","published",,"Horse Creek Wind, LLC","HC","Horse Creek","Horse Creek Wind","Horse Creek Wind","normal",,,,"Horse Creek","common_market_name","[]",,"Texas RE","[""GO"",""GOP""]",,"4","[]","[]","[]"
"1429","NCR13332","geocoded","published",,"Howard Wind, LLC","Howard","Howard","Howard Wind","Howard Wind","normal",,,,"Howard Wind","common_market_name","[]","Longroad Energy","NPCC","[""GO"",""GOP""]","merchant","4","[]","[]","[]"
"1430","NCR11443","geocoded","published",,"Hudson Ranch Power I","HRP","HRP","Hudson Ranch Power I","Hudson Ranch Power I","normal",,,,"HRP I","name_initialism","[]",,"WECC","[""GO"",""GOP""]",,"4","[]","[]","[]"
"1431","NCR11840","geocoded","published",,"Hummel Station, LLC","Hummel","Hummel","Hummel Station","Hummel Station","normal",,,,"Hummel","name_initialism","[]",,"RF","[""GO"",""GOP""]",,"4","[]","[]","[]"
"1432","NCR11103","geocoded","published",,"Idaho Wind Partners 1, LLC","IWP","IWP","Idaho Wind Partners","Idaho Wind Partners","normal",,,,"IWP1","name_initialism","[]",,"WECC","[""GO"",""GOP""]",,"4","[]","[]","[]"
"1433","NCR04082","geocoded","published",,"Ingleside Cogeneration, LP","NGLSD","Ingleside","Ingleside Cogeneration","Ingleside Cogeneration","normal",,,,"Ingleside Cogeneration","name_initialism","[]",,"Texas RE","[""GO"",""GOP""]",,"4","[]","[]","[]"
"1434","NCR13407","geocoded","published",,"Innovative Solar 54, LLC","IS54","IS54","Innovative Solar 54","Innovative Solar 54","normal",,,,"IS54","name_initialism","[]",,"SERC","[""GO"",""GOP""]",,"4","[]","[]","[]"
"1435","NCR11392","geocoded","published",,"International Boundary and Water Commission, US Section","IBWC","IBWC","International Boundary and Water Commission","International Boundary and Water Commission","major",,,,"IBWC","official_website","[]",,"Texas RE","[""GO"",""GOP""]",,"4","[]","[]","[]"
"1436","NCR12191","geocoded","published",,"Iron Star Wind Project, LLC","IS","Iron Star","Iron Star Wind","Iron Star Wind Project","normal",,,,"Iron Star","name_initialism","[]","ENGIE North America","MRO","[""GO"",""GOP""]","merchant","4","[]","[]","[]"
"1437","NCR11421","geocoded","published",,"Ivanpah Master Holdings LLC","Ivanpah","Ivanpah","Ivanpah Solar","Ivanpah Solar","major",,,,"Ivanpah","common_market_name","[]",,"WECC","[""GO"",""GOP""]",,"4","[]","[]","[]"
"1438","NCR12336","geocoded","published",,"Jack County Power, LLC","JC","Jack County","Jack County Power","Jack County Power","normal",,,,"Jack County","common_market_name","[]",,"Texas RE","[""GO"",""GOP""]",,"4","[]","[]","[]"
"1439","NCR12237","geocoded","published",,"Jackson Generation, LLC","Jackson","Jackson","Jackson Generation","Jackson Generation","normal",,,,"Jackson Gen","name_initialism","[]",,"RF","[""GO"",""GOP""]",,"4","[]","[]","[]"
"1440","NCR12180","geocoded","published",,"Jayhawk Wind LLC","Jayhawk","Jayhawk","Jayhawk Wind","Jayhawk Wind","normal",,,,"Jayhawk","common_market_name","[]","WEC Energy Group","MRO","[""GO"",""GOP""]","merchant","4","[]","[]","[]"
"1441","NCR07229","geocoded","published",,"JGT2 Energy LLC","JGT2","JGT2","JGT2 Energy","JGT2 Energy","normal",,,,"JGT2","name_initialism","[]","JGT2 Redevelopment LLC","NPCC","[""GO"",""GOP""]","merchant","4","[]","[]","[]"
"1442","NCR05503","geocoded","published",,"Judith Gap Energy LLC","JG","Judith Gap","Judith Gap Energy","Judith Gap Energy","normal",,,,"Judith Gap","common_market_name","[]",,"WECC","[""GO"",""GOP""]",,"4","[]","[]","[]"
"1443","NCR12005","geocoded","published",,"Jumbo Hill Wind Project, LLC","JH","Jumbo Hill","Jumbo Hill Wind","Jumbo Hill Wind Project","normal",,,,"Jumbo Hill","common_market_name","[]",,"Texas RE","[""GO"",""GOP""]",,"4","[]","[]","[]"
"1444","NCR12210","geocoded","published",,"Kearney Generating Station","Kearney","Kearney","Kearney Generating Station","Kearney Generating Station","normal",,,,"Kearney GS","name_initialism","[]",,"RF","[""GO"",""GOP""]",,"4","[]","[]","[]"
"1445","NCR11497","geocoded","published",,"Keechi Wind, LLC","Keechi","Keechi","Keechi Wind","Keechi Wind","normal",,,,"Keechi Wind","common_market_name","[]",,"Texas RE","[""GO"",""GOP""]",,"4","[]","[]","[]"
"1446","NCR11436","geocoded","published",,"Kendall Green Energy Holdings, LLC","Kendall","Kendall","Kendall Green Energy","Kendall Green Energy","normal",,,,"Kendall","common_market_name","[]","Vicinity Energy","NPCC","[""GO"",""GOP""]","merchant","4","[]","[]","[]"
"1447","NCR05504","geocoded","published",,"KES-Kingsburg, LP","KNGSBR","Kingsburg","KES Kingsburg","KES Kingsburg","normal",,,,"KES-Kingsburg","name_initialism","[]",,"WECC","[""GO"",""GOP""]",,"4","[]","[]","[]"
"1448","NCR11968","geocoded","published",,"KeyCon Operating, LLC","KeyCon","KeyCon","KeyCon Operating","KeyCon Operating","normal",,,,"KeyCon","name_initialism","[]",,"RF","[""GO"",""GOP""]",,"4","[]","[]","[]"
"1449","NCR12049","geocoded","published",,"King Plains Wind Project, LLC","KP","King Plains","King Plains Wind","King Plains Wind Project","normal",,,,"King Plains","common_market_name","[]","ENGIE North America","MRO","[""GO"",""GOP""]","merchant","4","[]","[]","[]"
"1450","NCR11617","geocoded","published",,"Kingfisher Wind, LLC","KNGFSH","Kingfisher","Kingfisher Wind","Kingfisher Wind","normal",,,,"Kingfisher","common_market_name","[]","BlackRock","MRO","[""GO"",""GOP""]","merchant","4","[]","[]","[]"
"1451","NCR05505","geocoded","published",,"Kings River Conservation District","KRCD","KRCD","Kings River Conservation District","Kings River Conservation District","normal",,,,"KRCD","common_market_name","[]",,"WECC","[""GO"",""GOP""]",,"4","[]","[]","[]"
"1452","NCR11475","geocoded","published",,"KMC Thermo, LLC (aka ""Brandywine Power Facility"")","BRNDYW","Brandywine","Brandywine Power","Brandywine Power Facility","normal",,,,"Brandywine","common_market_name","[]",,"RF","[""GO"",""GOP""]",,"4","[]","[]","[]"
"1453","NCR12060","geocoded","published",,"La Chalupa, LLC","Chalupa","Chalupa","La Chalupa Wind","La Chalupa Wind","normal",,,,"La Chalupa","common_market_name","[]",,"Texas RE","[""GO"",""GOP""]",,"4","[]","[]","[]"
"1454","NCR11836","geocoded","published",,"Lackawanna Energy Center LLC","LCKWNN","Lackawanna","Lackawanna Energy Center","Lackawanna Energy Center","normal",,,,"Lackawanna EC","name_initialism","[]",,"RF","[""GO"",""GOP""]",,"4","[]","[]","[]"
"1455","NCR11180","geocoded","published",,"Lakefield Wind Project, LLC","LKFLD","Lakefield","Lakefield Wind","Lakefield Wind Project","normal",,,,"Lakefield","common_market_name","[]","EDF Renewables","MRO","[""GO"",""GOP""]","merchant","4","[]","[]","[]"
"1456","NCR00168","geocoded","published",,"Lakewood Cogeneration, LP","Lakewood","Lakewood","Lakewood Cogeneration","Lakewood Cogeneration","normal",,,,"Lakewood Cogen","name_initialism","[]",,"RF","[""GO"",""GOP""]",,"4","[]","[]","[]"
"1457","NCR12099","geocoded","published",,"Lakota Ridge, LLC","LR","Lakota Ridge","Lakota Ridge Wind","Lakota Ridge Wind","normal",,,,"Lakota Ridge","common_market_name","[]","Longroad Energy","MRO","[""GO"",""GOP""]","merchant","4","[]","[]","[]"
"1458","NCR11863","geocoded","published",,"LaPorte Power, LLC","LaPorte","LaPorte","LaPorte Power","LaPorte Power","normal",,,,"LaPorte","eia_861","[]",,"Texas RE","[""GO"",""GOP""]",,"4","[]","[]","[]"
"1459","NCR12067","geocoded","published",,"Las Lomas Wind Project, LLC","LL","Las Lomas","Las Lomas Wind","Las Lomas Wind Project","normal",,,,"Las Lomas","eia_861","[]",,"Texas RE","[""GO"",""GOP""]",,"4","[]","[]","[]"
"1460","NCR13113","geocoded","published",,"Lawrenceburg Power LLC","LWRNCB","Lawrenceburg","Lawrenceburg Power","Lawrenceburg Power","normal",,,,"Lawrenceburg","name_initialism","[]",,"RF","[""GO"",""GOP""]",,"4","[]","[]","[]"
"1461","NCR10301","geocoded","published",,"Lea Power Partners, LLC","Lea","Lea Power","Lea Power Partners","Lea Power Partners","normal",,,,"Lea Power","common_market_name","[]","ArcLight Capital","MRO","[""GO"",""GOP""]","merchant","4","[]","[]","[]"
"1462","NCR12265","geocoded","published",,"LeConte Energy Storage, LLC","LeConte","LeConte","LeConte Energy Storage","LeConte Energy Storage","normal",,,,"LeConte","common_market_name","[]",,"WECC","[""GO"",""GOP""]",,"4","[]","[]","[]"
"1463","NCR11788","geocoded","published",,"Lee County Generating Station, LLC","LC","Lee County","Lee County Generating Station","Lee County Generating Station","normal",,,,"Lee County GS","name_initialism","[]",,"RF","[""GO"",""GOP""]",,"4","[]","[]","[]"
"1464","NCR12441","geocoded","published",,"Libra Storage LLC","Libra","Libra","Libra Storage","Libra Storage","normal",,,,"Libra","eia_861","[]",,"Texas RE","[""GO"",""GOP""]",,"4","[]","[]","[]"
"1465","NCR10208","geocoded","published",,"Lincoln Generating Facility, LLC","Lincoln","Lincoln","Lincoln Generating Facility","Lincoln Generating Facility","normal",,,,"Lincoln GF","name_initialism","[]",,"RF","[""GO"",""GOP""]",,"4","[]","[]","[]"
"1466","NCR12171","geocoded","published",,"Lincoln Land Wind, LLC","LLW","LLW","Lincoln Land Wind","Lincoln Land Wind","normal",,,,"LLW","official_website","[]",,"SERC","[""GO"",""GOP""]",,"4","[]","[]","[]"
"1467","NCR11897","geocoded","published",,"Live Oak Wind Project, LLC","Live Oak","Live Oak","Live Oak Wind","Live Oak Wind Project","normal",,,,"Live Oak","eia_861","[]",,"Texas RE","[""GO"",""GOP""]",,"4","[]","[]","[]"
"1468","NCR11931","geocoded","published",,"Lockett Windfarm, LLC","Lockett","Lockett","Lockett Windfarm","Lockett Windfarm","normal",,,,"Lockett","eia_861","[]",,"Texas RE","[""GO"",""GOP""]",,"4","[]","[]","[]"
"1469","NCR12054","geocoded","published",,"Lone Tree Wind, LLC","LT","Lone Tree","Lone Tree Wind","Lone Tree Wind","normal",,,,"Lone Tree","name_initialism","[]",,"RF","[""GO"",""GOP""]",,"4","[]","[]","[]"
"1470","NCR11208","geocoded","published",,"Longview Power LLC","Longview","Longview","Longview Power","Longview Power","normal",,,,"Longview","name_initialism","[]",,"RF","[""GO"",""GOP""]",,"4","[]","[]","[]"
"1471","NCR11075","geocoded","published",,"Loraine Windpark Project, LLC","Loraine","Loraine","Loraine Windpark","Loraine Windpark","normal",,,,"Loraine","eia_861","[]",,"Texas RE","[""GO"",""GOP""]",,"4","[]","[]","[]"
"1472","NCR13339","geocoded","published",,"Louise Solar Project, LLC","Louise","Louise","Louise Solar","Louise Solar","normal",,,,"Louise Solar","name_initialism","[]","EDF Renewables","MRO","[""GO"",""GOP""]","merchant","4","[]","[]","[]"
"1473","NCR13286","geocoded","published",,"Magnolia Power, LLC","Magnolia","Magnolia","Magnolia Power","Magnolia Power","normal",,,,"Magnolia","name_initialism","[]",,"SERC","[""GO"",""GOP""]",,"4","[]","[]","[]"
"1474","NCR05229","geocoded","published",,"Malacha Hydro Limited Partnership","Malacha","Malacha","Malacha Hydro","Malacha Hydro","normal",,,,"Malacha Hydro","name_initialism","[]",,"WECC","[""GO"",""GOP""]",,"4","[]","[]","[]"
"1475","NCR11942","geocoded","published",,"Malaga Power, LLC","Malaga","Malaga","Malaga Power","Malaga Power","normal",,,,"Malaga Power","common_market_name","[]",,"WECC","[""GO"",""GOP""]",,"4","[]","[]","[]"
"1476","NCR12506","geocoded","published",,"Mammoth North, LLC","Mammoth","Mammoth","Mammoth North Solar","Mammoth North Solar","normal",,,,"Mammoth North","name_initialism","[]",,"RF","[""GO"",""TO""]",,"4","[]","[]","[]"
"1477","NCR12529","geocoded","published",,"Maple Flats Solar Energy Center LLC","MF","Maple Flats","Maple Flats Solar","Maple Flats Solar Energy Center","normal",,,,"Maple Flats","name_initialism","[]",,"SERC","[""GO"",""GOP""]",,"4","[]","[]","[]"
"1478","NCR13033","geocoded","published",,"MARA Holdings US","MARA","MARA","MARA Holdings","MARA Holdings","normal",,,,"MARA","official_website","[]","MARA Holdings","MRO","[""GO"",""GOP""]","merchant","4","[]","[]","[]"
"1479","NCR11701","geocoded","published",,"Mariah del Norte LLC","Mariah","Mariah","Mariah del Norte","Mariah del Norte","normal",,,,"Mariah del Norte","eia_861","[]",,"Texas RE","[""GO"",""GOP""]",,"4","[]","[]","[]"
"1480","NCR13121","geocoded","published",,"Markum Solar Farm, LLC","Markum","Markum","Markum Solar Farm","Markum Solar Farm","normal",,,,"Markum","eia_861","[]",,"Texas RE","[""GO"",""GOP""]",,"4","[]","[]","[]"
"1481","NCR13396","geocoded","published",,"Marshall Wind Energy, LLC","Marshall","Marshall","Marshall Wind Energy","Marshall Wind Energy","normal",,,,"Marshall Wind","common_market_name","[]","BHE Renewables","MRO","[""GO"",""GOP""]","merchant","4","[]","[]","[]"
"1482","NCR01007","geocoded","published",,"Marshfield Utilities","MRSHFL","Marshfield","Marshfield Utilities","Marshfield Utilities","normal",,,,"Marshfield Utilities","official_website","[]",,"MRO","[""GO"",""GOP""]","municipal","4","[]","[]","[]"
"1483","NCR12129","geocoded","published",,"Maryneal Windpower, LLC","Maryneal","Maryneal","Maryneal Windpower","Maryneal Windpower","normal",,,,"Maryneal","eia_861","[]",,"Texas RE","[""GO"",""GOP""]",,"4","[]","[]","[]"
"1484","NCR00087","geocoded","published",,"McAdoo Wind Energy, LLC","McAdoo","McAdoo","McAdoo Wind","McAdoo Wind Energy","normal",,,,"McAdoo","eia_861","[]",,"Texas RE","[""GO"",""GOP""]",,"4","[]","[]","[]"
"1485","NCR11303","geocoded","published",,"Meadow Creek Project Company LLC","MC","Meadow Creek","Meadow Creek Wind","Meadow Creek Wind","normal",,,,"Meadow Creek","common_market_name","[]",,"WECC","[""GO"",""GOP""]",,"4","[]","[]","[]"
"1486","NCR11893","geocoded","published",,"Meadowlark Wind I LLC (New Frontier)","MDWLRK","Meadowlark","Meadowlark Wind","Meadowlark Wind New Frontier","normal",,,,"New Frontier","common_market_name","[]","Capital Power","MRO","[""GO"",""GOP""]","merchant","4","[]","[]","[]"
"1487","NCR11984","geocoded","published",,"MEC Holdings, LLC","MH","MEC Holdings","MEC Holdings","MEC Holdings","normal",,,,"MEC Holdings","name_initialism","[]","Southern Power","MRO","[""GO"",""GOP""]","merchant","4","[]","[]","[]"
"1488","NCR11311","geocoded","published",,"Mehoopany Wind Energy LLC","MHPNY","Mehoopany","Mehoopany Wind","Mehoopany Wind Energy","normal",,,,"Mehoopany","name_initialism","[]",,"RF","[""GO"",""GOP""]",,"4","[]","[]","[]"
"1489","NCR11909","geocoded","published",,"Mendota Hills, LLC","Mendota","Mendota","Mendota Hills Wind","Mendota Hills Wind","normal",,,,"Mendota Hills","name_initialism","[]",,"RF","[""GO"",""GOP""]",,"4","[]","[]","[]"
"1490","NCR11980","geocoded","published",,"Mesteño Windpower, LLC","Mesteño","Mesteño","Mesteño Windpower","Mesteño Windpower","normal",,,,"Mesteño","eia_861","[]",,"Texas RE","[""GO"",""GOP""]",,"4","[]","[]","[]"
"1491","NCR11478","geocoded","published",,"Miami Wind I, LLC","MW","Miami Wind","Miami Wind","Miami Wind","normal",,,,"Miami Wind","eia_861","[]",,"Texas RE","[""GO"",""GOP""]",,"4","[]","[]","[]"
"1492","NCR00167","geocoded","published",,"Mid Georgia Cogen L.P.","MGC","MGC","Mid Georgia Cogen","Mid Georgia Cogeneration","normal",,,,"MGC","name_initialism","[]",,"SERC","[""GO"",""GOP""]",,"4","[]","[]","[]"
"1493","NCR10282","geocoded","published",,"Midland Cogeneration Venture, Limited Partnership","MCV","MCV","Midland Cogeneration","Midland Cogeneration Venture","normal",,,,"Midland Cogen","name_initialism","[]",,"RF","[""GO"",""GOP""]",,"4","[]","[]","[]"
"1494","NCR13135","geocoded","published",,"Millican Solar Energy LLC","Millican","Millican","Millican Solar","Millican Solar Energy","normal",,,,"Millican Solar","common_market_name","[]",,"WECC","[""GO"",""GOP""]",,"4","[]","[]","[]"
"1495","NCR13137","geocoded","published",,"Milo Wind Project, LLC","Milo","Milo","Milo Wind","Milo Wind Project","normal",,,,"Milo Wind","common_market_name","[]","Boralex","MRO","[""GO"",""GOP""]","merchant","4","[]","[]","[]"
"1496","NCR01012","geocoded","published",,"Minnesota Municipal Power Agency","MMPA","MMPA","Minnesota Municipal Power Agency","Minnesota Municipal Power Agency","normal",,,,"MMPA","official_website","[]",,"MRO","[""GO"",""GOP""]","municipal","4","[]","[]","[]"
"1497","NCR12155","geocoded","published",,"Minonk Stewardship Wind, LLC","Minonk","Minonk","Minonk Stewardship Wind","Minonk Stewardship Wind","normal",,,,"Minonk","name_initialism","[]",,"SERC","[""GO"",""GOP""]",,"4","[]","[]","[]"
"1498","NCR06050","geocoded","published",,"Mississippi Delta Energy Agency","MDEA","MDEA","Mississippi Delta Energy Agency","Mississippi Delta Energy Agency","normal",,,,"MDEA","name_initialism","[]",,"SERC","[""RP"",""TO""]",,"4","[]","[]","[]"
"1499","NCR11482","geocoded","published",,"Mobile Energy L L C","Mobile","Mobile","Mobile Energy","Mobile Energy","normal",,,,"Mobile Energy","name_initialism","[]",,"SERC","[""GO"",""GOP""]",,"4","[]","[]","[]"
"1500","NCR12227","geocoded","published",,"Montville Power","MVP","Montville","Montville Power","Montville Power","normal",,,,"MVP","name_initialism","[]","Montville Power LLC","NPCC","[""GO"",""GOP""]","merchant","4","[]","[]","[]"
"1501","NCR10283","geocoded","published",,"Morris Cogeneration, LLC","Morris","Morris","Morris Cogeneration","Morris Cogeneration","normal",,,,"Morris Cogen","name_initialism","[]",,"RF","[""GO"",""GOP""]",,"4","[]","[]","[]"
"1502","NCR11328","geocoded","published",,"Mountain Air Projects, LLC","MA","Mountain Air","Mountain Air Projects","Mountain Air Projects","normal",,,,"Mountain Air","common_market_name","[]",,"WECC","[""GO"",""GOP""]",,"4","[]","[]","[]"
"1503","NCR12046","geocoded","published",,"Mountain Breeze Wind, LLC","MB","Mtn Breeze","Mountain Breeze Wind","Mountain Breeze Wind","normal",,,,"Mountain Breeze","common_market_name","[]",,"WECC","[""GO"",""GOP""]",,"4","[]","[]","[]"
"1504","NCR11864","geocoded","published",,"Mountain Creek Power, LLC","MC","Mtn Creek","Mountain Creek Power","Mountain Creek Power","normal",,,,"Mountain Creek","eia_861","[]",,"Texas RE","[""GO"",""GOP""]",,"4","[]","[]","[]"
"1505","NCR13228","geocoded","published",,"Mozart Wind, LLC","Mozart","Mozart","Mozart Wind","Mozart Wind","normal",,,,"Mozart Wind","eia_861","[]",,"Texas RE","[""GO"",""GOP""]",,"4","[]","[]","[]"
"1506","NCR12247","geocoded","published",,"MPH AL PIERCE, LLC","ALP","AL Pierce","MPH AL Pierce","MPH AL Pierce","normal",,,,"ALP","name_initialism","[]",,"NPCC","[""GO"",""GOP""]","merchant","4","[]","[]","[]"
"1507","NCR11912","geocoded","published",,"MRP - San Joaquin Energy, LLC","MRP","MRP","San Joaquin Energy","San Joaquin Energy","normal",,,,"MRP SJE","name_initialism","[]",,"WECC","[""GO"",""GOP""]",,"4","[]","[]","[]"
"1508","NCR12259","geocoded","published",,"Mulligan Solar, LLC","Mulligan","Mulligan","Mulligan Solar","Mulligan Solar","normal",,,,"Mulligan","name_initialism","[]",,"SERC","[""GO"",""GOP""]",,"4","[]","[]","[]"
"1509","NCR12435","geocoded","published",,"NAES - Goodnight I","GDNGHT","Goodnight","Goodnight Wind","Goodnight Wind I","normal",,,,"NAES-Goodnight","name_initialism","[]",,"Texas RE","[""GO"",""GOP""]",,"4","[]","[]","[]"
"1510","NCR13266","geocoded","published",,"NAES Corporation - Cross Trails","CT","Cross Trails","Cross Trails Wind","Cross Trails Wind","normal",,,,"NAES-Cross Trails","name_initialism","[]",,"Texas RE","[""GO"",""GOP""]",,"4","[]","[]","[]"
"1511","NCR11236","geocoded","published",,"NAES Corporation - Goodman Energy Center","Goodman","Goodman","Goodman Energy Center","Goodman Energy Center","normal",,,,"NAES Goodman","name_initialism","[]","NAES Corporation","MRO","[""GO"",""GOP""]","merchant","4","[]","[]","[]"
"1512","NCR11104","geocoded","published",,"NAES Corporation - Harvest Wind Project","Harvest","Harvest","Harvest Wind","Harvest Wind Project","normal",,,,"NAES Harvest","name_initialism","[]",,"WECC","[""GO"",""GOP""]",,"4","[]","[]","[]"
"1513","NCR11929","geocoded","published",,"NAES Corporation - Kern River","KR","Kern River","Kern River Cogen","Kern River Cogeneration","normal",,,,"NAES Kern River","name_initialism","[]",,"WECC","[""GO"",""GOP""]",,"4","[]","[]","[]"
"1514","NCR13530","geocoded","published",,"NAES Corporation - Long Island Solar","LISF","LISF","Long Island Solar Farm","Long Island Solar Farm","normal",,,,"LISF","common_market_name","[]",,"NPCC","[""GO"",""GOP""]","merchant","4","[]","[]","[]"
"1515","NCR12168","geocoded","published",,"NAES Corporation - Long Ridge Energy Generation","LR","Long Ridge","Long Ridge Energy","Long Ridge Energy Generation","normal",,,,"NAES Long Ridge","name_initialism","[]",,"RF","[""GO"",""GOP""]",,"4","[]","[]","[]"
"1516","NCR11935","geocoded","published",,"NAES Corporation - Nacogdoches","NCGDCH","Nacogdoches","Nacogdoches Biomass","Nacogdoches Biomass","normal",,,,"NAES-Nacogdoches","name_initialism","[]",,"Texas RE","[""GO"",""GOP""]",,"4","[]","[]","[]"
"1517","NCR11767","geocoded","published",,"NAES Corporation - Red Oak","Red Oak","Red Oak","Red Oak Power","Red Oak Power","normal",,,,"NAES Red Oak","name_initialism","[]",,"RF","[""GO"",""GOP""]",,"4","[]","[]","[]"
"1518","NCR11932","geocoded","published",,"NAES Corporation - Wansley #9","Wansley","Wansley","Wansley Unit 9","Wansley Unit 9","normal",,,,"Wansley #9","eia_861","[]",,"SERC","[""GO"",""GOP""]",,"4","[]","[]","[]"
"1519","NCR13340","geocoded","published",,"NAES Corporation - Whirlwind Energy","WHRLWN","Whirlwind","Whirlwind Energy","Whirlwind Energy","normal",,,,"NAES-Whirlwind","name_initialism","[]",,"Texas RE","[""GO"",""GOP""]",,"4","[]","[]","[]"
"1520","NCR00418","geocoded","published",,"NAES Corporation - White Creek Wind 1","WC","White Creek","White Creek Wind","White Creek Wind","normal",,,,"NAES White Creek","name_initialism","[]",,"WECC","[""GO"",""GOP""]",,"4","[]","[]","[]"
"1521","NCR12360","geocoded","published",,"NAES Frontera Energy Center","Frontera","Frontera","Frontera Energy Center","Frontera Energy Center","normal",,,,"NAES Frontera","name_initialism","[]",,"Texas RE","[""GO"",""GOP""]",,"4","[]","[]","[]"
"1522","NCR13513","geocoded","published",,"Navajo Tribal Utility Authority Generation","NTUA","NTUA","Navajo Tribal Utility Authority Generation","Navajo Tribal Utility Authority Generation","major",,,,"NTUA Gen","name_initialism","[]",,"WECC","[""GO"",""GOP""]",,"4","[]","[]","[]"
"1523","NCR11555","geocoded","published",,"NC Renewable Power Lumberton LLC","LMBRTN","Lumberton","NC Renewable Power Lumberton","NC Renewable Power Lumberton","normal",,,,"NCRP Lumberton","name_initialism","[]",,"SERC","[""GO"",""GOP""]",,"4","[]","[]","[]"
"1524","NCR10342","geocoded","published",,"NE Renewable Power Tamworth, LLC","Tamworth","Tamworth","NE Renewable Power Tamworth","NE Renewable Power Tamworth","normal",,,,"Tamworth","common_market_name","[]",,"NPCC","[""GO"",""GOP""]","merchant","4","[]","[]","[]"
"1525","NCR10298","geocoded","published",,"NE Renewable Power West Enfield, LLC","Enfield","Enfield","NE Renewable Power West Enfield","NE Renewable Power West Enfield","normal",,,,"W. Enfield","common_market_name","[]",,"NPCC","[""GO"",""GOP""]","merchant","4","[]","[]","[]"
"1526","NCR10044","geocoded","published",,"Nevada Cogeneration Associates #1","NCA","NCA","Nevada Cogeneration Associates","Nevada Cogeneration Associates","normal",,,,"NCA-1","name_initialism","[]",,"WECC","[""GO"",""GOP""]",,"4","[]","[]","[]"
"1527","NCR11469","geocoded","published",,"Nevada Irrigation District","NID","NID","Nevada Irrigation District","Nevada Irrigation District","normal",,,,"NID","official_website","[]",,"WECC","[""GO"",""GOP""]",,"4","[]","[]","[]"
"1528","NCR11395","geocoded","published",,"Nevada Solar One, LLC","NSO","NSO","Nevada Solar One","Nevada Solar One","normal",,,,"NSO","common_market_name","[]",,"WECC","[""GO"",""GOP""]",,"4","[]","[]","[]"
"1529","NCR10295","geocoded","published",,"New Covert Generating Company, LLC","Covert","Covert","New Covert Generating","New Covert Generating Company","normal",,,,"New Covert","common_market_name","[]",,"RF","[""GO"",""GOP""]",,"4","[]","[]","[]"
"1530","NCR11700","geocoded","published",,"New Creek Wind LLC","NC","New Creek","New Creek Wind","New Creek Wind","normal",,,,"New Creek Wind","common_market_name","[]",,"SERC","[""GO"",""GOP""]",,"4","[]","[]","[]"
"1531","NCR05263","geocoded","published",,"New Harquahala Generating Company, LLC","NHGC","NHGC","Harquahala Generating","New Harquahala Generating Company","normal",,,,"NHGC","name_initialism","[]",,"WECC","[""GO"",""GOP""]",,"4","[]","[]","[]"
"1532","NCR12231","geocoded","published",,"New Haven Harbor","NHH","NHH","New Haven Harbor","New Haven Harbor","normal",,,,"NHH","name_initialism","[]","Generation Bridge II New Haven LLC","NPCC","[""GO"",""GOP""]","merchant","4","[]","[]","[]"
"1533","NCR12366","geocoded","published",,"Newport Solar, LLC","Newport","Newport","Newport Solar","Newport Solar","normal",,,,"Newport Solar","common_market_name","[]",,"SERC","[""GO"",""GOP""]",,"4","[]","[]","[]"
"1534","NCR10019","geocoded","published",,"NextEra Energy Resources, LLC","NextEra","NextEra","NextEra Energy Resources","NextEra Energy Resources","major",,,,"NextEra Resources","official_website","[]","NextEra Energy, Inc.","MRO","[""GO"",""GOP""]","merchant","4","[]","[]","[]"
"1535","NCR12059","geocoded","published",,"Nobles 2 Energy Center","Nobles","Nobles","Nobles 2 Energy Center","Nobles 2 Energy Center","normal",,,,"Nobles 2","common_market_name","[]","Tenaska","MRO","[""GO"",""GOP""]","merchant","4","[]","[]","[]"
"1536","NCR11721","geocoded","published",,"North Battleford Power L.P.","NBP","NBP","North Battleford Power","North Battleford Power","normal",,,,"North Battleford","common_market_name","[]","Northland Power","MRO","[""GO"",""GOP""]","merchant","4","[]","[]","[]"
"1537","NCR12428","geocoded","published",,"North Bend Wind Project, LLC","NB","North Bend","North Bend Wind","North Bend Wind Project","normal",,,,"North Bend Wind","common_market_name","[]","ENGIE North America","MRO","[""GO"",""GOP""]","merchant","4","[]","[]","[]"
"1538","NCR12368","geocoded","published",,"North Valley Geothermal","NV","North Valley","North Valley Geothermal","North Valley Geothermal","normal",,,,"North Valley","common_market_name","[]",,"WECC","[""GO"",""GOP""]",,"4","[]","[]","[]"
"1539","NCR00852","geocoded","published",,"Northampton Generating Company, LP","NRTHMP","Northampton","Northampton Generating","Northampton Generating Company","normal",,,,"Northampton","common_market_name","[]",,"RF","[""GO"",""GOP""]",,"4","[]","[]","[]"
"1540","NCR05278","geocoded","published",,"Northern California Power Agency","NCPA","NCPA","Northern California Power Agency","Northern California Power Agency","major",,,,"NCPA","official_website","[]",,"WECC","[""GO"",""GOP""]",,"4","[]","[]","[]"
"1541","NCR11879","geocoded","published",,"Northwest Ohio Wind, LLC","NW Ohio","NW Ohio","Northwest Ohio Wind","Northwest Ohio Wind","normal",,,,"NW Ohio Wind","name_initialism","[]",,"RF","[""GO"",""GOP""]",,"4","[]","[]","[]"
"1542","NCR12315","geocoded","published",,"Number Three Wind LLC","No. 3","No. 3","Number Three Wind","Number Three Wind","normal",,,,"No. 3 Wind","common_market_name","[]","Invenergy LLC","NPCC","[""GO"",""GOP""]","merchant","4","[]","[]","[]"
"1543","NCR11843","geocoded","published",,"O.H. Hutchings CT, LLC","HTCHNG","Hutchings","O.H. Hutchings","O.H. Hutchings","normal",,,,"Hutchings","common_market_name","[]",,"RF","[""GO"",""GOP""]",,"4","[]","[]","[]"
"1544","NCR09019","geocoded","published",,"Occidental Chemical Corporation","OxyChem","OxyChem","Occidental Chemical","Occidental Chemical","major",,,,"OxyChem","common_market_name","[]",,"SERC","[""GO"",""GOP""]",,"4","[]","[]","[]"
"1545","NCR11797","geocoded","published",,"Ocean State Power, LLC","OSP","OSP","Ocean State Power","Ocean State Power","normal",,,,"OSP","name_initialism","[]",,"NPCC","[""GO"",""GOP""]","merchant","4","[]","[]","[]"
"1546","NCR13232","geocoded","published",,"OCI Alamo 1 LLC","Alamo","Alamo","OCI Alamo 1","OCI Alamo 1","normal",,,,"Alamo 1","common_market_name","[]",,"Texas RE","[""GO"",""GOP""]",,"4","[]","[]","[]"
"1547","NCR10072","geocoded","published",,"Odyssey Energy Altura Cogen, LLC","Altura","Altura","Altura Cogeneration","Altura Cogeneration","normal",,,,"Altura Cogen","name_initialism","[]",,"Texas RE","[""GO"",""GOP""]",,"4","[]","[]","[]"
"1548","NCR01287","geocoded","published",,"Oglethorpe Power Corporation","OPC","OPC","Oglethorpe Power","Oglethorpe Power Corporation","major",,,,"OPC","official_website","[]",,"SERC","[""GO"",""GOP""]",,"4","[]","[]","[]"
"1549","NCR11736","geocoded","published",,"Old Settler Wind, LLC","OS","Old Settler","Old Settler Wind","Old Settler Wind","normal",,,,"Old Settler","name_initialism","[]",,"Texas RE","[""GO"",""GOP""]",,"4","[]","[]","[]"
"1550","NCR12496","geocoded","published",,"Omnis Pleasants, LLC","PLSNTS","Pleasants","Omnis Pleasants","Omnis Pleasants","normal",,,,"Pleasants","common_market_name","[]",,"RF","[""GO"",""GOP""]",,"4","[]","[]","[]"
"1551","NCR11485","geocoded","published",,"Oneta Power, LLC","Oneta","Oneta","Oneta Power","Oneta Power","normal",,,,"Oneta Power","official_website","[]","LS Power","MRO","[""GO"",""GOP""]","merchant","4","[]","[]","[]"
"1552","NCR11521","geocoded","published",,"ORNI 39 LLC","ORNI 39","ORNI 39","ORNI 39","ORNI 39","normal",,,,"ORNI 39","name_initialism","[]",,"WECC","[""GO"",""GOP""]",,"4","[]","[]","[]"
"1553","NCR11839","geocoded","published",,"ORNI 43 LLC","ORNI 43","ORNI 43","ORNI 43","ORNI 43","normal",,,,"ORNI 43","name_initialism","[]",,"WECC","[""GO"",""GOP""]",,"4","[]","[]","[]"
"1554","NCR11412","geocoded","published",,"ORNI 47 LLC","ORNI 47","ORNI 47","ORNI 47","ORNI 47","normal",,,,"ORNI 47","name_initialism","[]",,"WECC","[""GO"",""GOP""]",,"4","[]","[]","[]"
"1555","NCR12228","geocoded","published",,"Oswego/Middletown Power","O/M","O/M","Oswego/Middletown Power","Oswego/Middletown Power","normal",,,,"O/M Power","name_initialism","[]",,"NPCC","[""GO"",""GOP""]","merchant","4","[]","[]","[]"
"1556","NCR10396","geocoded","published",,"Otay Mesa Energy Center, LLC","OM","Otay Mesa","Otay Mesa Energy Center","Otay Mesa Energy Center","normal",,,,"Otay Mesa","common_market_name","[]",,"WECC","[""GO"",""GOP""]",,"4","[]","[]","[]"
"1557","NCR04110","geocoded","published",,"Oxy Vinyls LP","Oxy","Oxy","Oxy Vinyls","Oxy Vinyls","major",,,,"Oxy Vinyls","official_website","[]",,"Texas RE","[""GO"",""GOP""]",,"4","[]","[]","[]"
"1558","NCR11279","geocoded","published",,"Pacific-Ultrapower Chinese  Station","PUP","PUP","Pacific-Ultrapower","Pacific-Ultrapower Chinese Station","normal",,,,"PUCS","common_market_name","[]",,"WECC","[""GO"",""GOP""]",,"4","[]","[]","[]"
"1559","NCR10054","geocoded","published",,"Palm Beach Resource Recovery","PBRR","PBRR","Palm Beach Resource Recovery","Palm Beach Resource Recovery","normal",,,,"PBRR","name_initialism","[]",,"SERC","[""GO"",""GOP""]",,"4","[]","[]","[]"
"1560","NCR11974","geocoded","published",,"Palmas Wind, LLC","Palmas","Palmas","Palmas Wind","Palmas Wind","normal",,,,"Palmas","common_market_name","[]",,"Texas RE","[""GO"",""GOP""]",,"4","[]","[]","[]"
"1561","NCR13471","geocoded","published",,"Palmer's Creek Wind Farm, LLC","Palmer's","Palmer's","Palmer's Creek Wind","Palmer's Creek Wind Farm","normal",,,,"Palmer's Creek","common_market_name","[]","Fagen Inc.","MRO","[""GO"",""GOP""]","merchant","4","[]","[]","[]"
"1562","NCR12268","geocoded","published",,"Panorama Wind, LLC","Panorama","Panorama","Panorama Wind","Panorama Wind, LLC","normal",,,,"Panorama Wind","common_market_name","[]",,"WECC","[""GO"",""GOP""]",,"4","[]","[]","[]"
"1563","NCR11808","geocoded","published",,"Pattern Operators LP","Pattern","Pattern","Pattern Operators","Pattern Operators","major",,,,"Pattern Operators","official_website","[]","Pattern Energy","MRO","[""GO"",""GOP""]","merchant","4","[]","[]","[]"
"1564","NCR11868","geocoded","published",,"PHR Holdings LLC","PHR","PHR","PHR Holdings","PHR Holdings","normal",,,,"PHR","name_initialism","[]",,"Texas RE","[""GO"",""GOP""]",,"4","[]","[]","[]"
"1565","NCR11477","geocoded","published",,"Piedmont Green Power, LLC","Piedmont","Piedmont","Piedmont Green Power","Piedmont Green Power","normal",,,,"Piedmont Green","common_market_name","[]",,"SERC","[""GO"",""GOP""]",,"4","[]","[]","[]"
"1566","NCR11347","geocoded","published",,"Pinyon Pines Wind I, LLC","Pinyon I","Pinyon I","Pinyon Pines Wind I","Pinyon Pines Wind I, LLC","normal",,,,"Pinyon I","eia_861","[]",,"WECC","[""GO"",""GOP""]",,"4","[]","[]","[]"
"1567","NCR11350","geocoded","published",,"Pinyon Pines Wind II, LLC","PI","Pinyon II","Pinyon Pines Wind II","Pinyon Pines Wind II, LLC","normal",,,,"Pinyon II","eia_861","[]",,"WECC","[""GO"",""GOP""]",,"4","[]","[]","[]"
"1568","NCR11652","geocoded","published",,"Pio Pico Energy Center, LLC","Pio Pico","Pio Pico","Pio Pico Energy Center","Pio Pico Energy Center, LLC","normal",,,,"Pio Pico","common_market_name","[]",,"WECC","[""GO"",""GOP""]",,"4","[]","[]","[]"
"1569","NCR07195","geocoded","published",,"Pittsfield Generating Company LP","PTTSFL","Pittsfield","Pittsfield Generating","Pittsfield Generating Company","normal",,,,"Pittsfield Gen","common_market_name","[]",,"NPCC","[""GO"",""GOP""]","merchant","4","[]","[]","[]"
"1570","NCR11420","geocoded","published",,"Placer County Water Agency","PCWA","PCWA","Placer County Water Agency","Placer County Water Agency","normal",,,,"PCWA","official_website","[]",,"WECC","[""GO"",""GOP""]",,"4","[]","[]","[]"
"1571","NCR11405","geocoded","published",,"Plainfield Renewable Energy, LLC","PRE","PRE","Plainfield Renewable Energy","Plainfield Renewable Energy","normal",,,,"PRE","name_initialism","[]",,"NPCC","[""GO"",""GOP""]","merchant","4","[]","[]","[]"
"1572","NCR13544","geocoded","published",,"Platinum Energy Storage LLC","Platinum","Platinum","Platinum Energy Storage","Platinum Energy Storage","normal",,,,"Platinum","name_initialism","[]",,"Texas RE","[""GO"",""GOP""]",,"4","[]","[]","[]"
"1573","NCR12030","geocoded","published",,"Plum Creek Wind, LLC","PC","Plum Creek","Plum Creek Wind","Plum Creek Wind","normal",,,,"Plum Creek Wind","common_market_name","[]","Orsted","MRO","[""GO"",""GOP""]","merchant","4","[]","[]","[]"
"1574","NCR10370","geocoded","published",,"Power City Partners, LP","City","Power City","Power City Partners","Power City Partners","normal",,,,"Power City","common_market_name","[]",,"NPCC","[""GO"",""GOP""]","merchant","4","[]","[]","[]"
"1575","NCR12065","geocoded","published",,"Prairie Hill Wind Project, LLC","PH","Prairie Hill","Prairie Hill Wind","Prairie Hill Wind Project","normal",,,,"Prairie Hill","name_initialism","[]",,"Texas RE","[""GO"",""GOP""]",,"4","[]","[]","[]"
"1576","NCR11175","geocoded","published",,"Prairie State Generating Company","PSGC","PSGC","Prairie State Generating","Prairie State Energy Campus","major",,,,"PSGC","common_market_name","[]",,"SERC","[""GO"",""GOP""]",,"4","[]","[]","[]"
"1577","NCR12175","geocoded","published",,"Prairie Wolf Solar LLC","PW","Prairie Wolf","Prairie Wolf Solar","Prairie Wolf Solar","normal",,,,"Prairie Wolf","common_market_name","[]",,"SERC","[""GO"",""GOP""]",,"4","[]","[]","[]"
"1578","NCR13480","geocoded","published",,"Prescott Wind Energy LLC","Prescott","Prescott","Prescott Wind Energy","Prescott Wind Energy","normal",,,,"Prescott Wind","common_market_name","[]","RPM Access","MRO","[""GO"",""GOP""]","merchant","4","[]","[]","[]"
"1579","NCR13136","geocoded","published",,"Prineville Solar Energy LLC","PRNVLL","Prineville","Prineville Solar","Prineville Solar Energy LLC","normal",,,,"Prineville Solar","eia_861","[]",,"WECC","[""GO"",""GOP""]",,"4","[]","[]","[]"
"1580","NCR00895","geocoded","published",,"PSEG Nuclear LLC","PSEG","PSEG","PSEG Nuclear","PSEG Nuclear","major",,,,"PSEG Nuclear","official_website","[]",,"RF","[""GO"",""GOP""]",,"4","[]","[]","[]"
"1581","NCR12335","geocoded","published",,"Rabbitbrush Solar, LLC","RBBTBR","Rabbitbrush","Rabbitbrush Solar","Rabbitbrush Solar, LLC","normal",,,,"Rabbitbrush","common_market_name","[]",,"WECC","[""GO"",""GOP""]",,"4","[]","[]","[]"
"1582","NCR12234","geocoded","published",,"Rainbow Energy Center, LLC","Rainbow","Rainbow","Rainbow Energy Center","Rainbow Energy Center","normal",,,,"Rainbow Energy","official_website","[]","Rainbow Energy Marketing Corporation","MRO","[""GO"",""GOP""]","merchant","4","[]","[]","[]"
"1583","NCR11947","geocoded","published",,"Ranchero Wind Farm, LLC","Ranchero","Ranchero","Ranchero Wind Farm","Ranchero Wind Farm","normal",,,,"Ranchero","name_initialism","[]",,"Texas RE","[""GO"",""GOP""]",,"4","[]","[]","[]"
"1584","NCR11308","geocoded","published",,"Raven FS Property Holdings LLC","Raven","Raven","Raven FS","Raven FS","normal",,,,"Raven FS","name_initialism","[]",,"RF","[""GO"",""GOP""]",,"4","[]","[]","[]"
"1585","NCR11796","geocoded","published",,"Ravenswood Operations, LLC","RVNSWD","Ravenswood","Ravenswood Operations","Ravenswood Generating Station","normal",,,,"Ravenswood","common_market_name","[]","Rise Light & Power","NPCC","[""GO"",""GOP""]","merchant","4","[]","[]","[]"
"1586","NCR13355","geocoded","published",,"Record Hill Wind LLC","RH","Record Hill","Record Hill Wind","Record Hill Wind","normal",,,,"Record Hill","common_market_name","[]",,"NPCC","[""GO"",""GOP""]","merchant","4","[]","[]","[]"
"1587","NCR12223","geocoded","published",,"Recurrent Energy Power Services (USA) LLC","RCRRNT","Recurrent","Recurrent Energy","Recurrent Energy","major",,,,"Recurrent Power Services","name_initialism","[]","Recurrent Energy","MRO","[""GO"",""GOP""]","merchant","4","[]","[]","[]"
"1588","NCR12490","geocoded","published",,"Red Tailed Hawk Solar LLC","RS","RTH Solar","Red Tailed Hawk Solar","Red Tailed Hawk Solar","normal",,,,"Red Tailed Hawk","name_initialism","[]",,"Texas RE","[""GO"",""GOP""]",,"4","[]","[]","[]"
"1589","NCR00743","geocoded","published",,"Reworld Waste Delaware Valley Limited Partnership","Reworld","Reworld","Reworld Delaware Valley","Reworld Delaware Valley","normal",,,,"Reworld DV","name_initialism","[]",,"RF","[""GO"",""GOP""]",,"4","[]","[]","[]"
"1590","NCR10011","geocoded","published",,"Reworld Waste SEMASS Limited Partnership","SEMASS","SEMASS","Reworld SEMASS","Reworld SEMASS","normal",,,,"SEMASS","common_market_name","[]","Reworld","NPCC","[""GO"",""GOP""]","merchant","4","[]","[]","[]"
"1591","NCR11200","geocoded","published",,"Rhode Island State Energy Center, LP","RISEC","RISEC","Rhode Island State Energy Center","Rhode Island State Energy Center","normal",,,,"RISEC","common_market_name","[]",,"NPCC","[""GO"",""GOP""]","merchant","4","[]","[]","[]"
"1592","NCR13111","geocoded","published",,"Richfield Solar Energy LLC","RCHFLD","Richfield","Richfield Solar","Richfield Solar Energy","normal",,,,"Richfield","common_market_name","[]",,"RF","[""GO"",""GOP""]",,"4","[]","[]","[]"
"1593","NCR12437","geocoded","published",,"Richland Stryker Generation, LLC","Stryker","Stryker","Richland Stryker Generation","Richland Stryker Generation","normal",,,,"Richland-Stryker","name_initialism","[]",,"RF","[""GO"",""GOP""]",,"4","[]","[]","[]"
"1594","NCR13536","geocoded","published",,"Ridgewind Power Partners, LLC","RDGWND","Ridgewind","Ridgewind Power Partners","Ridgewind Power Partners","normal",,,,"Ridgewind","common_market_name","[]","Project Resource Corp","MRO","[""GO"",""GOP""]","merchant","4","[]","[]","[]"
"1595","NCR13387","geocoded","published",,"Ringer Hill Wind, LLC","RH","Ringer Hill","Ringer Hill Wind","Ringer Hill Wind","normal",,,,"Ringer Hill","common_market_name","[]",,"RF","[""GO"",""GOP""]",,"4","[]","[]","[]"
"1596","NCR13277","geocoded","published",,"Rippey Wind Energy LLC","Rippey","Rippey","Rippey Wind Energy","Rippey Wind Energy","normal",,,,"Rippey Wind","common_market_name","[]","Greenbacker Capital","MRO","[""GO"",""GOP""]","merchant","4","[]","[]","[]"
"1597","NCR12429","geocoded","published",,"River Ferry Solar I LLC","RF","River Ferry","River Ferry Solar I","River Ferry Solar I","normal",,,,"River Ferry I","common_market_name","[]",,"SERC","[""GO"",""GOP""]",,"4","[]","[]","[]"
"1598","NCR03012","geocoded","published",,"Riverside Generating Company, LLC","RVRSD","Riverside","Riverside Generating","Riverside Generating Company","normal",,,,"Riverside","common_market_name","[]",,"RF","[""GO"",""GOP""]",,"4","[]","[]","[]"
"1599","NCR11660","geocoded","published",,"Rockford Generation, LLC","Rockford","Rockford","Rockford Generation","Rockford Generation","normal",,,,"Rockford","name_initialism","[]",,"RF","[""GO"",""GOP""]",,"4","[]","[]","[]"
"1600","NCR11774","geocoded","published",,"Rocksprings Val Verde Wind LLC","RCKSPR","Rocksprings","Rocksprings Val Verde Wind","Rocksprings Val Verde Wind","normal",,,,"Rocksprings","name_initialism","[]",,"Texas RE","[""GO"",""GOP""]",,"4","[]","[]","[]"
"1601","NCR13084","geocoded","published",,"Roosevelt Wind Project LLC","RSVLT","Roosevelt","Roosevelt Wind","Roosevelt Wind Project","normal",,,,"Roosevelt Wind","common_market_name","[]","Boralex","MRO","[""GO"",""GOP""]","merchant","4","[]","[]","[]"
"1602","NCR11341","geocoded","published",,"Roseton Generating LLC","Roseton","Roseton","Roseton Generating","Roseton Generating","normal",,,,"Roseton","common_market_name","[]",,"NPCC","[""GO"",""GOP""]","merchant","4","[]","[]","[]"
"1603","NCR13131","geocoded","published",,"Ross County Solar, LLC","RC","Ross County","Ross County Solar","Ross County Solar","normal",,,,"Ross County Solar","official_website","[]",,"RF","[""GO"",""GOP""]",,"4","[]","[]","[]"
"1604","NCR13308","geocoded","published",,"Roth Rock Wind Energy, LLC","RR","Roth Rock","Roth Rock Wind","Roth Rock Wind Energy","normal",,,,"Roth Rock","eia_861","[]",,"RF","[""GO"",""GOP""]",,"4","[]","[]","[]"
"1605","NCR11130","geocoded","published",,"Rumford Power LLC","Rumford","Rumford","Rumford Power","Rumford Power","normal",,,,"Rumford","common_market_name","[]",,"NPCC","[""GO"",""GOP""]","merchant","4","[]","[]","[]"
"1606","NCR11353","geocoded","published",,"Russell City Energy Company, LLC","RC","Russell City","Russell City Energy","Russell City Energy Company, LLC","normal",,,,"Russell City","common_market_name","[]",,"WECC","[""GO"",""GOP""]",,"4","[]","[]","[]"
"1607","NCR12341","geocoded","published",,"RW Miller Power, LLC","RM","RW Miller","RW Miller Power","RW Miller Power","normal",,,,"RW Miller","name_initialism","[]",,"Texas RE","[""GO"",""GOP""]",,"4","[]","[]","[]"
"1608","NCR01305","geocoded","published",,"Sabine River Authority of TX/LA","SRA","SRA","Sabine River Authority","Sabine River Authority of Texas and Louisiana","normal",,,,"SRA","official_website","[]",,"SERC","[""GO"",""GOP""]",,"4","[]","[]","[]"
"1609","NCR11981","geocoded","published",,"Sage Draw Wind, LLC","SD","Sage Draw","Sage Draw Wind","Sage Draw Wind","normal",,,,"Sage Draw","name_initialism","[]",,"Texas RE","[""GO"",""GOP""]",,"4","[]","[]","[]"
"1610","NCR05369","geocoded","published",,"Saguaro Power Company, A Limited Partnership","Saguaro","Saguaro","Saguaro Power","Saguaro Power Company","normal",,,,"Saguaro Power","common_market_name","[]",,"WECC","[""GO"",""GOP""]",,"4","[]","[]","[]"
"1611","NCR11819","geocoded","published",,"Salem Harbor Power Development LP","SH","Salem Harbor","Salem Harbor Power","Salem Harbor Power","normal",,,,"Salem Harbor","common_market_name","[]",,"NPCC","[""GO"",""GOP""]","merchant","4","[]","[]","[]"
"1612","NCR13094","geocoded","published",,"Salt City Solar LLC","SALTCITY","Salt City","Salt City Solar","Salt City Solar","normal",,,,"Salt City Solar","eia_861","[]",,"RF","[""GO"",""GOP""]",,"4","[]","[]","[]"
"1613","NCR13319","geocoded","published",,"San Jacinto Cogeneration LLC","SJC","SJC","San Jacinto Cogeneration","San Jacinto Cogeneration","normal",,,,"SJC","name_initialism","[]",,"Texas RE","[""GO"",""GOP""]",,"4","[]","[]","[]"
"1614","NCR13493","geocoded","published",,"San Jacinto Grid, LLC","SJG","San Jacinto","San Jacinto Grid","San Jacinto Grid, LLC","normal","meaningful_name","eia_861","https://www.interconnection.fyi/eia/project/65657","San Jacinto Grid","common_market_name","[]",,"WECC","[""GO"",""GOP""]",,"4","[]","[]","[]"
"1615","NCR00253","geocoded","published",,"San Miguel Electric Cooperative, Inc.","SM","San Miguel","San Miguel Electric Cooperative","San Miguel Electric Cooperative","major",,,,"San Miguel","name_initialism","[]",,"Texas RE","[""GO"",""GOP""]",,"4","[]","[]","[]"
"1616","NCR11646","geocoded","published",,"San Roman Wind I, LLC","SR","San Roman","San Roman Wind","San Roman Wind","normal",,,,"San Roman","common_market_name","[]",,"Texas RE","[""GO"",""GOP""]",,"4","[]","[]","[]"
"1617","NCR11483","geocoded","published",,"Santa Rosa Energy Center, LLC","SR","Santa Rosa","Santa Rosa Energy Center","Santa Rosa Energy Center","normal",,,,"Santa Rosa EC","common_market_name","[]",,"SERC","[""GO"",""GOP""]",,"4","[]","[]","[]"
"1618","NCR12296","geocoded","published",,"Sapphire Sky Wind Energy LLC","Sapphire","Sapphire","Sapphire Sky Wind","Sapphire Sky Wind Energy","normal",,,,"Sapphire Sky","common_market_name","[]",,"SERC","[""GO"",""GOP""]",,"4","[]","[]","[]"
"1619","NCR07208","geocoded","published",,"Saranac Power Partners, L.P.","Saranac","Saranac","Saranac Power Partners","Saranac Power Partners","normal",,,,"Saranac","common_market_name","[]",,"NPCC","[""GO"",""GOP""]","merchant","4","[]","[]","[]"
"1620","NCR00912","geocoded","published",,"Scrubgrass Reclamation Company, L.P.","SCRBGR","Scrubgrass","Scrubgrass Reclamation","Scrubgrass Reclamation Company","normal",,,,"Scrubgrass","eia_861","[]",,"RF","[""GO"",""GOP""]",,"4","[]","[]","[]"
"1621","NCR12194","geocoded","published",,"Searcy Solar, LLC","Searcy","Searcy","Searcy Solar","Searcy Solar","normal",,,,"Searcy Solar","common_market_name","[]",,"SERC","[""GO"",""GOP""]",,"4","[]","[]","[]"
"1622","NCR10051","geocoded","published",,"Selkirk Cogen Partners LLC","Selkirk","Selkirk","Selkirk Cogeneration","Selkirk Cogeneration","normal",,,,"Selkirk","common_market_name","[]",,"NPCC","[""GO"",""GOP""]","merchant","4","[]","[]","[]"
"1623","NCR11307","geocoded","published",,"Sentinel Energy Center, LLC","Sentinel","Sentinel","Sentinel Energy Center","Sentinel Energy Center, LLC","normal",,,,"Sentinel","common_market_name","[]",,"WECC","[""GO"",""GOP""]",,"4","[]","[]","[]"
"1624","NCR12208","geocoded","published",,"Sewaren Generating Station","Sewaren","Sewaren","Sewaren Generating Station","Sewaren Generating Station","normal",,,,"Sewaren","eia_861","[]",,"RF","[""GO"",""GOP""]",,"4","[]","[]","[]"
"1625","NCR13206","geocoded","published",,"Seymour Hills Wind Project LLC","Seymour","Seymour","Seymour Hills Wind","Seymour Hills Wind Project","normal",,,,"SHWP","name_initialism","[]",,"Texas RE","[""GO"",""GOP""]",,"4","[]","[]","[]"
"1626","NCR11566","geocoded","published",,"Shannon Wind, LLC","Shannon","Shannon","Shannon Wind","Shannon Wind","normal",,,,"Shannon","name_initialism","[]",,"Texas RE","[""GO"",""GOP""]",,"4","[]","[]","[]"
"1627","NCR12100","geocoded","published",,"Shaokatan Hills, LLC","SHKTN","Shaokatan","Shaokatan Hills Wind","Shaokatan Hills Wind","normal",,,,"Shaokatan Hills","common_market_name","[]","Longroad Energy","MRO","[""GO"",""GOP""]","merchant","4","[]","[]","[]"
"1628","NCR11629","geocoded","published",,"Shelby County Energy Center, LLC","Shelby","Shelby","Shelby County Energy Center","Shelby County Energy Center","normal",,,,"Shelby Energy","eia_861","[]",,"SERC","[""GO"",""GOP""]",,"4","[]","[]","[]"
"1629","NCR10299","geocoded","published",,"Sheldon Energy, LLC","Sheldon","Sheldon","Sheldon Energy","Sheldon Energy","normal",,,,"Sheldon","common_market_name","[]","Invenergy LLC","NPCC","[""GO"",""GOP""]","merchant","4","[]","[]","[]"
"1630","NCR11450","geocoded","published",,"Shiloh IV Wind Project, LLC","SI","Shiloh IV","Shiloh IV Wind","Shiloh IV Wind Project, LLC","normal",,,,"Shiloh IV","common_market_name","[]",,"WECC","[""GO"",""GOP""]",,"4","[]","[]","[]"
"1631","NCR05389","geocoded","published",,"Sierra Pacific Industries","SPI","SPI","Sierra Pacific Industries","Sierra Pacific Industries","normal",,,,"SPI","official_website","[]",,"WECC","[""GO"",""GOP""]",,"4","[]","[]","[]"
"1632","NCR11202","geocoded","published",,"Signal Hill Generating LLC","SH","Signal Hill","Signal Hill Generating","Signal Hill Generating","normal",,,,"Signal Hill","name_initialism","[]",,"Texas RE","[""GO"",""GOP""]",,"4","[]","[]","[]"
"1633","NCR11982","geocoded","published",,"Sky Global Power One, LLC","SG","Sky Global","Sky Global Power","Sky Global Power One","normal",,,,"Sky Global","name_initialism","[]",,"Texas RE","[""GO"",""GOP""]",,"4","[]","[]","[]"
"1634","NCR13207","geocoded","published",,"SolaireHolman 1 LLC","Holman","Holman","SolaireHolman Solar","SolaireHolman Solar","normal",,,,"SolaireHolman","name_initialism","[]",,"Texas RE","[""GO"",""GOP""]",,"4","[]","[]","[]"
"1635","NCR13250","geocoded","published",,"Solar Alpine LLC","AS","Alpine Solar","Solar Alpine","Solar Alpine LLC","normal",,,,"Alpine Solar","common_market_name","[]",,"WECC","[""GO"",""GOP""]",,"4","[]","[]","[]"
"1636","NCR11919","geocoded","published",,"Solomon Forks Wind Project, LLC","Solomon","Solomon","Solomon Forks Wind","Solomon Forks Wind Project","normal",,,,"Solomon Forks","common_market_name","[]","ENGIE North America","MRO","[""GO"",""GOP""]","merchant","4","[]","[]","[]"
"1637","NCR12141","geocoded","published",,"South Field Energy, LLC","SF","South Field","South Field Energy","South Field Energy","normal",,,,"South Field","eia_861","[]",,"RF","[""GO"",""GOP""]",,"4","[]","[]","[]"
"1638","NCR11310","geocoded","published",,"South Houston Green Power, LLC","SHGP","SHGP","South Houston Green Power","South Houston Green Power","normal",,,,"SHGP","name_initialism","[]",,"Texas RE","[""GO"",""GOP""]",,"4","[]","[]","[]"
"1639","NCR11579","geocoded","published",,"South Plains Wind Energy, LLC","SPWE","SPWE","South Plains Wind Energy","South Plains Wind Energy","normal",,,,"SPWE","name_initialism","[]",,"Texas RE","[""GO"",""GOP""]",,"4","[]","[]","[]"
"1640","NCR11695","geocoded","published",,"Southern Power Company","Southern","Southern","Southern Power","Southern Power Company","major",,,,"Southern Power","official_website","[]","Southern Company","MRO","[""GO"",""GOP""]","merchant","4","[]","[]","[]"
"1641","NCR01325","geocoded","published",,"SOWEGA Power LLC","SOWEGA","SOWEGA","SOWEGA Power","SOWEGA Power","normal",,,,"SOWEGA","name_initialism","[]",,"SERC","[""GO"",""GOP""]",,"4","[]","[]","[]"
"1642","NCR12444","geocoded","published",,"Sparta Solar, LLC","Sparta","Sparta","Sparta Solar","Sparta Solar","normal",,,,"Sparta","name_initialism","[]",,"Texas RE","[""GO"",""GOP""]",,"4","[]","[]","[]"
"1643","NCR05529","geocoded","published",,"Spindle Hill Energy LLC","SH","Spindle Hill","Spindle Hill Energy","Spindle Hill Energy LLC","normal",,,,"Spindle Hill","common_market_name","[]",,"WECC","[""GO"",""GOP""]",,"4","[]","[]","[]"
"1644","NCR11822","geocoded","published",,"Springdale Energy, LLC","SPRNGD","Springdale","Springdale Energy","Springdale Energy","normal",,,,"Springdale","eia_861","[]",,"RF","[""GO"",""GOP""]",,"4","[]","[]","[]"
"1645","NCR11722","geocoded","published",,"Spy Hill Power L.P.","Spy Hill","Spy Hill","Spy Hill Power","Spy Hill Power","normal",,,,"Spy Hill","common_market_name","[]","Northland Power","MRO","[""GO"",""GOP""]","merchant","4","[]","[]","[]"
"1646","NCR11270","geocoded","published",,"St. Joseph Windfarm Inc.","SJ","St. Joseph","St. Joseph Windfarm","St. Joseph Windfarm","normal",,,,"St. Joseph Wind","common_market_name","[]","Pattern Energy","MRO","[""GO"",""GOP""]","merchant","4","[]","[]","[]"
"1647","NCR11269","geocoded","published",,"St. Leon Wind Energy LP","St. Leon","St. Leon","St. Leon Wind Energy","St. Leon Wind Energy","normal",,,,"St. Leon Wind","common_market_name","[]","Algonquin Power","MRO","[""GO"",""GOP""]","merchant","4","[]","[]","[]"
"1648","NCR10224","geocoded","published",,"Stanton Wind Energy, LLC","Stanton","Stanton","Stanton Wind Energy","Stanton Wind Energy","normal",,,,"Stanton","name_initialism","[]",,"Texas RE","[""GO"",""GOP""]",,"4","[]","[]","[]"
"1649","NCR12028","geocoded","published",,"Steamboat  Hills, LLC","STMBT","Steamboat","Steamboat Hills","Steamboat Hills, LLC","normal",,,,"Steamboat Hills","common_market_name","[]",,"WECC","[""GO"",""GOP""]",,"4","[]","[]","[]"
"1650","NCR11507","geocoded","published",,"Stephens Ranch Wind Energy","Stephens","Stephens","Stephens Ranch Wind","Stephens Ranch Wind Energy","normal",,,,"Stephens Ranch","common_market_name","[]",,"Texas RE","[""GO"",""GOP""]",,"4","[]","[]","[]"
"1651","NCR10373","geocoded","published",,"Sterling Power Partners","Sterling","Sterling","Sterling Power Partners","Sterling Power Partners","normal",,,,"Sterling","common_market_name","[]",,"NPCC","[""GO"",""GOP""]","merchant","4","[]","[]","[]"
"1652","NCR11408","geocoded","published",,"Stony Creek Energy LLC","STONCREE","Stony Creek","Stony Creek Energy","Stony Creek Energy","normal",,,,"Stony Creek","common_market_name","[]","Invenergy LLC","NPCC","[""GO"",""GOP""]","merchant","4","[]","[]","[]"
"1653","NCR04127","geocoded","published",,"STP Nuclear Operating Company","STP","STP","STP Nuclear Operating","South Texas Project Nuclear Operating Company","major",,,,"STPNOC","official_website","[]",,"Texas RE","[""GO"",""GOP""]",,"4","[]","[]","[]"
"1654","NCR12425","geocoded","published",,"Strauss Wind, LLC","Strauss","Strauss","Strauss Wind","Strauss Wind, LLC","normal",,,,"Strauss Wind","common_market_name","[]",,"WECC","[""GO"",""GOP""]",,"4","[]","[]","[]"
"1655","NCR12007","geocoded","published",,"SunEnergy1","SNNRGY","SunEnergy1","SunEnergy1","SunEnergy1","normal",,,,"SunEnergy1","official_website","[]",,"SERC","[""GO"",""GOP""]",,"4","[]","[]","[]"
"1656","NCR13302","geocoded","published",,"Sunnybrook Farm Solar, LLC","SNNYBR","Sunnybrook","Sunnybrook Farm Solar","Sunnybrook Farm Solar","normal",,,,"Sunnybrook","eia_861","[]",,"SERC","[""GO"",""GOP""]",,"4","[]","[]","[]"
"1657","NCR05413","geocoded","published",,"Sunnyside Cogeneration Associates - GO","SNNYSD","Sunnyside","Sunnyside Cogen","Sunnyside Cogeneration Associates","normal",,,,"Sunnyside Cogen","common_market_name","[]",,"WECC","[""GO"",""GOP""]",,"4","[]","[]","[]"
"1658","NCR11471","geocoded","published",,"Sunrise Power Company, LLC","Sunrise","Sunrise","Sunrise Power","Sunrise Power Company, LLC","normal",,,,"Sunrise Power","common_market_name","[]",,"WECC","[""GO"",""GOP""]",,"4","[]","[]","[]"
"1659","NCR00889","geocoded","published",,"Susquehanna Nuclear, LLC","SSQHNN","Susquehanna","Susquehanna Nuclear","Susquehanna Steam Electric Station","major",,,,"Susquehanna","official_website","[]",,"RF","[""GO"",""GOP""]",,"4","[]","[]","[]"
"1660","NCR10183","geocoded","published",,"Sweeny Cogeneration LLC","Sweeny","Sweeny","Sweeny Cogeneration","Sweeny Cogeneration","normal",,,,"Sweeny Cogen","name_initialism","[]",,"Texas RE","[""GO"",""GOP""]",,"4","[]","[]","[]"
"1661","NCR12381","geocoded","published",,"Sweetland Wind Farm, LLC","SWTLND","Sweetland","Sweetland Wind Farm","Sweetland Wind Farm","normal",,,,"Sweetland Wind","common_market_name","[]","Scout Clean Energy","MRO","[""GO"",""GOP""]","merchant","4","[]","[]","[]"
"1662","NCR04132","geocoded","published",,"Sweetwater Wind 2, LLC","SW2","SW2","Sweetwater Wind 2","Sweetwater Wind 2","normal",,,,"SW2","name_initialism","[]",,"Texas RE","[""GO"",""GOP""]",,"4","[]","[]","[]"
"1663","NCR04133","geocoded","published",,"Sweetwater Wind 3 LLC","SW3","SW3","Sweetwater Wind 3","Sweetwater Wind 3","normal",,,,"SW3","name_initialism","[]",,"Texas RE","[""GO"",""GOP""]",,"4","[]","[]","[]"
"1664","NCR04135","geocoded","published",,"Sweetwater Wind 4 LLC","SW4","SW4","Sweetwater Wind 4","Sweetwater Wind 4","normal",,,,"SW4","name_initialism","[]",,"Texas RE","[""GO"",""GOP""]",,"4","[]","[]","[]"
"1665","NCR02715","geocoded","published",,"Sweetwater Wind 5, LLC","SW5","SW5","Sweetwater Wind 5","Sweetwater Wind 5","normal",,,,"SW5","name_initialism","[]",,"Texas RE","[""GO"",""GOP""]",,"4","[]","[]","[]"
"1666","NCR05029","geocoded","published",,"SWG Arapahoe, LLC","SA","SWG Arapahoe","SWG Arapahoe","SWG Arapahoe, LLC","normal",,,,"SWG Arapahoe","name_initialism","[]",,"WECC","[""GO"",""GOP""]",,"4","[]","[]","[]"
"1667","NCR00925","geocoded","published",,"T.E.S. Filer City Station Limited Partnership","FC","Filer City","TES Filer City","TES Filer City Station","normal",,,,"TES Filer City","name_initialism","[]",,"RF","[""GO"",""GOP""]",,"4","[]","[]","[]"
"1668","NCR13117","geocoded","published",,"TAG","TAG","TAG","TAG","TAG","normal",,,,"TAG","common_market_name","[]",,"WECC","[""GO"",""GOP""]",,"4","[]","[]","[]"
"1669","NCR11891","geocoded","published",,"Tahoka Wind, LLC","Tahoka","Tahoka","Tahoka Wind","Tahoka Wind","normal",,,,"Tahoka Wind","common_market_name","[]",,"Texas RE","[""GO"",""GOP""]",,"4","[]","[]","[]"
"1670","NCR11844","geocoded","published",,"Tait Electric Generating Station, LLC","Tait","Tait","Tait Electric Generating Station","Tait Electric Generating Station","normal",,,,"Tait","eia_861","[]",,"RF","[""GO"",""GOP""]",,"4","[]","[]","[]"
"1671","NCR05329","geocoded","published",,"Talen Montana, LLC","Talen MT","Talen MT","Talen Montana","Talen Montana, LLC","normal",,,,"Talen MT","name_initialism","[]",,"WECC","[""GO"",""GOP""]",,"4","[]","[]","[]"
"1672","NCR13233","geocoded","published",,"Tanzanite Energy Storage LLC","TNZNT","Tanzanite","Tanzanite Energy Storage","Tanzanite Energy Storage","normal",,,,"Tanzanite","common_market_name","[]",,"Texas RE","[""GO"",""GOP""]",,"4","[]","[]","[]"
"1673","NCR12019","geocoded","published",,"Tejas Power Generation, LLC","Tejas","Tejas","Tejas Power Generation","Tejas Power Generation","normal",,,,"Tejas Power","name_initialism","[]",,"Texas RE","[""GO"",""GOP""]",,"4","[]","[]","[]"
"1674","NCR05420","geocoded","published",,"Termoelectrica de Mexicali, S. de R.L. de C.V.","TDM","TDM","Termoelectrica de Mexicali","Termoelectrica de Mexicali, S. de R.L. de C.V.","normal",,,,"TDM","common_market_name","[]",,"WECC","[""GO"",""GOP""]",,"4","[]","[]","[]"
"1675","NCR05043","geocoded","published",,"Terra-Gen Dixie Valley, LLC","DV","Dixie Valley","Terra-Gen Dixie Valley","Terra-Gen Dixie Valley, LLC","normal",,,,"Dixie Valley","common_market_name","[]",,"WECC","[""GO"",""GOP""]",,"4","[]","[]","[]"
"1676","NCR13428","geocoded","published",,"TerraForm Power Operating, LLC","TRRFRM","TerraForm","TerraForm Power","TerraForm Power Operating","major",,,,"TerraForm","official_website","[]","Brookfield Renewable","NPCC","[""GO"",""GOP""]","other","4","[]","[]","[]"
"1677","NCR11116","geocoded","published",,"Texas Medical Center Central Heating and Cooling Services Corp","TMC","TMC","Texas Medical Center CHC","Texas Medical Center Central Heating and Cooling","normal",,,,"TMC","official_website","[]",,"Texas RE","[""GO"",""GOP""]",,"4","[]","[]","[]"
"1678","NCR12283","geocoded","published",,"TG East Wind Project, LLC","TG East","TG East","TG East Wind","TG East Wind Project","normal",,,,"TG East","common_market_name","[]",,"Texas RE","[""GO"",""GOP""]",,"4","[]","[]","[]"
"1679","NCR12289","geocoded","published",,"Thunderhead Wind Energy, LLC","THNDRH","Thunderhead","Thunderhead Wind Energy","Thunderhead Wind Energy","normal",,,,"Thunderhead","common_market_name","[]","WEC Energy Group","MRO","[""GO"",""GOP""]","merchant","4","[]","[]","[]"
"1680","NCR11014","geocoded","published",,"Tilton Energy, LLC","Tilton","Tilton","Tilton Energy","Tilton Energy","normal",,,,"Tilton Energy","name_initialism","[]",,"SERC","[""GO"",""GOP""]",,"4","[]","[]","[]"
"1681","NCR11129","geocoded","published",,"Tiverton Power LLC","Tiverton","Tiverton","Tiverton Power","Tiverton Power","normal",,,,"Tiverton","common_market_name","[]",,"NPCC","[""GO"",""GOP""]","merchant","4","[]","[]","[]"
"1682","NCR12308","geocoded","published",,"Top of Iowa Wind LLC","TI","Top of Iowa","Top of Iowa Wind","Top of Iowa Wind","normal",,,,"Top of Iowa","common_market_name","[]","Greenvolt Power","MRO","[""GO"",""GOP""]","merchant","4","[]","[]","[]"
"1683","NCR11342","geocoded","published",,"Topaz Solar Farms LLC","Topaz","Topaz","Topaz Solar Farms","Topaz Solar Farms LLC","normal",,,,"Topaz","common_market_name","[]",,"WECC","[""GO"",""GOP""]",,"4","[]","[]","[]"
"1684","NCR13234","geocoded","published",,"TPW Petersburg, LLC","PTRSBR","Petersburg","TPW Petersburg","TPW Petersburg","normal",,,,"TPW Petersburg","common_market_name","[]","Elawan Energy","MRO","[""GO"",""GOP""]","merchant","4","[]","[]","[]"
"1685","NCR12419","geocoded","published",,"TransAlta Holdings U.S. Inc.","TRNSLT","TransAlta","TransAlta U.S.","TransAlta U.S.","major",,,,"TransAlta US","official_website","[]","TransAlta","MRO","[""GO"",""GOP""]","merchant","4","[]","[]","[]"
"1686","NCR11457","geocoded","published",,"TransAlta Wyoming Wind LLC","TWW","TransAlta WY","TransAlta Wyoming Wind","TransAlta Wyoming Wind LLC","normal","parent_project","eia_861","https://www.interconnection.fyi/eia/project/56093","TransAlta WY Wind","name_initialism","[]",,"WECC","[""GO"",""GOP""]",,"4","[]","[]","[]"
"1687","NCR12359","geocoded","published",,"Trent Wind Farm, LLC","Trent","Trent","Trent Wind Farm","Trent Wind Farm","normal",,,,"Trent Wind","common_market_name","[]",,"Texas RE","[""GO"",""GOP""]",,"4","[]","[]","[]"
"1688","NCR12220","geocoded","published",,"Tres City Power, LLC","TC","Tres City","Tres City Power","Tres City Power","normal",,,,"Tres City","common_market_name","[]",,"Texas RE","[""GO"",""GOP""]",,"4","[]","[]","[]"
"1689","NCR12221","geocoded","published",,"Tres Port Power, LLC","TP","Tres Port","Tres Port Power","Tres Port Power","normal",,,,"Tres Port","common_market_name","[]",,"Texas RE","[""GO"",""GOP""]",,"4","[]","[]","[]"
"1690","NCR05431","geocoded","published",,"Tri-Dam Project of the Oakdale and South San Joaquin Irrigation Districts","Tri-Dam","Tri-Dam","Tri-Dam","Tri-Dam Project of the Oakdale and South San Joaquin Irrigation Districts","normal",,,,"Tri-Dam","common_market_name","[]",,"WECC","[""GO"",""GOP""]",,"4","[]","[]","[]"
"1691","NCR12048","geocoded","published",,"Triple H Wind Project, LLC","Triple H","Triple H","Triple H Wind","Triple H Wind Project","normal",,,,"Triple H","common_market_name","[]","ENGIE North America","MRO","[""GO"",""GOP""]","merchant","4","[]","[]","[]"
"1692","NCR11759","geocoded","published",,"Troy Energy, LLC","Troy","Troy","Troy Energy","Troy Energy","normal",,,,"Troy Energy","eia_861","[]",,"RF","[""GO"",""GOP""]",,"4","[]","[]","[]"
"1693","NCR12488","geocoded","published",,"Tumbleweed Energy Storage, LLC","TMBLWD","Tumbleweed","Tumbleweed Energy Storage","Tumbleweed Energy Storage, LLC","normal",,,,"Tumbleweed","common_market_name","[]",,"WECC","[""GO"",""GOP""]",,"4","[]","[]","[]"
"1694","NCR10277","geocoded","published",,"Turkey Track Wind Energy Center","TT","Turkey Track","Turkey Track Wind","Turkey Track Wind Energy Center","normal",,,,"Turkey Track","common_market_name","[]",,"Texas RE","[""GO"",""GOP""]",,"4","[]","[]","[]"
"1695","NCR12534","geocoded","published",,"Twin Lakes Solar LLC","TL","Twin Lakes","Twin Lakes Solar","Twin Lakes Solar","normal",,,,"Twin Lakes Solar","eia_861","[]",,"RF","[""GO"",""GOP""]",,"4","[]","[]","[]"
"1696","NCR11280","geocoded","published",,"Twin Ridges Wind Farm","TR","Twin Ridges","Twin Ridges Wind Farm","Twin Ridges Wind Farm","normal",,,,"Twin Ridges","eia_861","[]",,"RF","[""GO"",""GOP""]",,"4","[]","[]","[]"
"1697","NCR11495","geocoded","published",,"TX Hereford Wind, LLC","Hereford","Hereford","Hereford Wind","Hereford Wind","normal",,,,"Hereford Wind","common_market_name","[]",,"Texas RE","[""GO"",""GOP""]",,"4","[]","[]","[]"
"1698","NCR11519","geocoded","published",,"TX Jumbo Road Wind, LLC","JR","Jumbo Road","Jumbo Road Wind","Jumbo Road Wind","normal",,,,"Jumbo Road","common_market_name","[]",,"Texas RE","[""GO"",""GOP""]",,"4","[]","[]","[]"
"1699","NCR13035","geocoded","published",,"Unbridled Solar LLC","NBRDLD","Unbridled","Unbridled Solar","Unbridled Solar","normal",,,,"Unbridled","name_initialism","[]",,"SERC","[""GO"",""GOP""]",,"4","[]","[]","[]"
"1700","NCR11880","geocoded","published",,"Upstream Wind Energy, LLC","Upstream","Upstream","Upstream Wind Energy","Upstream Wind Energy","normal",,,,"Upstream","common_market_name","[]","WEC Energy Group","MRO","[""GO"",""GOP""]","merchant","4","[]","[]","[]"
"1701","NCR05540","geocoded","published",,"USACE - Walla Walla District","UWW","USACE Walla","USACE - Walla Walla District","USACE - Walla Walla District","normal","alias_code","official_website","https://www.nww.usace.army.mil/Contact/","USACE Walla Walla","name_initialism","[]",,"WECC","[""GO"",""GOP""]",,"4","[]","[]","[]"
"1702","NCR05446","geocoded","published",,"Utah Municipal Power Agency","UMPA","UMPA","Utah Municipal Power Agency","Utah Municipal Power Agency","major",,,,"UMPA","official_website","[]",,"WECC","[""GO"",""GOP""]",,"4","[]","[]","[]"
"1703","NCR10216","geocoded","published",,"Valencia Power, LLC","Valencia","Valencia","Valencia Power","Valencia Power, LLC","normal",,,,"Valencia","common_market_name","[]",,"WECC","[""GO"",""GOP""]",,"4","[]","[]","[]"
"1704","NCR00078","geocoded","published",,"Vandolah Power Company, LLC","Vandolah","Vandolah","Vandolah Power","Vandolah Power Company","normal",,,,"Vandolah","name_initialism","[]",,"SERC","[""GO"",""GOP""]",,"4","[]","[]","[]"
"1705","NCR11078","geocoded","published",,"Vantage Wind Energy LLC","Vantage","Vantage","Vantage Wind Energy","Vantage Wind Energy LLC","normal",,,,"Vantage","common_market_name","[]",,"WECC","[""GO"",""GOP""]",,"4","[]","[]","[]"
"1706","NCR11917","geocoded","published",,"Vermillion Power, L.L.C.","VRMLLN","Vermillion","Vermillion Power","Vermillion Power","normal",,,,"Vermillion","eia_861","[]",,"RF","[""GO"",""GOP""]",,"4","[]","[]","[]"
"1707","NCR07227","geocoded","published",,"Vermont Public Power Supply Authority","VPPSA","VPPSA","Vermont Public Power Supply Authority","Vermont Public Power Supply Authority","normal",,,,"VPPSA","official_website","[]",,"NPCC","[""GO"",""GOP""]","municipal","4","[]","[]","[]"
"1708","NCR12328","geocoded","published",,"VESI Upton County BESS, LLC","VESI","VESI","VESI Upton County BESS","VESI Upton County BESS","normal",,,,"VESI Upton","name_initialism","[]",,"Texas RE","[""GO"",""GOP""]",,"4","[]","[]","[]"
"1709","NCR11905","geocoded","published",,"Voyager II","VI","Voyager II","Voyager II","Voyager II","normal",,,,"Voyager II","common_market_name","[]",,"WECC","[""GO"",""GOP""]",,"4","[]","[]","[]"
"1710","NCR11989","geocoded","published",,"Voyager Wind I, LLC","VI","Voyager I","Voyager Wind I","Voyager Wind I, LLC","normal",,,,"Voyager I","common_market_name","[]",,"WECC","[""GO"",""GOP""]",,"4","[]","[]","[]"
"1711","NCR11876","geocoded","published",,"Walleye Power, LLC","Walleye","Walleye","Walleye Power","Walleye Power","normal",,,,"Walleye","eia_861","[]",,"RF","[""GO"",""GOP""]",,"4","[]","[]","[]"
"1712","NCR11890","geocoded","published",,"Walnut Ridge Wind, LLC","WALNRIDG","Walnut Ridge","Walnut Ridge Wind","Walnut Ridge Wind","normal",,,,"Walnut Ridge","eia_861","[]",,"RF","[""GO"",""GOP""]",,"4","[]","[]","[]"
"1713","NCR01314","geocoded","published",,"Walton Bainbridge Power Facility","BNBRDG","Bainbridge","Walton Bainbridge Power","Walton Bainbridge Power Facility","normal",,,,"Walton Bainbridge","name_initialism","[]",,"SERC","[""GO"",""GOP""]",,"4","[]","[]","[]"
"1714","NCR01313","geocoded","published",,"Walton Discover Power Facility","Discover","Discover","Walton Discover Power","Walton Discover Power Facility","normal",,,,"Walton Discover","name_initialism","[]",,"SERC","[""GO"",""GOP""]",,"4","[]","[]","[]"
"1715","NCR11599","geocoded","published",,"Washington County Power, LLC","Wash Co","Wash Co","Washington County Power","Washington County Power","normal",,,,"Wash Co Power","name_initialism","[]",,"SERC","[""GO"",""GOP""]",,"4","[]","[]","[]"
"1716","NCR10339","geocoded","published",,"Waterbury Generation, LLC","WTRBRY","Waterbury","Waterbury Generation","Waterbury Generation","normal",,,,"Waterbury Generation","common_market_name","[]","Hull Street Energy LLC","NPCC","[""GO"",""GOP""]","merchant","4","[]","[]","[]"
"1717","NCR13114","geocoded","published",,"Waterford Power LLC","WTRFRD","Waterford","Waterford Power","Waterford Power","normal",,,,"Waterford","eia_861","[]",,"RF","[""GO"",""GOP""]",,"4","[]","[]","[]"
"1718","NCR10374","geocoded","published",,"Waterside Power, LLC","WTRSD","Waterside","Waterside Power","Waterside Power","normal",,,,"Waterside Power","common_market_name","[]",,"NPCC","[""GO"",""GOP""]","merchant","4","[]","[]","[]"
"1719","NCR05454","geocoded","published",,"Watson Cogeneration Company","WC","Watson Cogen","Watson Cogeneration Company","Watson Cogeneration Company","normal",,,,"Watson Cogen","common_market_name","[]",,"WECC","[""GO"",""GOP""]",,"4","[]","[]","[]"
"1720","NCR13478","geocoded","published",,"Waymart Wind Power, LLC","Waymart","Waymart","Waymart Wind Power","Waymart Wind Power","normal",,,,"Waymart Wind","eia_861","[]",,"RF","[""GO"",""GOP""]",,"4","[]","[]","[]"
"1721","NCR12058","geocoded","published",,"Weaver Wind, LLC","Weaver","Weaver","Weaver Wind","Weaver Wind","normal",,,,"Weaver Wind","common_market_name","[]","Longroad Energy","NPCC","[""GO"",""GOP""]","merchant","4","[]","[]","[]"
"1722","NCR13374","geocoded","published",,"WEB Silver Maple LLC","SM","Silver Maple","WEB Silver Maple","WEB Silver Maple","normal",,,,"Silver Maple","common_market_name","[]","W.E.B Windenergy","NPCC","[""GO"",""GOP""]","merchant","4","[]","[]","[]"
"1723","NCR13357","geocoded","published",,"Western Maine Renewables, LLC","WMR","WMR","Western Maine Renewables","Western Maine Renewables","normal",,,,"WMR","common_market_name","[]","Western Maine Renewables, LLC (Cianbro and Patriot Renewables partnership)","NPCC","[""GO"",""GOP""]","merchant","4","[]","[]","[]"
"1724","NCR11445","geocoded","published",,"Western Power and Steam II LLC","WP&S II","WP&S II","Western Power and Steam II","Western Power and Steam II LLC","normal",,,,"WP&S II","name_initialism","[]",,"WECC","[""GO"",""GOP""]",,"4","[]","[]","[]"
"1725","NCR12353","geocoded","published",,"WGP Redwood Holdings, LLC","WGP-RH","WGP-RH","WGP Redwood Holdings","WGP Redwood Holdings, LLC","normal",,,,"WGP-RH","name_initialism","[]",,"WECC","[""GO"",""GOP""]",,"4","[]","[]","[]"
"1726","NCR12540","geocoded","published",,"White Wing Ranch North, LLC","WN","WWR North","White Wing Ranch North","White Wing Ranch North, LLC","normal",,,,"WWR North","name_initialism","[]",,"WECC","[""GO"",""GOP""]",,"4","[]","[]","[]"
"1727","NCR13303","geocoded","published",,"Whitehorn Solar LLC","WHTHRN","Whitehorn","Whitehorn Solar","Whitehorn Solar","normal",,,,"Whitehorn","name_initialism","[]",,"SERC","[""GO"",""GOP""]",,"4","[]","[]","[]"
"1728","NCR00417","geocoded","published",,"Whiting Clean Energy, Inc.","Whiting","Whiting","Whiting Clean Energy","Whiting Clean Energy","normal",,,,"Whiting Clean","eia_861","[]",,"RF","[""GO"",""GOP""]",,"4","[]","[]","[]"
"1729","NCR12474","geocoded","published",,"Wild Springs Solar, LLC","WS","Wild Springs","Wild Springs Solar","Wild Springs Solar","normal",,,,"Wild Springs","common_market_name","[]","National Grid Renewables","MRO","[""GO"",""GOP""]","merchant","4","[]","[]","[]"
"1730","NCR12116","geocoded","published",,"Wind Wall 1 LLC","WW1","Wind Wall 1","Wind Wall 1","Wind Wall 1 LLC","normal",,,,"Wind Wall 1","common_market_name","[]",,"WECC","[""GO"",""GOP""]",,"4","[]","[]","[]"
"1731","NCR13362","geocoded","published",,"Windthorst-2, LLC","WNDTHR","Windthorst","Windthorst-2","Windthorst-2","normal",,,,"Windthorst-2","common_market_name","[]",,"Texas RE","[""GO"",""GOP""]",,"4","[]","[]","[]"
"1732","NCR10350","geocoded","published",,"Windy Flats Partners, LLC","WF","Windy Flats","Windy Flats Partners","Windy Flats Partners, LLC","normal",,,,"Windy Flats","common_market_name","[]",,"WECC","[""GO"",""GOP""]",,"4","[]","[]","[]"
"1733","NCR00951","geocoded","published",,"Wisconsin Electric Power Company","WE","We Energies","We Energies","We Energies","major",,,,"We Energies","official_website","[]","WEC Energy Group","MRO","[""GO"",""GOP""]","IOU","4","[]","[]","[]"
"1734","NCR00952","geocoded","published",,"Wisconsin Public Service Corporation","WPS","WPS","Wisconsin Public Service","Wisconsin Public Service","major",,,,"WPS","official_website","[]","WEC Energy Group","MRO","[""GO"",""GOP""]","IOU","4","[]","[]","[]"
"1735","NCR11865","geocoded","published",,"Wolf Hollow I Power, LLC","WH","Wolf Hollow","Wolf Hollow I Power","Wolf Hollow I Power","normal",,,,"Wolf Hollow I","common_market_name","[]",,"Texas RE","[""GO"",""GOP""]",,"4","[]","[]","[]"
"1736","NCR13432","geocoded","published",,"Wolfskin Solar, LLC","Wolfskin","Wolfskin","Wolfskin Solar","Wolfskin Solar","normal",,,,"Wolfskin","name_initialism","[]",,"SERC","[""GO"",""GOP""]",,"4","[]","[]","[]"
"1737","NCR10047","geocoded","published",,"Woodland Biomass Power LLC","WB","Woodland Bio","Woodland Biomass Power","Woodland Biomass Power LLC","normal","meaningful_name","official_website","https://dtevantage.com/project/woodland/","Woodland Biomass","common_market_name","[]",,"WECC","[""GO"",""GOP""]",,"4","[]","[]","[]"
"1738","NCR11845","geocoded","published",,"Yankee Street, LLC","YS","Yankee St","Yankee Street","Yankee Street","normal",,,,"Yankee Street","eia_861","[]",,"RF","[""GO"",""GOP""]",,"4","[]","[]","[]"
"1739","NCR12093","geocoded","published",,"Yards Creek Energy LLC","YC","Yards Creek","Yards Creek Energy","Yards Creek Energy","normal",,,,"Yards Creek","eia_861","[]",,"RF","[""GO"",""GOP""]",,"4","[]","[]","[]"
"1740","NCR12326","geocoded","published",,"Yellowbud Solar, LLC","YLLWBD","Yellowbud","Yellowbud Solar","Yellowbud Solar","normal",,,,"Yellowbud","eia_861","[]",,"RF","[""GO"",""GOP""]",,"4","[]","[]","[]"
"1741","NCR11428","geocoded","published",,"Yuba County Water Agency","YCWA","YCWA","Yuba County Water Agency","Yuba County Water Agency","major",,,,"YCWA","official_website","[]",,"WECC","[""GO"",""GOP""]",,"4","[]","[]","[]"
"1742","NCR13134","geocoded","published",,"Yuma Solar Energy LLC","YS","Yuma Solar","Yuma Solar Energy","Yuma Solar Energy LLC","normal",,,,"Yuma Solar","common_market_name","[]",,"WECC","[""GO"",""GOP""]",,"4","[]","[]","[]"
"1743","NCR13535","geocoded","published",,"Zephyr Wind, LLC","Zephyr","Zephyr","Zephyr Wind","Zephyr Wind","normal",,,,"Zephyr","common_market_name","[]","Greenbacker Capital","MRO","[""GO"",""GOP""]","merchant","4","[]","[]","[]"
"1744","NCR00689","geocoded","published",,"Baltimore Gas and Electric Company","BGE","BGE","Baltimore Gas and Electric","Baltimore Gas and Electric","major",,,,"BGE","common_market_name","[]","Exelon Corporation","RF","[""DP"",""TO""]","IOU","3","[]","[]","[]"
"1745","NCR07034","geocoded","published",,"Bozrah Light and Power Company","BL&P","BL&P","Bozrah Light and Power","Bozrah Light and Power","normal",,,,"BL&P","official_website","[]","Groton Utilities","NPCC","[""TO"",""DP""]","municipal","3","[]","[]","[]"
"1746","NCR01191","geocoded","published",,"Central Electric Power Cooperative Inc","CEPCI","CEPCI","Central Electric Power Cooperative","Central Electric Power Cooperative","normal",,,,"CEPCI","official_website","[]",,"SERC","[""DP"",""TO""]",,"3","[]","[]","[]"
"1747","NCR00065","geocoded","published",,"Central Florida Tourism Oversight District","CFTOD","CFTOD","Central Florida Tourism Oversight District","Central Florida Tourism Oversight District","normal",,,,"CFTOD","official_website","[]",,"SERC","[""DP"",""RP""]",,"3","[]","[]","[]"
"1748","NCR11734","geocoded","published",,"Central Power Electric Cooperative, Inc.","CPEC","CPEC","Central Power Electric Cooperative","Central Power Electric Cooperative","normal",,,,"Central Power","official_website","[]",,"MRO","[""TO"",""DP""]","cooperative","3","[]","[]","[]"
"1749","NCR07031","geocoded","published",,"Chicopee Municipal Lighting Plant","CEL","CEL","Chicopee Electric Light","Chicopee Electric Light","normal",,,,"CEL","official_website","[]",,"NPCC","[""DP"",""TO""]","municipal","3","[]","[]","[]"
"1750","NCR05067","geocoded","published",,"City of Anaheim","Anaheim","Anaheim","Anaheim Public Utilities","Anaheim Public Utilities","normal",,,,"Anaheim","official_website","[]",,"WECC","[""DP"",""RP""]",,"3","[]","[]","[]"
"1751","NCR05072","geocoded","published",,"City of Burbank","BWP","BWP","Burbank Water and Power","Burbank Water and Power","normal",,,,"BWP","official_website","[]",,"WECC","[""DP"",""RP""]",,"3","[]","[]","[]"
"1752","NCR01199","geocoded","published",,"City of Dalton d/b/a Dalton Utilities","Dalton","Dalton","Dalton Utilities","Dalton Utilities","normal",,,,"Dalton Utilities","official_website","[]",,"SERC","[""DP"",""TO""]",,"3","[]","[]","[]"
"1753","NCR05094","geocoded","published",,"City of Roseville","RSVLL","Roseville","Roseville Electric","Roseville Electric","normal",,,,"Roseville Electric","official_website","[]",,"WECC","[""DP"",""RP""]",,"3","[]","[]","[]"
"1754","NCR11151","geocoded","published",,"Coffeyville Municipal Light & Power","CMLP","CMLP","Coffeyville Municipal Light & Power","Coffeyville Municipal Light & Power","normal",,,,"CMLP","official_website","[]",,"MRO","[""DP"",""TO""]","municipal","3","[]","[]","[]"
"1755","NCR00752","geocoded","published",,"Delmarva Power & Light Company","DPL","DPL","Delmarva Power","Delmarva Power","major",,,,"DPL","common_market_name","[]",,"RF","[""DP"",""TO""]",,"3","[]","[]","[]"
"1756","NCR00762","geocoded","published",,"Duquesne Light Company","DLC","DLC","Duquesne Light","Duquesne Light","major",,,,"DLC","state_puc","[]",,"RF","[""DP"",""TO""]",,"3","[]","[]","[]"
"1757","NCR11733","geocoded","published",,"East River Electric Power Cooperative, Inc","ER","East River","East River Electric Power Cooperative","East River Electric Power Cooperative","normal",,,,"East River","official_website","[]",,"MRO","[""TO"",""DP""]","cooperative","3","[]","[]","[]"
"1758","NCR07086","geocoded","published",,"Fitchburg Gas and Electric Light Company","Unitil","Unitil","Unitil Fitchburg","Unitil Fitchburg Gas and Electric","major",,,,"Unitil","official_website","[]","Unitil Corporation","NPCC","[""DP"",""TO""]","IOU","3","[]","[]","[]"
"1759","NCR10262","geocoded","published",,"Floresville Electric Light & Power System","FELPS","FELPS","Floresville Electric Light & Power","Floresville Electric Light and Power System","normal",,,,"FELPS","official_website","[]",,"Texas RE","[""TO"",""DP""]",,"3","[]","[]","[]"
"1760","NCR00021","geocoded","published",,"Florida Keys Electric Cooperative Assn","FKEC","FKEC","Florida Keys Electric Cooperative","Florida Keys Electric Cooperative","normal",,,,"FKEC","name_initialism","[]",,"SERC","[""DP"",""RP""]",,"3","[]","[]","[]"
"1761","NCR00025","geocoded","published",,"Florida Public Utilities Company","FPU","FPU","Florida Public Utilities","Florida Public Utilities","normal",,,,"FPU","name_initialism","[]",,"SERC","[""DP"",""TO""]",,"3","[]","[]","[]"
"1762","NCR00027","geocoded","published",,"Fort Pierce Utilities Authority","FPUA","FPUA","Fort Pierce Utilities","Fort Pierce Utilities Authority","normal",,,,"FPUA","common_market_name","[]",,"SERC","[""DP"",""TO""]",,"3","[]","[]","[]"
"1763","NCR04076","geocoded","published",,"GEUS","GEUS","GEUS","Greenville Electric Utility System","Greenville Electric Utility System","normal",,,,"GEUS","official_website","[]",,"Texas RE","[""GO"",""DP""]",,"3","[]","[]","[]"
"1764","NCR07035","geocoded","published",,"Groton Utilities","Groton","Groton","Groton Utilities","Groton Utilities","normal",,,,"Groton Utilities","official_website","[]",,"NPCC","[""TO"",""DP""]","municipal","3","[]","[]","[]"
"1765","NCR07107","geocoded","published",,"Hudson Light and Power Department","Hudson","Hudson","Hudson Light and Power","Hudson Light and Power","normal",,,,"Hudson Light","official_website","[]",,"NPCC","[""TO"",""DP""]","municipal","3","[]","[]","[]"
"1766","NCR05507","geocoded","published",,"La Plata Electric Association, Inc.","LPEA","LPEA","La Plata Electric Association","La Plata Electric Association","normal",,,,"LPEA","official_website","[]",,"WECC","[""DP"",""TO""]",,"3","[]","[]","[]"
"1767","NCR00822","geocoded","published",,"Michigan Public Power Agency","MPPA","MPPA","Michigan Public Power Agency","Michigan Public Power Agency","normal",,,,"MPPA","common_market_name","[]",,"RF","[""DP"",""RP""]",,"3","[]","[]","[]"
"1768","NCR10251","geocoded","published",,"Middleborough Gas and Electric Department","MGED","MGED","Middleborough Gas and Electric","Middleborough Gas and Electric Department","normal",,,,"MGED","name_initialism","[]",,"NPCC","[""TO"",""DP""]","municipal","3","[]","[]","[]"
"1769","NCR01016","geocoded","published",,"Moorhead Public Service","Moorhead","Moorhead","Moorhead Public Service","Moorhead Public Service","normal",,,,"Moorhead","official_website","[]",,"MRO","[""DP"",""TO""]","municipal","3","[]","[]","[]"
"1770","NCR11740","geocoded","published",,"Mountrail-Williams Electric Cooperative","MWEC","MWEC","Mountrail-Williams Electric Cooperative","Mountrail-Williams Electric Cooperative","normal",,,,"MWEC","official_website","[]",,"MRO","[""DP"",""TO""]","cooperative","3","[]","[]","[]"
"1771","NCR11016","geocoded","published",,"Northeast Louisiana Power Cooperative Inc.","NELPCO","NELPCO","Northeast Louisiana Power Cooperative","Northeast Louisiana Power Cooperative","normal",,,,"NELPCO","official_website","[]",,"SERC","[""DP"",""TO""]",,"3","[]","[]","[]"
"1772","NCR01124","geocoded","published",,"Northeast Texas Electric Cooperative, Inc","NTEC","NTEC","Northeast Texas Electric Cooperative","Northeast Texas Electric Cooperative","normal",,,,"NTEC","official_website","[]",,"MRO","[""DP"",""RP""]","cooperative","3","[]","[]","[]"
"1773","NCR11741","geocoded","published",,"Northwest Iowa Power Cooperative","NIPCO","NIPCO","Northwest Iowa Power Cooperative","Northwest Iowa Power Cooperative","normal",,,,"NIPCO","official_website","[]","Basin Electric Power Cooperative","MRO","[""DP"",""TO""]","cooperative","3","[]","[]","[]"
"1774","NCR07038","geocoded","published",,"Norwich Public Utilities","NPU","NPU","Norwich Public Utilities","Norwich Public Utilities","normal",,,,"NPU","official_website","[]",,"NPCC","[""TO"",""DP""]","municipal","3","[]","[]","[]"
"1775","NCR00415","geocoded","published",,"Norwood Municipal Light Department","Norwood","Norwood","Norwood Municipal Light","Norwood Municipal Light Department","normal",,,,"Norwood Light","official_website","[]",,"NPCC","[""DP"",""TO""]","municipal","3","[]","[]","[]"
"1776","NCR08026","geocoded","published",,"PECO Energy Company","PECO","PECO","PECO Energy","PECO Energy","major",,,,"PECO","official_website","[]",,"RF","[""DP"",""TO""]",,"3","[]","[]","[]"
"1777","NCR00881","geocoded","published",,"Potomac Electric Power Company","Pepco","Pepco","Potomac Electric Power","Potomac Electric Power Company","major",,,,"Pepco","common_market_name","[]",,"RF","[""DP"",""TO""]",,"3","[]","[]","[]"
"1778","NCR11745","geocoded","published",,"Powder River Energy Corporation","PRECorp","PRECorp","Powder River Energy","Powder River Energy Corporation","normal",,,,"PRECorp","official_website","[]",,"WECC","[""DP"",""TO""]",,"3","[]","[]","[]"
"1779","NCR00884","geocoded","published",,"PPL Electric Utilities Corporation","PPL","PPL","PPL Electric Utilities","PPL Electric Utilities","major",,,,"PPL EU","official_website","[]",,"RF","[""DP"",""TO""]",,"3","[]","[]","[]"
"1780","NCR05286","geocoded","published",,"Public Utility District No. 1 of Okanogan County","OP","Okanogan PUD","Okanogan County PUD","Okanogan County PUD No. 1","normal",,,,"Okanogan PUD","official_website","[]",,"WECC","[""DP"",""TO""]",,"3","[]","[]","[]"
"1781","NCR07207","geocoded","published",,"Rochester Gas and Electric","RG&E","RG&E","Rochester Gas and Electric","Rochester Gas and Electric","major",,,,"RG&E","official_website","[]","Avangrid","NPCC","[""DP"",""TO""]","IOU","3","[]","[]","[]"
"1782","NCR11743","geocoded","published",,"Roughrider Electric Cooperative, Inc","RGHRDR","Roughrider","Roughrider Electric Cooperative","Roughrider Electric Cooperative","normal",,,,"Roughrider Electric","official_website","[]",,"MRO","[""DP"",""TO""]","cooperative","3","[]","[]","[]"
"1783","NCR10252","geocoded","published",,"Shrewsbury Electric and Cable Operations","SELCO","SELCO","Shrewsbury Electric and Cable","Shrewsbury Electric and Cable Operations","normal",,,,"SELCO","official_website","[]",,"NPCC","[""TO"",""DP""]","municipal","3","[]","[]","[]"
"1784","NCR00918","geocoded","published",,"Southern Maryland Electric Cooperative, Inc.","SMECO","SMECO","Southern Maryland Electric Cooperative","Southern Maryland Electric Cooperative","major",,,,"SMECO","official_website","[]",,"RF","[""DP"",""TO""]",,"3","[]","[]","[]"
"1785","NCR07217","geocoded","published",,"The City of Holyoke Gas and Electric Department","HG&E","HG&E","Holyoke Gas and Electric","Holyoke Gas and Electric","normal",,,,"HG&E","common_market_name","[]",,"NPCC","[""DP"",""TO""]","municipal","3","[]","[]","[]"
"1786","NCR00748","geocoded","published",,"The Dayton Power and Light Company d/b/a AES Ohio","AES Ohio","AES Ohio","AES Ohio","AES Ohio","major",,,,"AES Ohio","official_website","[]",,"RF","[""DP"",""TO""]",,"3","[]","[]","[]"
"1787","NCR00935","geocoded","published",,"UGI Utilities, Inc.","UGI","UGI","UGI Utilities","UGI Utilities","major",,,,"UGI","official_website","[]",,"RF","[""DP"",""TO""]",,"3","[]","[]","[]"
"1788","NCR11738","geocoded","published",,"Upper Missouri Power Cooperative","UMPC","UMPC","Upper Missouri Power Cooperative","Upper Missouri Power Cooperative","normal",,,,"UMPC","name_initialism","[]",,"MRO","[""TO"",""DP""]","cooperative","3","[]","[]","[]"
"1789","NCR11041","geocoded","published",,"Village of Arcade","Arcade","Arcade","Village of Arcade","Village of Arcade","normal",,,,"Arcade","common_market_name","[]",,"NPCC","[""DP"",""TO""]","municipal","3","[]","[]","[]"
"1790","NCR12278","geocoded","published",,"Carolinas Reserve Sharing Group","CRSG","CRSG","Carolinas Reserve Sharing Group","Carolinas Reserve Sharing Group","normal",,,,"CRSG","nerc_cores","[]",,"SERC","[""RSG""]",,"3","[]","[]","[]"
"1791","NCR03044","geocoded","published",,"MISO-MBHydro Contingency Reserve Sharing Group","MISO-MBH","MISO-MBH","MISO-MBHydro CRSG","MISO-MBHydro Contingency Reserve Sharing Group","normal",,,,"MISO-MBHydro CRSG","name_initialism","[]",,"MRO","[""RSG""]","other","3","[]","[]","[]"
"1792","NCR05281","geocoded","published",,"Northwest Power Pool Reserve Sharing Group","NWPP","NWPP","Northwest Power Pool RSG","Northwest Power Pool Reserve Sharing Group","normal",,,,"NWPP RSG","nerc_cores","[]",,"WECC","[""RSG""]",,"3","[]","[]","[]"
"1793","NCR03043","geocoded","published",,"TEE Contingency Reserve Sharing Group","TEE","TEE","TEE Contingency RSG","TEE Contingency Reserve Sharing Group","normal",,,,"TEE RSG","name_initialism","[]",,"SERC","[""RSG""]",,"3","[]","[]","[]"
"1794","NCR11825","geocoded","published",,"Western Frequency Response Sharing Group","WFRSG","WFRSG","WFRSG","Western Frequency Response Sharing Group","normal",,,,"WFRSG","common_market_name","[]",,"WECC","[""FRSG""]",,"3","[]","[]","[]"
"1795","NCR12413","geocoded","published",,"224WB 8me LLC","224WB","224WB","224WB 8me","224WB 8me","normal",,,,"224WB","name_initialism","[]",,"Texas RE","[""GO""]",,"2","[]","[]","[]"
"1796","NCR12167","geocoded","published",,"225DD 8me LLC","225DD","225DD","225DD 8me","225DD 8me","normal",,,,"225DD","name_initialism","[]",,"Texas RE","[""GO""]",,"2","[]","[]","[]"
"1797","NCR12349","geocoded","published",,"325MK 8me LLC","325MK","325MK","325MK 8me","325MK 8me","normal",,,,"325MK","name_initialism","[]",,"WECC","[""GO""]",,"2","[]","[]","[]"
"1798","NCR13289","geocoded","published",,"41MB 8me, LLC","41MB","41MB","41MB 8me","41MB 8me","normal",,,,"41MB","name_initialism","[]",,"WECC","[""GO""]",,"2","[]","[]","[]"
"1799","NCR11826","geocoded","published",,"54KR 8ME LLC","54KR","54KR","54KR 8ME","54KR 8ME","normal",,,,"54KR","name_initialism","[]",,"WECC","[""GO""]",,"2","[]","[]","[]"
"1800","NCR11634","geocoded","published",,"62SK 8ME LLC","62SK","62SK","62SK 8ME","62SK 8ME","normal",,,,"62SK","name_initialism","[]",,"WECC","[""GO""]",,"2","[]","[]","[]"
"1801","NCR11921","geocoded","published",,"64KT 8ME LLC","64KT","64KT","64KT 8ME","64KT 8ME","normal",,,,"64KT","name_initialism","[]",,"WECC","[""GO""]",,"2","[]","[]","[]"
"1802","NCR12523","geocoded","published",,"68SF 8me, LLC","68SF","68SF","68SF 8me","68SF 8me","normal",,,,"68SF","name_initialism","[]",,"WECC","[""GO""]",,"2","[]","[]","[]"
"1803","NCR12555","geocoded","published",,"7V Solar Ranch, LLC","7V Solar","7V Solar","7V Solar Ranch","7V Solar Ranch","normal",,,,"7V Solar","name_initialism","[]",,"Texas RE","[""GO""]",,"2","[]","[]","[]"
"1804","NCR13323","geocoded","published",,"83WI 8ME LLC","83WI","83WI","83WI 8ME","83WI 8ME","normal",,,,"83WI","name_initialism","[]",,"WECC","[""GO""]",,"2","[]","[]","[]"
"1805","NCR13309","geocoded","published",,"97WI 8ME, LLC","97WI","97WI","97WI 8ME","97WI 8ME","normal",,,,"97WI","name_initialism","[]",,"WECC","[""GO""]",,"2","[]","[]","[]"
"1806","NCR12082","geocoded","published",,"ACT Power Services, LLC","ACT","ACT","ACT Power Services","ACT Power Services","normal",,,,"ACT","official_website","[]",,"NPCC","[""GOP""]","merchant","2","[]","[]","[]"
"1807","NCR13208","geocoded","published",,"Adams East, LLC","AE","Adams East","Adams East Solar","Adams East Solar","normal",,,,"Adams East","common_market_name","[]",,"WECC","[""GO""]",,"2","[]","[]","[]"
"1808","NCR12432","geocoded","published",,"Adams Solar LLC","Adams","Adams","Adams Solar","Adams Solar","normal",,,,"Adams Solar","common_market_name","[]",,"RF","[""GO""]","merchant","2","[]","[]","[]"
"1809","NCR11645","geocoded","published",,"AE Power Services LLC","AEPS","AEPS","AE Power Services","AE Power Services","normal",,,,"AEPS","nerc_cores","[]","BP Wind Energy North America Inc.","MRO","[""GOP""]","merchant","2","[]","[]","[]"
"1810","NCR13330","geocoded","published",,"Airport Solar, LLC","Airport","Airport","Airport Solar","Airport Solar","normal",,,,"Airport Solar","name_initialism","[]",,"WECC","[""GO""]",,"2","[]","[]","[]"
"1811","NCR12516","geocoded","published",,"Al Pastor BESS LLC","AP","Al Pastor","Al Pastor BESS","Al Pastor BESS","normal",,,,"Al Pastor","name_initialism","[]",,"Texas RE","[""GO""]",,"2","[]","[]","[]"
"1812","NCR00959","geocoded","published",,"Alexandria Light & Power","ALP","ALP","Alexandria Light & Power","Alexandria Light and Power","normal",,,,"ALP","official_website","[]",,"MRO","[""TO""]","municipal","2","[]","[]","[]"
"1813","NCR12062","geocoded","published",,"Alliance for Cooperative Energy Services Power Marketing LLC","ACES","ACES","ACES Power Marketing","Alliance for Cooperative Energy Services","normal",,,,"ACES","official_website","[]",,"MRO","[""GOP""]","merchant","2","[]","[]","[]"
"1814","NCR12297","geocoded","published",,"Allora Solar, LLC","Allora","Allora","Allora Solar","Allora Solar","normal",,,,"Allora","name_initialism","[]",,"SERC","[""GO""]",,"2","[]","[]","[]"
"1815","NCR13023","geocoded","published",,"Alton Post Office Solar, LLC","APOS","APOS","Alton Post Office Solar","Alton Post Office Solar","normal",,,,"APOS","name_initialism","[]",,"SERC","[""GO""]",,"2","[]","[]","[]"
"1816","NCR13438","geocoded","published",,"Altona Solar, LLC","Altona","Altona","Altona Solar","Altona Solar","normal",,,,"Altona","name_initialism","[]",,"SERC","[""GO""]",,"2","[]","[]","[]"
"1817","NCR13388","geocoded","published",,"AM Wind Repower LLC","AM Wind","AM Wind","AM Wind Repower","AM Wind Repower","normal",,,,"AM Wind","name_initialism","[]",,"WECC","[""GO""]",,"2","[]","[]","[]"
"1818","NCR13494","geocoded","published",,"Ameresco, Inc.","Ameresco","Ameresco","Ameresco","Ameresco","normal",,,,"Ameresco","official_website","[]",,"WECC","[""GOP""]",,"2","[]","[]","[]"
"1819","NCR13380","geocoded","published",,"American Beech Solar, LLC","Beech","Beech","American Beech Solar","American Beech Solar","normal",,,,"ABS","name_initialism","[]",,"SERC","[""GO""]",,"2","[]","[]","[]"
"1820","NCR13244","geocoded","published",,"American Kings Solar LLC","AKS","AKS","American Kings Solar","American Kings Solar","normal",,,,"AKS","name_initialism","[]",,"WECC","[""GO""]",,"2","[]","[]","[]"
"1821","NCR12461","geocoded","published",,"Anemoi Energy Storage, LLC","Anemoi","Anemoi","Anemoi Energy Storage","Anemoi Energy Storage","normal",,,,"Anemoi","name_initialism","[]",,"Texas RE","[""GO""]",,"2","[]","[]","[]"
"1822","NCR13500","geocoded","published",,"Angiola East, LLC","Angiola","Angiola","Angiola East Solar","Angiola East Solar","normal",,,,"Angela Solar","common_market_name","[]",,"WECC","[""GO""]",,"2","[]","[]","[]"
"1823","NCR13090","geocoded","published",,"Antelope Valley BESS, LLC","AV BESS","AV BESS","Antelope Valley BESS","Antelope Valley BESS","normal",,,,"AV BESS","name_initialism","[]",,"WECC","[""GO""]",,"2","[]","[]","[]"
"1824","NCR13472","geocoded","published",,"AP Solar 2, LLC","AP Solar","AP Solar","AP Solar 2","AP Solar 2","normal",,,,"AP Solar 2","name_initialism","[]",,"Texas RE","[""GO""]",,"2","[]","[]","[]"
"1825","NCR12509","geocoded","published",,"AP Sunray LLC","Sunray","Sunray","AP Sunray","AP Sunray","normal",,,,"AP Sunray","name_initialism","[]",,"Texas RE","[""GO""]",,"2","[]","[]","[]"
"1826","NCR12369","geocoded","published",,"Apex Solar LLC","Apex","Apex","Apex Solar","Apex Solar","normal",,,,"Apex Solar","name_initialism","[]",,"WECC","[""GO""]",,"2","[]","[]","[]"
"1827","NCR12424","geocoded","published",,"Appaloosa Solar I, LLC","PPLS","Appaloosa","Appaloosa Solar I","Appaloosa Solar I","normal",,,,"Appaloosa I","name_initialism","[]",,"WECC","[""GO""]",,"2","[]","[]","[]"
"1828","NCR12456","geocoded","published",,"Arche Energy Project","Arche","Arche","Arche Solar","Arche Solar","normal",,,,"Arche Solar","common_market_name","[]","Lightsource Renewable Energy Asset Management, LLC","RF","[""GO""]","merchant","2","[]","[]","[]"
"1829","NCR13296","geocoded","published",,"Arevon Energy, Inc.","Arevon","Arevon","Arevon Energy","Arevon Energy","normal",,,,"Arevon","official_website","[]",,"SERC","[""GOP""]",,"2","[]","[]","[]"
"1830","NCR12334","geocoded","published",,"Arrow Canyon Solar, LLC","AC","Arrow Canyon","Arrow Canyon Solar","Arrow Canyon Solar","normal",,,,"Arrow Canyon","common_market_name","[]",,"WECC","[""GO""]",,"2","[]","[]","[]"
"1831","NCR12373","geocoded","published",,"Arroyo Energy Storage LLC","Arroyo","Arroyo","Arroyo Energy Storage","Arroyo Energy Storage","normal",,,,"Arroyo BESS","name_initialism","[]",,"WECC","[""GO""]",,"2","[]","[]","[]"
"1832","NCR13079","geocoded","published",,"Ash Creek Solar LLC","AC","Ash Creek","Ash Creek Solar","Ash Creek Solar","normal",,,,"Ash Creek","common_market_name","[]",,"Texas RE","[""GO""]",,"2","[]","[]","[]"
"1833","NCR12565","geocoded","published",,"Aspen Road Solar 1, LLC","AR","Aspen Road","Aspen Road Solar","Aspen Road Solar","normal",,,,"Aspen Road Solar","common_market_name","[]",,"RF","[""GO""]","merchant","2","[]","[]","[]"
"1834","NCR10002","geocoded","published",,"Atlantic Municipal Utilities (Board Of Waterworks & Electric Power Plant Trustees)","AMU","AMU","Atlantic Municipal Utilities","Atlantic Municipal Utilities","normal",,,,"AMU","official_website","[]",,"MRO","[""TO""]","municipal","2","[]","[]","[]"
"1835","NCR13172","geocoded","published",,"Atlas VII, LLC","AV","Atlas VII","Atlas VII Solar","Atlas VII Solar","normal",,,,"Atlas VII","name_initialism","[]",,"WECC","[""GO""]",,"2","[]","[]","[]"
"1836","NCR13038","geocoded","published",,"Atrisco BESS SF LLC","Atrisco","Atrisco","Atrisco BESS","Atrisco BESS","normal",,,,"Atrisco BESS","name_initialism","[]",,"WECC","[""GO""]",,"2","[]","[]","[]"
"1837","NCR13222","geocoded","published",,"Axium Modesto Solar, LLC","Axium","Axium","Axium Modesto Solar","Axium Modesto Solar","normal",,,,"Axium Modesto","name_initialism","[]",,"WECC","[""GO""]",,"2","[]","[]","[]"
"1838","NCR13321","geocoded","published",,"AZ Solar 1, LLC","AZ Solar","AZ Solar","AZ Solar 1","AZ Solar 1","normal",,,,"AZ Solar 1","name_initialism","[]",,"WECC","[""GO""]",,"2","[]","[]","[]"
"1839","NCR13336","geocoded","published",,"Badger Wind, LLC","Badger","Badger","Badger Wind","Badger Wind","normal",,,,"Badger","name_initialism","[]","Ørsted Onshore North America LLC","MRO","[""GO""]","merchant","2","[]","[]","[]"
"1840","NCR11548","geocoded","published",,"Balko Wind, LLC","Balko","Balko","Balko Wind","Balko Wind","normal",,,,"Balko","name_initialism","[]","D. E. Shaw Renewable Investments","MRO","[""GO""]","merchant","2","[]","[]","[]"
"1841","NCR13151","geocoded","published",,"Barilla Solar","Barilla","Barilla","Barilla Solar","Barilla Solar","normal",,,,"Barilla","common_market_name","[]",,"Texas RE","[""GO""]",,"2","[]","[]","[]"
"1842","NCR13547","geocoded","published",,"Barrett Solar Project LLC","Barrett","Barrett","Barrett Solar","Barrett Solar Project","normal",,,,"Barrett","name_initialism","[]",,"Texas RE","[""GO""]",,"2","[]","[]","[]"
"1843","NCR13082","geocoded","published",,"Bartonsville Energy Facility, LLC","BRTNSV","Bartonsville","Bartonsville Solar","Bartonsville Solar","normal",,,,"Bartonsville Solar","common_market_name","[]","D. E. Shaw Renewable Investments, LLC","RF","[""GO""]","merchant","2","[]","[]","[]"
"1844","NCR13556","geocoded","published",,"Bay Tree Solar, LLC","Bay Tree","Bay Tree","Bay Tree Solar","Bay Tree Solar","normal",,,,"Bay Tree","name_initialism","[]",,"SERC","[""GO""]",,"2","[]","[]","[]"
"1845","NCR12170","geocoded","published",,"BayWa r.e. Operation Services LLC","BayWa","BayWa","BayWa r.e. Operation Services","BayWa r.e. Operation Services","normal",,,,"BayWa r.e.","official_website","[]","BayWa r.e. AG","MRO","[""GOP""]","merchant","2","[]","[]","[]"
"1846","NCR13468","geocoded","published",,"BEAM US LLC","BEAM","BEAM","BEAM US","BEAM US","normal",,,,"BEAM","name_initialism","[]","BluEarth Renewables US","MRO","[""GOP""]","merchant","2","[]","[]","[]"
"1847","NCR07015","geocoded","published",,"Bear Swamp Power Company LLC","BS","Bear Swamp","Bear Swamp Power","Bear Swamp Power Company","normal",,,,"Bear Swamp","common_market_name","[]","Brookfield Renewable Partners","NPCC","[""GO""]","merchant","2","[]","[]","[]"
"1848","NCR12521","geocoded","published",,"Beaumont ESS, LLC","Beaumont","Beaumont","Beaumont ESS","Beaumont ESS","normal",,,,"Beaumont ESS","name_initialism","[]",,"WECC","[""GO""]",,"2","[]","[]","[]"
"1849","NCR13540","geocoded","published",,"Beehive Energy Storage, LLC","Beehive","Beehive","Beehive Energy Storage","Beehive Energy Storage","normal",,,,"Beehive ESS","name_initialism","[]",,"WECC","[""GO""]",,"2","[]","[]","[]"
"1850","NCR12313","geocoded","published",,"Bellflower Solar 1, LLC","BLLFLW","Bellflower","Bellflower Solar","Bellflower Solar","normal",,,,"Bellflower Solar","common_market_name","[]","Lightsource Renewable Energy Asset Management, LLC","RF","[""GO""]","merchant","2","[]","[]","[]"
"1851","NCR12236","geocoded","published",,"Beulah Solar, LLC","Beulah","Beulah","Beulah Solar","Beulah Solar","normal",,,,"Beulah","name_initialism","[]",,"SERC","[""GO""]",,"2","[]","[]","[]"
"1852","NCR13463","geocoded","published",,"Bexar ESS LLC","Bexar","Bexar","Bexar ESS","Bexar ESS","normal",,,,"Bexar ESS","name_initialism","[]",,"Texas RE","[""GO""]",,"2","[]","[]","[]"
"1853","NCR13042","geocoded","published",,"Big Elm Solar, LLC","Big Elm","Big Elm","Big Elm Solar","Big Elm Solar","normal",,,,"Big Elm","common_market_name","[]",,"Texas RE","[""GO""]",,"2","[]","[]","[]"
"1854","NCR12260","geocoded","published",,"Big River Solar, LLC","BRS","BRS","Big River Solar","Big River Solar","normal",,,,"BRS","name_initialism","[]",,"SERC","[""GO""]",,"2","[]","[]","[]"
"1855","NCR13071","geocoded","published",,"Big Rock ESS Assets, LLC","Big Rock","Big Rock","Big Rock ESS","Big Rock ESS","normal",,,,"Big Rock","name_initialism","[]",,"WECC","[""GO""]",,"2","[]","[]","[]"
"1856","NCR12477","geocoded","published",,"BigBeau Solar, LLC","BigBeau","BigBeau","BigBeau Solar","BigBeau Solar","normal",,,,"BigBeau","name_initialism","[]",,"WECC","[""GO""]",,"2","[]","[]","[]"
"1857","NCR12215","geocoded","published",,"Bighorn Solar 1, LLC","Bighorn","Bighorn","Bighorn Solar","Bighorn Solar","normal",,,,"Bighorn","name_initialism","[]",,"WECC","[""GO""]",,"2","[]","[]","[]"
"1858","NCR13322","geocoded","published",,"Bison Solar LLC","Bison","Bison","Bison Solar","Bison Solar","normal",,,,"Bison","name_initialism","[]",,"WECC","[""GO""]",,"2","[]","[]","[]"
"1859","NCR12325","geocoded","published",,"Black Bear Alabama Solar 1, LLC","BBAS","BBAS","Black Bear Alabama Solar","Black Bear Alabama Solar","normal",,,,"BBAS","name_initialism","[]",,"SERC","[""GO""]",,"2","[]","[]","[]"
"1860","NCR13456","geocoded","published",,"Black Mesa Energy, LLC","BME","BME","Black Mesa Energy","Black Mesa Energy","normal",,,,"BME","name_initialism","[]",,"WECC","[""GO""]",,"2","[]","[]","[]"
"1861","NCR13466","geocoded","published",,"Bladen Solar, LLC","Bladen","Bladen","Bladen Solar","Bladen Solar","normal",,,,"Bladen","name_initialism","[]",,"SERC","[""GO""]",,"2","[]","[]","[]"
"1862","NCR13054","geocoded","published",,"Blue Bird Solar, LLC","BB","Blue Bird","Blue Bird Solar","Blue Bird Solar","normal",,,,"Blue Bird","name_initialism","[]",,"SERC","[""GO""]",,"2","[]","[]","[]"
"1863","NCR11675","geocoded","published",,"Blue Sky West, LLC","Blue Sky","Blue Sky","Blue Sky West","Blue Sky West","normal",,,,"Blue Sky West","name_initialism","[]","Onward Energy","NPCC","[""GO""]","merchant","2","[]","[]","[]"
"1864","NCR13437","geocoded","published",,"Bluebird Solar LLC","Bluebird","Bluebird","Bluebird Solar","Bluebird Solar","normal",,,,"Bluebird","name_initialism","[]",,"SERC","[""GO""]",,"2","[]","[]","[]"
"1865","NCR12466","geocoded","published",,"Blythe Mesa Solar II, LLC","BM","Blythe Mesa","Blythe Mesa Solar II","Blythe Mesa Solar II","normal",,,,"BMS II","name_initialism","[]",,"WECC","[""GO""]",,"2","[]","[]","[]"
"1866","NCR11320","geocoded","published",,"Bobcat Bluff Wind Project, LLC","BB","Bobcat Bluff","Bobcat Bluff Wind","Bobcat Bluff Wind Project","normal",,,,"Bobcat Bluff","common_market_name","[]",,"Texas RE","[""GO""]",,"2","[]","[]","[]"
"1867","NCR13064","geocoded","published",,"BOCA bn, LLC","BOCA","BOCA","BOCA bn","BOCA bn","normal",,,,"BOCA","name_initialism","[]",,"WECC","[""GO""]",,"2","[]","[]","[]"
"1868","NCR13110","geocoded","published",,"Bocanova Power, LLC","Bocanova","Bocanova","Bocanova Power","Bocanova Power","normal",,,,"Bocanova","common_market_name","[]",,"Texas RE","[""GO""]",,"2","[]","[]","[]"
"1869","NCR00086","geocoded","published",,"Boise-Kuna Irrigation District","BKID","BKID","Boise-Kuna Irrigation District","Boise-Kuna Irrigation District","normal",,,,"BKID","name_initialism","[]",,"WECC","[""GO""]",,"2","[]","[]","[]"
"1870","NCR13341","geocoded","published",,"Boot Hill Solar LLC","BH","Boot Hill","Boot Hill Solar","Boot Hill Solar","normal",,,,"Boot Hill Solar","name_initialism","[]","Alluvial Power","MRO","[""GO""]","merchant","2","[]","[]","[]"
"1871","NCR12310","geocoded","published",,"Boralex US Operations, LLC","Boralex","Boralex","Boralex US Operations","Boralex US Operations","normal",,,,"Boralex","official_website","[]",,"SERC","[""GOP""]",,"2","[]","[]","[]"
"1872","NCR12483","geocoded","published",,"Borden County Battery Energy Storage LLC","Borden","Borden","Borden County BESS","Borden County Battery Energy Storage","normal",,,,"Borden BESS","name_initialism","[]",,"Texas RE","[""GO""]",,"2","[]","[]","[]"
"1873","NCR13183","geocoded","published",,"Boulder Solar II, LLC","Boulder","Boulder","Boulder Solar II","Boulder Solar II","normal",,,,"BSII","name_initialism","[]",,"WECC","[""GO""]",,"2","[]","[]","[]"
"1874","NCR12239","geocoded","published",,"Braes Bayou Generating, LLC","BB","Braes Bayou","Braes Bayou Generating","Braes Bayou Generating","normal",,,,"Braes Bayou","common_market_name","[]",,"Texas RE","[""GO""]",,"2","[]","[]","[]"
"1875","NCR13522","geocoded","published",,"Branscom Solar, LLC","Branscom","Branscom","Branscom Solar","Branscom Solar","normal",,,,"Branscom","common_market_name","[]","MN8 Energy","NPCC","[""GO""]","merchant","2","[]","[]","[]"
"1876","NCR12513","geocoded","published",,"Brazos Bend BESS LLC","BB","Brazos Bend","Brazos Bend BESS","Brazos Bend BESS","normal",,,,"Brazos Bend","common_market_name","[]",,"Texas RE","[""GO""]",,"2","[]","[]","[]"
"1877","NCR12292","geocoded","published",,"Briar Creek Solar 1, LLC","BC","Briar Creek","Briar Creek Solar","Briar Creek Solar","normal",,,,"Briar Creek","common_market_name","[]",,"Texas RE","[""GO""]",,"2","[]","[]","[]"
"1878","NCR13304","geocoded","published",,"Broad River Solar, LLC","BRS","Broad River","Broad River Solar","Broad River Solar","normal",,,,"BRS","name_initialism","[]",,"SERC","[""GO""]",,"2","[]","[]","[]"
"1879","NCR10237","geocoded","published",,"Brooklyn Navy Yard Cogeneration Partners, L.P.","BC","BNY Cogen","Brooklyn Navy Yard Cogeneration","Brooklyn Navy Yard Cogeneration","normal",,,,"BNY Cogen","common_market_name","[]","Axium Infrastructure","NPCC","[""GO""]","merchant","2","[]","[]","[]"
"1880","NCR12337","geocoded","published",,"Brotman Generating, LLC","Brotman","Brotman","Brotman Generating","Brotman Generating","normal",,,,"Brotman","common_market_name","[]",,"Texas RE","[""GO""]",,"2","[]","[]","[]"
"1881","NCR12439","geocoded","published",,"Bulldog Solar, LLC","Bulldog","Bulldog","Bulldog Solar","Bulldog Solar","normal",,,,"Bulldog","name_initialism","[]",,"SERC","[""GO""]",,"2","[]","[]","[]"
"1882","NCR13467","geocoded","published",,"Bullock Solar, LLC","Bullock","Bullock","Bullock Solar","Bullock Solar","normal",,,,"Bullock","name_initialism","[]",,"SERC","[""GO""]",,"2","[]","[]","[]"
"1883","NCR13335","geocoded","published",,"Bynum Solar Project, LLC","Bynum","Bynum","Bynum Solar","Bynum Solar Project","normal",,,,"Bynum Solar","name_initialism","[]",,"Texas RE","[""GO""]",,"2","[]","[]","[]"
"1884","NCR13403","geocoded","published",,"Bypass BESS, LLC","Bypass","Bypass","Bypass BESS","Bypass BESS","normal",,,,"Bypass","name_initialism","[]",,"Texas RE","[""GO""]",,"2","[]","[]","[]"
"1885","NCR13017","geocoded","published",,"Caballero CA Storage, LLC","CBLLR","Caballero","Caballero CA Storage","Caballero CA Storage","normal",,,,"Caballero","name_initialism","[]",,"WECC","[""GO""]",,"2","[]","[]","[]"
"1886","NCR12307","geocoded","published",,"Cabin Creek Solar, LLC","CC","Cabin Creek","Cabin Creek Solar","Cabin Creek Solar","normal",,,,"Cabin Creek","name_initialism","[]",,"SERC","[""GO""]",,"2","[]","[]","[]"
"1887","NCR13492","geocoded","published",,"Caden Energix Axton LLC","Axton","Axton","Caden Energix Axton","Axton Solar","normal",,,,"Axton Solar","common_market_name","[]","Energix Renewable Energies Ltd.","RF","[""GO""]","merchant","2","[]","[]","[]"
"1888","NCR13106","geocoded","published",,"Cald BESS LLC","Cald","Cald","Cald BESS","Cald BESS","normal",,,,"Cald","name_initialism","[]",,"WECC","[""GO""]",,"2","[]","[]","[]"
"1889","NCR11801","geocoded","published",,"California Flats Solar, LLC","CF","Cal Flats","California Flats Solar","California Flats Solar","normal",,,,"Cal Flats","common_market_name","[]",,"WECC","[""GO""]",,"2","[]","[]","[]"
"1890","NCR12484","geocoded","published",,"Callisto I Energy Center LLC","Callisto","Callisto","Callisto I Energy Center","Callisto I Energy Center","normal",,,,"Callisto I","name_initialism","[]",,"Texas RE","[""GO""]",,"2","[]","[]","[]"
"1891","NCR13511","geocoded","published",,"CalPortland Cement Company (CPCC) Wind Mojave","CPCC","CPCC","CalPortland Wind Mojave","CalPortland Wind Mojave","normal",,,,"CPCC Wind","name_initialism","[]",,"WECC","[""GO""]",,"2","[]","[]","[]"
"1892","NCR12457","geocoded","published",,"Cane Creek Solar, LLC","CC","Cane Creek","Cane Creek Solar","Cane Creek Solar","normal",,,,"Cane Creek","name_initialism","[]",,"SERC","[""GO""]",,"2","[]","[]","[]"
"1893","NCR05059","geocoded","published",,"Caprock Wind LLC","Caprock","Caprock","Caprock Wind","Caprock Wind","normal",,,,"Caprock Wind","name_initialism","[]","Leeward Renewable Energy","MRO","[""GO""]","merchant","2","[]","[]","[]"
"1894","NCR13030","geocoded","published",,"Castanea Project, LLC","Castanea","Castanea","Castanea Project","Castanea Project","normal",,,,"Castanea","name_initialism","[]",,"WECC","[""GO""]",,"2","[]","[]","[]"
"1895","NCR12374","geocoded","published",,"Castle Gap Wind Power, LLC","CG","Castle Gap","Castle Gap Wind","Castle Gap Wind Power","normal",,,,"Castle Gap","name_initialism","[]",,"Texas RE","[""GO""]",,"2","[]","[]","[]"
"1896","NCR13202","geocoded","published",,"Castle Solar, LLC","Castle","Castle","Castle Solar","Castle Solar","normal",,,,"Castle","name_initialism","[]",,"WECC","[""GO""]",,"2","[]","[]","[]"
"1897","NCR11680","geocoded","published",,"Catalina Solar 2, LLC","C2","Catalina 2","Catalina Solar 2","Catalina Solar 2","normal",,,,"Cat Solar 2","name_initialism","[]",,"WECC","[""GO""]",,"2","[]","[]","[]"
"1898","NCR13169","geocoded","published",,"Catalina Solar, LLC","Catalina","Catalina","Catalina Solar","Catalina Solar","normal",,,,"Catalina","name_initialism","[]",,"SERC","[""GO""]",,"2","[]","[]","[]"
"1899","NCR13273","geocoded","published",,"Caterpillar Oil Gas & Marine Division","Cat","Cat","Caterpillar Oil & Gas","Caterpillar Oil, Gas & Marine","major",,,,"Cat O&G","name_initialism","[]",,"WECC","[""GOP""]",,"2","[]","[]","[]"
"1900","NCR11775","geocoded","published",,"CD Global Solar NC Sponsor, L.P.","CG","CD Global","CD Global Solar NC","CD Global Solar NC Sponsor","normal",,,,"CD Global","name_initialism","[]",,"WECC","[""GO""]",,"2","[]","[]","[]"
"1901","NCR13452","geocoded","published",,"Centerfield Solar, LLC","CNTRFL","Centerfield","Centerfield Solar","Centerfield Solar","normal",,,,"Centerfield","common_market_name","[]",,"SERC","[""GO""]",,"2","[]","[]","[]"
"1902","NCR13381","geocoded","published",,"Central 40, LLC","C4","Central 40","Central 40","Central 40","normal",,,,"Central 40","name_initialism","[]",,"WECC","[""GO""]",,"2","[]","[]","[]"
"1903","NCR13122","geocoded","published",,"Chaparral Springs, LLC","CHPRRL","Chaparral","Chaparral Springs","Chaparral Springs","normal",,,,"Chaparral","name_initialism","[]",,"WECC","[""GO""]",,"2","[]","[]","[]"
"1904","NCR12165","geocoded","published",,"Cherry-Todd Electric Cooperative","CT","Cherry-Todd","Cherry-Todd Electric Cooperative","Cherry-Todd Electric Cooperative","normal",,,,"Cherry-Todd","official_website","[]",,"MRO","[""TO""]","cooperative","2","[]","[]","[]"
"1905","NCR12354","geocoded","published",,"Childress Solar Park, LLC","CHLDRS","Childress","Childress Solar Park","Childress Solar Park","normal",,,,"Childress Solar","name_initialism","[]",,"Texas RE","[""GO""]",,"2","[]","[]","[]"
"1906","NCR12157","geocoded","published",,"Chisholm Grid, LLC","Chisholm","Chisholm","Chisholm Grid","Chisholm Grid","normal",,,,"Chisholm Grid","name_initialism","[]",,"Texas RE","[""GO""]",,"2","[]","[]","[]"
"1907","NCR13501","geocoded","published",,"Chula Vista Energy Center 2, LLC","CVEC 2","CVEC 2","Chula Vista Energy Center 2","Chula Vista Energy Center 2","normal",,,,"CVEC 2","name_initialism","[]",,"WECC","[""GO""]",,"2","[]","[]","[]"
"1908","NCR11240","geocoded","published",,"Cimarron Windpower II, LLC","Cimarron","Cimarron","Cimarron Windpower II","Cimarron Windpower II","normal",,,,"Cimarron II","name_initialism","[]","Duke Energy Renewables","MRO","[""GO""]","merchant","2","[]","[]","[]"
"1909","NCR12541","geocoded","published",,"Citadel BESS LLC","Citadel","Citadel","Citadel BESS","Citadel BESS","normal",,,,"Citadel","name_initialism","[]",,"Texas RE","[""GO""]",,"2","[]","[]","[]"
"1910","NCR06033","geocoded","published",,"City of Abbeville","BBVLL","Abbeville","City of Abbeville","City of Abbeville","normal",,,,"Abbeville","name_initialism","[]",,"SERC","[""TO""]",,"2","[]","[]","[]"
"1911","NCR05069","geocoded","published",,"City of Azusa","Azusa","Azusa","City of Azusa","City of Azusa","normal",,,,"Azusa","official_website","[]",,"WECC","[""RP""]",,"2","[]","[]","[]"
"1912","NCR05074","geocoded","published",,"City of Colton","Colton","Colton","City of Colton","City of Colton","normal",,,,"Colton","name_initialism","[]",,"WECC","[""RP""]",,"2","[]","[]","[]"
"1913","NCR10227","geocoded","published",,"City Of Ottawa","Ottawa","Ottawa","Ottawa Utilities","City of Ottawa Utilities","normal",,,,"Ottawa Utilities","official_website","[]",,"MRO","[""TO""]","municipal","2","[]","[]","[]"
"1914","NCR12566","geocoded","published",,"Clean Energy Services CES, LLC","CES","CES","Clean Energy Services","Clean Energy Services","normal",,,,"CES","official_website","[]","FlexGen Power Systems, LLC","RF","[""GOP""]","merchant","2","[]","[]","[]"
"1915","NCR13458","geocoded","published",,"Clinton Solar, LLC","Clinton","Clinton","Clinton Solar","Clinton Solar","normal",,,,"Clinton Solar","common_market_name","[]",,"RF","[""GO""]","merchant","2","[]","[]","[]"
"1916","NCR13370","geocoded","published",,"Coachella Wind Holdings, LLC","CCHLL","Coachella","Coachella Wind","Coachella Wind Holdings","normal",,,,"Coachella Wind","common_market_name","[]",,"WECC","[""GO""]",,"2","[]","[]","[]"
"1917","NCR13258","geocoded","published",,"Coldwater River Solar, LLC","CLDWTR","Coldwater","Coldwater River Solar","Coldwater River Solar","normal",,,,"Coldwater River Solar","common_market_name","[]","Apex Clean Energy","RF","[""GO""]","merchant","2","[]","[]","[]"
"1918","NCR13415","geocoded","published",,"ColGreen North Shore Solar Farm","ColGreen","ColGreen","ColGreen North Shore","ColGreen North Shore Solar Farm","normal",,,,"ColGreen","common_market_name","[]",,"WECC","[""GO""]",,"2","[]","[]","[]"
"1919","NCR00339","geocoded","published",,"Colorado Energy Management - RMP","CEM","CEM","Colorado Energy Management","Colorado Energy Management - RMP","normal",,,,"CEM-RMP","nerc_cores","[]",,"WECC","[""GOP""]",,"2","[]","[]","[]"
"1920","NCR05107","geocoded","published",,"Colstrip Energy Limited Partnership","Colstrip","Colstrip","Colstrip Energy","Colstrip Energy","normal",,,,"Colstrip","common_market_name","[]",,"WECC","[""GO""]",,"2","[]","[]","[]"
"1921","NCR13209","geocoded","published",,"Columbia II, LLC","CI","Columbia II","Columbia II","Columbia II","normal",,,,"Columbia II","common_market_name","[]",,"WECC","[""GO""]",,"2","[]","[]","[]"
"1922","NCR11665","geocoded","published",,"Comanche Solar PV, LLC","Comanche","Comanche","Comanche Solar","Comanche Solar","normal",,,,"Comanche Solar","common_market_name","[]",,"WECC","[""GO""]",,"2","[]","[]","[]"
"1923","NCR10229","geocoded","published",,"Commonwealth Chesapeake Company, LLC","CMMNWL","Commonwealth","Commonwealth Chesapeake","Commonwealth Chesapeake","normal",,,,"Commonwealth Chesapeake","common_market_name","[]",,"RF","[""GO""]","merchant","2","[]","[]","[]"
"1924","NCR12087","geocoded","published",,"Concho Bluff LLC","CB","Concho Bluff","Concho Bluff","Concho Bluff","normal",,,,"Concho Bluff","name_initialism","[]",,"Texas RE","[""GO""]",,"2","[]","[]","[]"
"1925","NCR12323","geocoded","published",,"Concho Valley Solar, LLC","Concho","Concho","Concho Valley Solar","Concho Valley Solar","normal",,,,"Concho Valley","name_initialism","[]",,"Texas RE","[""GO""]",,"2","[]","[]","[]"
"1926","NCR12498","geocoded","published",,"Condor Energy Storage, LLC","Condor","Condor","Condor Energy Storage","Condor Energy Storage","normal",,,,"Condor BESS","common_market_name","[]",,"WECC","[""GO""]",,"2","[]","[]","[]"
"1927","NCR11133","geocoded","published",,"Connecticut Transmission Municipal Electric Energy Cooperative","TRANSCO","TRANSCO","Connecticut TRANSCO","Connecticut Transmission Municipal Electric Energy Cooperative","normal",,,,"TRANSCO","official_website","[]","Connecticut Municipal Electric Energy Cooperative","NPCC","[""TO""]","cooperative","2","[]","[]","[]"
"1928","NCR11892","geocoded","published",,"Copenhagen Wind Farm, LLC","CPNHGN","Copenhagen","Copenhagen Wind Farm","Copenhagen Wind Farm","normal",,,,"Copenhagen Wind","common_market_name","[]","EDF Renewables","NPCC","[""GO""]","merchant","2","[]","[]","[]"
"1929","NCR12169","geocoded","published",,"Corazon Energy, LLC","Corazon","Corazon","Corazon Energy","Corazon Energy","normal",,,,"Corazon","name_initialism","[]",,"Texas RE","[""GO""]",,"2","[]","[]","[]"
"1930","NCR13489","geocoded","published",,"Cottontail Solar 1, LLC","C1","Cottontail 1","Cottontail Solar 1","Cottontail Solar 1","normal",,,,"Cottontail Solar 1","common_market_name","[]","Lightsource Renewable Energy Asset Management, LLC","RF","[""GO""]","merchant","2","[]","[]","[]"
"1931","NCR13488","geocoded","published",,"Cottontail Solar 2, LLC","C2","Cottontail 2","Cottontail Solar 2","Cottontail Solar 2","normal",,,,"Cottontail Solar 2","common_market_name","[]","Lightsource Renewable Energy Asset Management, LLC","RF","[""GO""]","merchant","2","[]","[]","[]"
"1932","NCR13486","geocoded","published",,"Cottontail Solar 4, LLC","C4","Cottontail 4","Cottontail Solar 4","Cottontail Solar 4","normal",,,,"Cottontail Solar 4","common_market_name","[]","Lightsource Renewable Energy Asset Management, LLC","RF","[""GO""]","merchant","2","[]","[]","[]"
"1933","NCR13484","geocoded","published",,"Cottontail Solar 5, LLC","C5","Cottontail 5","Cottontail Solar 5","Cottontail Solar 5","normal",,,,"Cottontail Solar 5","common_market_name","[]","Lightsource Renewable Energy Asset Management, LLC","RF","[""GO""]","merchant","2","[]","[]","[]"
"1934","NCR13487","geocoded","published",,"Cottontail Solar 6, LLC","C6","Cottontail 6","Cottontail Solar 6","Cottontail Solar 6","normal",,,,"Cottontail Solar 6","common_market_name","[]","Lightsource Renewable Energy Asset Management, LLC","RF","[""GO""]","merchant","2","[]","[]","[]"
"1935","NCR13485","geocoded","published",,"Cottontail Solar 8, LLC","C8","Cottontail 8","Cottontail Solar 8","Cottontail Solar 8","normal",,,,"Cottontail Solar 8","common_market_name","[]","Lightsource Renewable Energy Asset Management, LLC","RF","[""GO""]","merchant","2","[]","[]","[]"
"1936","NCR12090","geocoded","published",,"Cove Mountain 1, LLC","CM1","Cove Mtn 1","Cove Mountain 1","Cove Mountain 1","normal",,,,"Cove Mtn 1","common_market_name","[]",,"WECC","[""GO""]",,"2","[]","[]","[]"
"1937","NCR12089","geocoded","published",,"Cove Mountain 2, LLC","CM2","Cove Mtn 2","Cove Mountain 2","Cove Mountain 2","normal",,,,"Cove Mtn 2","common_market_name","[]",,"WECC","[""GO""]",,"2","[]","[]","[]"
"1938","NCR12074","geocoded","published",,"Coyote Ridge Wind, LLC","CR","Coyote Ridge","Coyote Ridge Wind","Coyote Ridge Wind","normal",,,,"Coyote Ridge","name_initialism","[]","Avangrid Renewables","MRO","[""GO""]","merchant","2","[]","[]","[]"
"1939","NCR13058","geocoded","published",,"Cranberry Point Energy Storage, LLC","CRNBRR","Cranberry","Cranberry Point Energy Storage","Cranberry Point Energy Storage","normal",,,,"Cranberry Point","common_market_name","[]","Plus Power","NPCC","[""GO""]","merchant","2","[]","[]","[]"
"1940","NCR12407","geocoded","published",,"Crane 2 BESS, LLC","Crane 2","Crane 2","Crane 2 BESS","Crane 2 BESS","normal",,,,"Crane 2","name_initialism","[]",,"Texas RE","[""GO""]",,"2","[]","[]","[]"
"1941","NCR13479","geocoded","published",,"Crooked Run Solar, LLC","CR","Crooked Run","Crooked Run Solar","Crooked Run Solar","normal",,,,"Crooked Run","name_initialism","[]",,"SERC","[""GO""]",,"2","[]","[]","[]"
"1942","NCR13239","geocoded","published",,"Cross Town Energy Storage LLC","CT","Cross Town","Cross Town Energy Storage","Cross Town Energy Storage","normal",,,,"Cross Town","official_website","[]","Plus Power","NPCC","[""GO""]","merchant","2","[]","[]","[]"
"1943","NCR13392","geocoded","published",,"Crossroads Solar, LLC","CRS","CRS","Crossroads Solar","Crossroads Solar","normal",,,,"CRS","name_initialism","[]",,"RF","[""GO""]",,"2","[]","[]","[]"
"1944","NCR13395","geocoded","published",,"Crosswind Holdco LLC","CRSSWN","Crosswind","Crosswind Holdco","Crosswind Holdco","normal",,,,"Crosswind","name_initialism","[]","Greenvolt Power","MRO","[""GO""]","merchant","2","[]","[]","[]"
"1945","NCR11359","geocoded","published",,"CSolar IV South, LLC","CIS","CSolar IV S","CSolar IV South","CSolar IV South","normal",,,,"CSolar IV S","name_initialism","[]",,"WECC","[""GO""]",,"2","[]","[]","[]"
"1946","NCR11572","geocoded","published",,"CSolar IV West, LLC","CIW","CSolar IV W","CSolar IV West","CSolar IV West","normal",,,,"CSolar IV W","name_initialism","[]",,"WECC","[""GO""]",,"2","[]","[]","[]"
"1947","NCR12494","geocoded","published",,"Cutlass Solar II, LLC","CI","Cutlass II","Cutlass Solar II","Cutlass Solar II","normal",,,,"Cutlass II","name_initialism","[]",,"Texas RE","[""GO""]",,"2","[]","[]","[]"
"1948","NCR12340","geocoded","published",,"Cutlass Solar, LLC","Cutlass","Cutlass","Cutlass Solar","Cutlass Solar","normal",,,,"Cutlass","name_initialism","[]",,"Texas RE","[""GO""]",,"2","[]","[]","[]"
"1949","NCR13189","geocoded","published",,"Cuyama Solar, LLC","Cuyama","Cuyama","Cuyama Solar","Cuyama Solar","normal",,,,"Cuyama Solar","common_market_name","[]",,"WECC","[""GO""]",,"2","[]","[]","[]"
"1950","NCR11867","geocoded","published",,"Cypress Creek O&M, LLC","Cypress","Cypress","Cypress Creek O&M","Cypress Creek O&M","normal",,,,"CC O&M","name_initialism","[]",,"SERC","[""GOP""]",,"2","[]","[]","[]"
"1951","NCR13469","geocoded","published",,"Danielson Wind Farms, L.L.C.","DNLSN","Danielson","Danielson Wind Farms","Danielson Wind Farms","normal",,,,"Danielson","name_initialism","[]","BluEarth Renewables","MRO","[""GO""]","merchant","2","[]","[]","[]"
"1952","NCR13507","geocoded","published",,"Danish Fields LLC","Danish","Danish","Danish Fields","Danish Fields","normal",,,,"Danish Fields","name_initialism","[]",,"Texas RE","[""GO""]",,"2","[]","[]","[]"
"1953","NCR12382","geocoded","published",,"Delta's Edge Solar, LLC","DE","Delta's Edge","Delta's Edge Solar","Delta's Edge Solar","normal",,,,"Delta's Edge","name_initialism","[]",,"SERC","[""GO""]",,"2","[]","[]","[]"
"1954","NCR11915","geocoded","published",,"DEPCOM Power","DEPCOM","DEPCOM","DEPCOM Power","DEPCOM Power","normal",,,,"DEPCOM","official_website","[]",,"SERC","[""GOP""]",,"2","[]","[]","[]"
"1955","NCR12081","geocoded","published",,"Desert Harvest, LLC","Desert","Desert","Desert Harvest","Desert Harvest","normal",,,,"Desert Harvest","common_market_name","[]",,"WECC","[""GO""]",,"2","[]","[]","[]"
"1956","NCR12557","geocoded","published",,"Desert Quartzite, LLC","QRTZT","Quartzite","Desert Quartzite","Desert Quartzite","normal",,,,"Desert Quartzite","common_market_name","[]",,"WECC","[""GO""]",,"2","[]","[]","[]"
"1957","NCR12091","geocoded","published",,"Deuel Harvest Wind Energy, LLC","Deuel","Deuel","Deuel Harvest Wind","Deuel Harvest Wind Energy","normal",,,,"Deuel Harvest","name_initialism","[]","Southern Power Company","MRO","[""GOP""]","merchant","2","[]","[]","[]"
"1958","NCR00125","geocoded","published",,"DGC Operations, LLC","DGC","DGC","DGC Operations","DGC Operations","normal",,,,"DGC Ops","name_initialism","[]",,"WECC","[""GOP""]",,"2","[]","[]","[]"
"1959","NCR13343","geocoded","published",,"Dileo Solar LLC","Dileo","Dileo","Dileo Solar","Dileo Solar","normal",,,,"Dileo Solar","name_initialism","[]",,"Texas RE","[""GO""]",,"2","[]","[]","[]"
"1960","NCR13067","geocoded","published",,"Dogfish ESS Assets LLC","Dogfish","Dogfish","Dogfish ESS","Dogfish ESS Assets","normal",,,,"Dogfish","name_initialism","[]",,"Texas RE","[""GO""]",,"2","[]","[]","[]"
"1961","NCR12517","geocoded","published",,"Double Black Diamond Solar Power, LLC","DBD","DBD","Double Black Diamond Solar","Double Black Diamond Solar Power","normal",,,,"DBD Solar","name_initialism","[]",,"SERC","[""GO""]",,"2","[]","[]","[]"
"1962","NCR13027","geocoded","published",,"Downeast Wind, LLC","Downeast","Downeast","Downeast Wind","Downeast Wind","normal",,,,"Downeast Wind","official_website","[]","Apex Clean Energy","NPCC","[""GO""]","merchant","2","[]","[]","[]"
"1963","NCR12182","geocoded","published",,"Dressor Plains Solar, LLC","Dressor","Dressor","Dressor Plains Solar","Dressor Plains Solar","normal",,,,"Dressor Plains","name_initialism","[]",,"SERC","[""GO""]",,"2","[]","[]","[]"
"1964","NCR12293","geocoded","published",,"Drew Solar LLC","Drew","Drew","Drew Solar","Drew Solar","normal",,,,"Drew Solar","common_market_name","[]",,"WECC","[""GO""]",,"2","[]","[]","[]"
"1965","NCR13439","geocoded","published",,"EARP Solar, LLC","EARP","EARP","EARP Solar","EARP Solar","normal",,,,"EARP","name_initialism","[]",,"SERC","[""GO""]",,"2","[]","[]","[]"
"1966","NCR13445","geocoded","published",,"East Atmore Solar, LLC","Atmore","Atmore","East Atmore Solar","East Atmore Solar","normal",,,,"East Atmore","name_initialism","[]",,"SERC","[""GO""]",,"2","[]","[]","[]"
"1967","NCR12149","geocoded","published",,"East Blackland Solar Project 1 LLC","BLCKLN","Blackland","East Blackland Solar","East Blackland Solar Project 1","normal",,,,"East Blackland","name_initialism","[]",,"Texas RE","[""GO""]",,"2","[]","[]","[]"
"1968","NCR12316","geocoded","published",,"Eastover Solar, LLC","Eastover","Eastover","Eastover Solar","Eastover Solar","normal",,,,"Eastover","name_initialism","[]",,"SERC","[""GO""]",,"2","[]","[]","[]"
"1969","NCR12462","geocoded","published",,"Ebony Energy Storage, LLC","Ebony","Ebony","Ebony Energy Storage","Ebony Energy Storage","normal",,,,"Ebony","name_initialism","[]",,"Texas RE","[""GO""]",,"2","[]","[]","[]"
"1970","NCR13386","geocoded","published",,"Egypt Road Solar, LLC","Egypt","Egypt","Egypt Road Solar","Egypt Road Solar","normal",,,,"Egypt","name_initialism","[]",,"RF","[""GO""]",,"2","[]","[]","[]"
"1971","NCR11430","geocoded","published",,"EIF Channelview Cogeneration, LLC","CHNNLV","Channelview","EIF Channelview Cogeneration","EIF Channelview Cogeneration","normal",,,,"Channelview Cogen","name_initialism","[]",,"Texas RE","[""GO""]",,"2","[]","[]","[]"
"1972","NCR12110","geocoded","published",,"El Campo Wind, LLC","El Campo","El Campo","El Campo Wind","El Campo Wind","normal",,,,"El Campo Wind","name_initialism","[]",,"Texas RE","[""GO""]",,"2","[]","[]","[]"
"1973","NCR12204","geocoded","published",,"Elara Energy Project, LLC","Elara","Elara","Elara Energy Project","Elara Energy Project","normal",,,,"Elara","name_initialism","[]",,"Texas RE","[""GO""]",,"2","[]","[]","[]"
"1974","NCR12548","geocoded","published",,"Eldorado Solar Project,  LLC","Eldorado","Eldorado","Eldorado Solar Project","Eldorado Solar Project","normal",,,,"Eldorado","name_initialism","[]",,"SERC","[""GO""]",,"2","[]","[]","[]"
"1975","NCR10211","geocoded","published",,"Electric Transmission Texas, LLC","ETT","ETT","Electric Transmission Texas","Electric Transmission Texas","major",,,,"ETT","name_initialism","[]",,"Texas RE","[""TO""]",,"2","[]","[]","[]"
"1976","NCR12567","geocoded","published",,"Elektron Solar, LLC","Elektron","Elektron","Elektron Solar","Elektron Solar","normal",,,,"Elektron Solar","common_market_name","[]",,"WECC","[""GO""]",,"2","[]","[]","[]"
"1977","NCR12452","geocoded","published",,"Eleven-Mile Solar Center, LLC","EM","Eleven-Mile","Eleven-Mile Solar Center","Eleven-Mile Solar Center","normal",,,,"Eleven-Mile","common_market_name","[]",,"WECC","[""GO""]",,"2","[]","[]","[]"
"1978","NCR13448","geocoded","published",,"Elkhart County Solar Project, LLC","Elkhart","Elkhart","Elkhart County Solar","Elkhart County Solar Project","normal",,,,"Elkhart","name_initialism","[]",,"RF","[""GO""]",,"2","[]","[]","[]"
"1979","NCR12377","geocoded","published",,"Ellis Solar, LLC","Ellis","Ellis","Ellis Solar","Ellis Solar","normal",,,,"Ellis Solar","name_initialism","[]",,"Texas RE","[""GO""]",,"2","[]","[]","[]"
"1980","NCR12291","geocoded","published",,"Elm Branch Solar 1, LLC","EB","Elm Branch","Elm Branch Solar 1","Elm Branch Solar 1","normal",,,,"Elm Branch","name_initialism","[]",,"Texas RE","[""GO""]",,"2","[]","[]","[]"
"1981","NCR13440","geocoded","published",,"Envoy Solar, LLC","Envoy","Envoy","Envoy Solar","Envoy Solar","normal",,,,"Envoy","name_initialism","[]",,"SERC","[""GO""]",,"2","[]","[]","[]"
"1982","NCR10358","geocoded","published",,"Erie Boulevard Hydropower, LP","EH","Erie Hydro","Erie Boulevard Hydropower","Erie Boulevard Hydropower","normal",,,,"Erie Blvd Hydro","common_market_name","[]","Brookfield Renewable","NPCC","[""GO""]","merchant","2","[]","[]","[]"
"1983","NCR12471","geocoded","published",,"Escalante Solar, LLC","SCLNT","Escalante","Escalante Solar","Escalante Solar","normal",,,,"Escalante Solar","common_market_name","[]",,"WECC","[""GO""]",,"2","[]","[]","[]"
"1984","NCR13096","geocoded","published",,"Escape Solar, LLC","Escape","Escape","Escape Solar","Escape Solar","normal",,,,"Escape Solar","common_market_name","[]",,"WECC","[""GO""]",,"2","[]","[]","[]"
"1985","NCR13036","geocoded","published",,"esVolta Management, LLC","esVolta","esVolta","esVolta Management","esVolta Management","normal",,,,"esVolta","official_website","[]",,"Texas RE","[""GO""]",,"2","[]","[]","[]"
"1986","NCR13129","geocoded","published",,"Evelyn Energy Storage, LLC","Evelyn","Evelyn","Evelyn Energy Storage","Evelyn Energy Storage","normal",,,,"Evelyn","name_initialism","[]",,"Texas RE","[""GO""]",,"2","[]","[]","[]"
"1987","NCR13144","geocoded","published",,"Faraday Solar B LLC","Faraday","Faraday","Faraday Solar B","Faraday Solar B","normal",,,,"Faraday Solar","common_market_name","[]",,"WECC","[""GO""]",,"2","[]","[]","[]"
"1988","NCR11158","geocoded","published",,"Fenton Power Partners 1, LLC","Fenton","Fenton","Fenton Power Partners 1","Fenton Power Partners 1","normal",,,,"Fenton","name_initialism","[]","EDF Renewables","MRO","[""GO""]","merchant","2","[]","[]","[]"
"1989","NCR12056","geocoded","published",,"Fern Solar LLC","Fern","Fern","Fern Solar","Fern Solar","normal",,,,"Fern","name_initialism","[]",,"SERC","[""GO""]",,"2","[]","[]","[]"
"1990","NCR13348","geocoded","published",,"FL Solar 4, LLC","FS4","FL Solar 4","FL Solar 4","FL Solar 4","normal",,,,"FL Solar 4","name_initialism","[]",,"SERC","[""GO""]",,"2","[]","[]","[]"
"1991","NCR13534","geocoded","published",,"FL Solar 5, LLC","FS5","FL Solar 5","FL Solar 5","FL Solar 5","normal",,,,"FL Solar 5","name_initialism","[]",,"SERC","[""GO""]",,"2","[]","[]","[]"
"1992","NCR12535","geocoded","published",,"FL Solar 7, LLC","FS7","FL Solar 7","FL Solar 7","FL Solar 7","normal",,,,"FL Solar 7","name_initialism","[]",,"SERC","[""GO""]",,"2","[]","[]","[]"
"1993","NCR13429","geocoded","published",,"FL Solar 8, LLC","FS8","FL Solar 8","FL Solar 8","FL Solar 8","normal",,,,"FL Solar 8","name_initialism","[]",,"SERC","[""GO""]",,"2","[]","[]","[]"
"1994","NCR12218","geocoded","published",,"Flower Valley II LLC","FI","Flower II","Flower Valley II","Flower Valley II","normal",,,,"Flower Valley II","name_initialism","[]",,"Texas RE","[""GO""]",,"2","[]","[]","[]"
"1995","NCR13089","geocoded","published",,"Fort Duncan BESS LLC","FD","Fort Duncan","Fort Duncan BESS","Fort Duncan BESS","normal",,,,"Fort Duncan","name_initialism","[]",,"Texas RE","[""GO""]",,"2","[]","[]","[]"
"1996","NCR07090","geocoded","published",,"Fortistar North Tonawanda","FRTSTR","Fortistar","Fortistar North Tonawanda","Fortistar North Tonawanda","normal",,,,"North Tonawanda","common_market_name","[]","Fortistar","NPCC","[""GO""]","merchant","2","[]","[]","[]"
"1997","NCR12423","geocoded","published",,"Fox Squirrel Solar LLC","Fox","Fox","Fox Squirrel Solar","Fox Squirrel Solar","normal",,,,"Fox","name_initialism","[]",,"RF","[""GO""]",,"2","[]","[]","[]"
"1998","NCR13028","geocoded","published",,"Foxglove Solar Project, LLC","Foxglove","Foxglove","Foxglove Solar","Foxglove Solar Project","normal",,,,"Foxglove","name_initialism","[]",,"RF","[""GO""]",,"2","[]","[]","[]"
"1999","NCR13236","geocoded","published",,"Fractal EMS Inc.","Fractal","Fractal","Fractal EMS","Fractal EMS","normal",,,,"Fractal EMS","official_website","[]",,"WECC","[""GOP""]",,"2","[]","[]","[]"
"2000","NCR13401","geocoded","published",,"Fresh Air Energy XXIII, LLC","FAE23","FAE23","Fresh Air Energy XXIII","Fresh Air Energy XXIII","normal",,,,"FAE23","name_initialism","[]",,"SERC","[""GO""]",,"2","[]","[]","[]"
"2001","NCR12145","geocoded","published",,"G.S.E. One LLC","GSE","GSE","G.S.E. One","G.S.E. One","normal",,,,"GSE One","name_initialism","[]",,"Texas RE","[""GO""]",,"2","[]","[]","[]"
"2002","NCR13349","geocoded","published",,"GA Solar 3, LLC","GS3","GA Solar 3","GA Solar 3","GA Solar 3","normal",,,,"GA Solar 3","name_initialism","[]",,"SERC","[""GO""]",,"2","[]","[]","[]"
"2003","NCR12114","geocoded","published",,"Gambit Energy Storage, LLC","Gambit","Gambit","Gambit Energy Storage","Gambit Energy Storage","normal",,,,"Gambit","common_market_name","[]",,"Texas RE","[""GO""]",,"2","[]","[]","[]"
"2004","NCR13112","geocoded","published",,"Garnet Mesa Solar LLC","GM","Garnet Mesa","Garnet Mesa Solar","Garnet Mesa Solar","normal",,,,"Garnet Mesa","common_market_name","[]",,"WECC","[""GO""]",,"2","[]","[]","[]"
"2005","NCR12348","geocoded","published",,"Gaskell West","Gaskell","Gaskell","Gaskell West","Gaskell West","normal",,,,"Gaskell West","common_market_name","[]",,"WECC","[""GO""]",,"2","[]","[]","[]"
"2006","NCR13184","geocoded","published",,"Giffen Solar Park LLC","Giffen","Giffen","Giffen Solar Park","Giffen Solar Park","normal",,,,"Giffen Solar","common_market_name","[]",,"WECC","[""GO""]",,"2","[]","[]","[]"
"2007","NCR12485","geocoded","published",,"Giga Texas Energy, LLC","GT","Giga Texas","Giga Texas Energy","Giga Texas Energy","normal",,,,"Giga Texas Energy","eia_861","[]",,"Texas RE","[""GO""]",,"2","[]","[]","[]"
"2008","NCR05171","geocoded","published",,"Glacier Electric Cooperative, Inc.","GEC","GEC","Glacier Electric Cooperative","Glacier Electric Cooperative","normal",,,,"GEC","official_website","[]",,"WECC","[""TO""]",,"2","[]","[]","[]"
"2009","NCR13399","geocoded","published",,"Glover Creek Solar, LLC","GC","Glover Creek","Glover Creek Solar","Glover Creek Solar","normal",,,,"Glover Creek","name_initialism","[]",,"SERC","[""GO""]",,"2","[]","[]","[]"
"2010","NCR11703","geocoded","published",,"Golden Fields Solar I, LLC","Golden I","Golden I","Golden Fields Solar I","Golden Fields Solar I","normal",,,,"Golden Fields I","common_market_name","[]",,"WECC","[""GO""]",,"2","[]","[]","[]"
"2011","NCR11153","geocoded","published",,"Golden Spread Panhandle Wind Ranch, LLC","GSPWR","GSPWR","Golden Spread Panhandle Wind","Golden Spread Panhandle Wind Ranch","normal",,,,"GSPWR","name_initialism","[]","Golden Spread Electric Cooperative, Inc.","MRO","[""GO""]","merchant","2","[]","[]","[]"
"2012","NCR13190","geocoded","published",,"Goleta Energy Storage, LLC","Goleta","Goleta","Goleta Energy Storage","Goleta Energy Storage","normal",,,,"Goleta BESS","common_market_name","[]",,"WECC","[""GO""]",,"2","[]","[]","[]"
"2013","NCR13177","geocoded","published",,"Goodwell Wind Project LLC","Goodwell","Goodwell","Goodwell Wind","Goodwell Wind Project","normal",,,,"Goodwell","name_initialism","[]","Enel Green Power North America","MRO","[""GO""]","merchant","2","[]","[]","[]"
"2014","NCR13419","geocoded","published",,"Gransolar Texas One, LLC","GRNSLR","Gransolar","Gransolar Texas One","Gransolar Texas One","normal",,,,"Gransolar TX1","name_initialism","[]",,"Texas RE","[""GO""]",,"2","[]","[]","[]"
"2015","NCR12254","geocoded","published",,"Graphite Solar I, LLC","Graphite","Graphite","Graphite Solar I","Graphite Solar I","normal",,,,"Graphite Solar","common_market_name","[]",,"WECC","[""GO""]",,"2","[]","[]","[]"
"2016","NCR13146","geocoded","published",,"Gravel Pit Solar, LLC","GP","Gravel Pit","Gravel Pit Solar","Gravel Pit Solar","normal",,,,"Gravel Pit Solar","official_website","[]","DESRI Holdings","NPCC","[""GO""]","merchant","2","[]","[]","[]"
"2017","NCR13191","geocoded","published",,"Gray Hawk Solar, LLC","GH","Gray Hawk","Gray Hawk Solar","Gray Hawk Solar","normal",,,,"Gray Hawk","common_market_name","[]",,"WECC","[""GO""]",,"2","[]","[]","[]"
"2018","NCR12542","geocoded","published",,"Greasewood II LLC","GRSWD","Greasewood","Greasewood II","Greasewood II","normal",,,,"Greasewood II","name_initialism","[]",,"Texas RE","[""GO""]",,"2","[]","[]","[]"
"2019","NCR13350","geocoded","published",,"Great Bend Solar, LLC","Great","Great Bend","Great Bend Solar","Great Bend Solar","normal",,,,"Great","name_initialism","[]",,"RF","[""GO""]",,"2","[]","[]","[]"
"2020","NCR12561","geocoded","published",,"Great Kiskadee Storage, LLC","Kiskadee","Kiskadee","Great Kiskadee Storage","Great Kiskadee Storage","normal",,,,"Kiskadee","name_initialism","[]",,"Texas RE","[""GO""]",,"2","[]","[]","[]"
"2021","NCR12301","geocoded","published",,"Great Pathfinder Wind, LLC","PTHFND","Pathfinder","Great Pathfinder Wind","Great Pathfinder Wind","normal",,,,"Pathfinder","name_initialism","[]","Apex Clean Energy","MRO","[""GO""]","merchant","2","[]","[]","[]"
"2022","NCR11623","geocoded","published",,"Green Power Solutions of Georgia, LLC","GPS","GPS","Green Power Solutions of Georgia","Green Power Solutions of Georgia","normal",,,,"GPS","name_initialism","[]",,"SERC","[""GO""]",,"2","[]","[]","[]"
"2023","NCR13358","geocoded","published",,"Grimes County Solar Project, LLC","Grimes","Grimes","Grimes County Solar","Grimes County Solar Project","normal",,,,"Grimes Solar","name_initialism","[]",,"Texas RE","[""GO""]",,"2","[]","[]","[]"
"2024","NCR13525","geocoded","published",,"Grissom Solar, LLC","Grissom","Grissom","Grissom Solar","Grissom Solar","normal",,,,"Grissom Solar","common_market_name","[]","MN8 Energy","NPCC","[""GO""]","merchant","2","[]","[]","[]"
"2025","NCR13318","geocoded","published",,"Guajillo Energy Storage, LLC","Guajillo","Guajillo","Guajillo Energy Storage","Guajillo Energy Storage","normal",,,,"Guajillo","name_initialism","[]",,"Texas RE","[""GO""]",,"2","[]","[]","[]"
"2026","NCR13298","geocoded","published",,"Gulf Coast Solar Center I, LLC","GCSC I","GCSC I","Gulf Coast Solar Center I","Gulf Coast Solar Center I","normal",,,,"GCSC I","name_initialism","[]",,"SERC","[""GO""]",,"2","[]","[]","[]"
"2027","NCR13299","geocoded","published",,"Gulf Coast Solar Center II, LLC","GCSC II","GCSC II","Gulf Coast Solar Center II","Gulf Coast Solar Center II","normal",,,,"GCSC II","name_initialism","[]",,"SERC","[""GO""]",,"2","[]","[]","[]"
"2028","NCR13300","geocoded","published",,"Gulf Coast Solar Center III, LLC","GCSC III","GCSC III","Gulf Coast Solar Center III","Gulf Coast Solar Center III","normal",,,,"GCSC III","name_initialism","[]",,"SERC","[""GO""]",,"2","[]","[]","[]"
"2029","NCR13154","geocoded","published",,"Hancock Wind, LLC","Hancock","Hancock","Hancock Wind","Hancock Wind","normal",,,,"Hancock Wind","common_market_name","[]","Onward Energy","NPCC","[""GO""]","merchant","2","[]","[]","[]"
"2030","NCR12433","geocoded","published",,"Hanwha Convergence USA Corp.","Hanwha","Hanwha","Hanwha Convergence USA","Hanwha Convergence USA","normal",,,,"Hanwha Convergence","official_website","[]",,"Texas RE","[""GOP""]",,"2","[]","[]","[]"
"2031","NCR10265","geocoded","published",,"Happy Jack Windpower, LLC","HJ","Happy Jack","Happy Jack Windpower","Happy Jack Windpower","normal",,,,"Happy Jack","common_market_name","[]",,"WECC","[""GO""]",,"2","[]","[]","[]"
"2032","NCR12446","geocoded","published",,"Happy Solar 1, LLC","HS","Happy Solar","Happy Solar 1","Happy Solar 1","normal",,,,"Happy Solar 1","name_initialism","[]",,"SERC","[""GO""]",,"2","[]","[]","[]"
"2033","NCR12127","geocoded","published",,"Harry Allen Solar Energy, LLC","HA","Harry Allen","Harry Allen Solar","Harry Allen Solar Energy","normal",,,,"Harry Allen Solar","common_market_name","[]",,"WECC","[""GO""]",,"2","[]","[]","[]"
"2034","NCR12083","geocoded","published",,"Harts Mill Solar, LLC","HM","Harts Mill","Harts Mill Solar","Harts Mill Solar","normal",,,,"Harts Mill","name_initialism","[]",,"SERC","[""GO""]",,"2","[]","[]","[]"
"2035","NCR12478","geocoded","published",,"Harvest Gold Solar Power, LLC","HG","Harvest Gold","Harvest Gold Solar","Harvest Gold Solar Power","normal",,,,"Harvest Gold","name_initialism","[]",,"SERC","[""GO""]",,"2","[]","[]","[]"
"2036","NCR13410","geocoded","published",,"Hattiesburg Farm, LLC","HTTSBR","Hattiesburg","Hattiesburg Farm","Hattiesburg Farm","normal",,,,"Hattiesburg Farm","name_initialism","[]",,"SERC","[""GO""]",,"2","[]","[]","[]"
"2037","NCR12201","geocoded","published",,"Haystack Wind Project, LLC","Haystack","Haystack","Haystack Wind","Haystack Wind Project","normal",,,,"Haystack","name_initialism","[]","Orsted","MRO","[""GO""]","merchant","2","[]","[]","[]"
"2038","NCR12187","geocoded","published",,"HDSI, LLC","HDSI","HDSI","HDSI","HDSI","normal",,,,"HDSI","common_market_name","[]",,"WECC","[""GO""]",,"2","[]","[]","[]"
"2039","NCR12559","geocoded","published",,"Hecate Energy Highland, LLC","Hecate","Hecate","Hecate Energy Highland","Hecate Energy Highland","normal",,,,"Hecate","name_initialism","[]",,"RF","[""GO""]",,"2","[]","[]","[]"
"2040","NCR13091","geocoded","published",,"Hecate Energy Ramsey LLC","Aktina","Aktina","Hecate Energy Ramsey","Aktina Solar","normal",,,,"Aktina Solar","common_market_name","[]",,"Texas RE","[""GO""]",,"2","[]","[]","[]"
"2041","NCR12108","geocoded","published",,"Hillcrest Solar I, LLC","Hillcres","Hillcrest","Hillcrest Solar I","Hillcrest Solar I","normal",,,,"Hillcres","name_initialism","[]",,"RF","[""GO""]",,"2","[]","[]","[]"
"2042","NCR12528","geocoded","published",,"Honeysuckle Solar LLC","Honeysuc","Honeysuckle","Honeysuckle Solar","Honeysuckle Solar","normal",,,,"Honeysuc","name_initialism","[]",,"RF","[""GO""]",,"2","[]","[]","[]"
"2043","NCR12434","geocoded","published",,"Horizon Solar, LLC","Horizon","Horizon","Horizon Solar","Horizon Solar","normal",,,,"Horizon Solar","name_initialism","[]",,"Texas RE","[""GO""]",,"2","[]","[]","[]"
"2044","NCR12538","geocoded","published",,"Hornet Solar LLC","Hornet","Hornet","Hornet Solar","Hornet Solar","normal",,,,"Hornet Solar","common_market_name","[]",,"Texas RE","[""GO""]",,"2","[]","[]","[]"
"2045","NCR13237","geocoded","published",,"Hornshadow Solar, LLC","HRNSHD","Hornshadow","Hornshadow Solar","Hornshadow Solar","normal",,,,"Hornshadow","common_market_name","[]",,"WECC","[""GO""]",,"2","[]","[]","[]"
"2046","NCR12568","geocoded","published",,"Horseshoe Solar, LLC","HRSSH","Horseshoe","Horseshoe Solar","Horseshoe Solar","normal",,,,"Horseshoe","common_market_name","[]",,"WECC","[""GO""]",,"2","[]","[]","[]"
"2047","NCR13205","geocoded","published",,"House Mountain LLC","HM","House Mtn","House Mountain","House Mountain","normal",,,,"House Mountain","common_market_name","[]",,"Texas RE","[""GO""]",,"2","[]","[]","[]"
"2048","NCR11366","geocoded","published",,"Hudson Transmission Partners, LLC","HTP","HTP","Hudson Transmission Partners","Hudson Transmission Partners","normal",,,,"HTP","common_market_name","[]",,"RF","[""TO""]",,"2","[]","[]","[]"
"2049","NCR13553","geocoded","published",,"Hummingbird BESS","HMMNGB","Hummingbird","Hummingbird BESS","Hummingbird BESS","normal",,,,"Hummingbird","common_market_name","[]",,"WECC","[""GO""]",,"2","[]","[]","[]"
"2050","NCR12126","geocoded","published",,"Hunter Solar LLC","Hunter","Hunter","Hunter Solar","Hunter Solar","normal",,,,"Hunter Solar","common_market_name","[]",,"WECC","[""GO""]",,"2","[]","[]","[]"
"2051","NCR12563","geocoded","published",,"Hunter Solar, LLC (Hunter Colorado)","Hunter","Hunter CO","Hunter Solar Colorado","Hunter Solar (Hunter Colorado)","normal",,,,"Hunter CO","name_initialism","[]",,"WECC","[""GO""]",,"2","[]","[]","[]"
"2052","NCR13192","geocoded","published",,"Huntington Wind Projects","HNTNGT","Huntington","Huntington Wind","Huntington Wind Projects","normal",,,,"Huntington Wind","common_market_name","[]",,"WECC","[""GO""]",,"2","[]","[]","[]"
"2053","NCR12023","geocoded","published",,"Huntley Solar, LLC","Huntley","Huntley","Huntley Solar","Huntley Solar","normal",,,,"Huntley","name_initialism","[]",,"SERC","[""GO""]",,"2","[]","[]","[]"
"2054","NCR13039","geocoded","published",,"HV Sun SFA Manager 1, LLC","HV Sun","HV Sun","HV Sun SFA Manager 1","HV Sun SFA Manager 1","normal",,,,"HV Sun SFA","name_initialism","[]",,"WECC","[""GO""]",,"2","[]","[]","[]"
"2055","NCR12057","geocoded","published",,"Impact Solar 1, LLC","Impact","Impact","Impact Solar 1","Impact Solar 1","normal",,,,"Impact Solar","common_market_name","[]",,"Texas RE","[""GO""]",,"2","[]","[]","[]"
"2056","NCR11427","geocoded","published",,"Imperial Valley Solar 1, LLC","IVS1","IVS1","Imperial Valley Solar 1","Imperial Valley Solar 1","normal",,,,"IVS1","name_initialism","[]",,"WECC","[""GO""]",,"2","[]","[]","[]"
"2057","NCR11961","geocoded","published",,"Imperial Valley Solar 2, LLC","IVS2","IVS2","Imperial Valley Solar 2","Imperial Valley Solar 2","normal",,,,"IVS2","name_initialism","[]",,"WECC","[""GO""]",,"2","[]","[]","[]"
"2058","NCR11858","geocoded","published",,"Imperial Valley Solar 3, LLC","IVS3","IVS3","Imperial Valley Solar 3","Imperial Valley Solar 3","normal",,,,"IVS3","name_initialism","[]",,"WECC","[""GO""]",,"2","[]","[]","[]"
"2059","NCR13211","geocoded","published",,"Imperial Valley Solar Company 2, LLC","IVSC2","IVSC2","Imperial Valley Solar Company 2","Imperial Valley Solar Company 2","normal",,,,"IVSC2","name_initialism","[]",,"WECC","[""GO""]",,"2","[]","[]","[]"
"2060","NCR13446","geocoded","published",,"IN Solar 1, LLC","IN1","IN1","IN Solar 1","IN Solar 1","normal",,,,"IN","name_initialism","[]",,"RF","[""GO""]",,"2","[]","[]","[]"
"2061","NCR13558","geocoded","published",,"Indian Creek Solar Farm LLC","IC","Indian Creek","Indian Creek Solar Farm","Indian Creek Solar Farm","normal",,,,"Indian Creek","name_initialism","[]",,"SERC","[""GO""]",,"2","[]","[]","[]"
"2062","NCR05197","geocoded","published",,"Indigo Generation, LLC","Indigo","Indigo","Indigo Generation","Indigo Generation","normal",,,,"Indigo","common_market_name","[]",,"WECC","[""GO""]",,"2","[]","[]","[]"
"2063","NCR13490","geocoded","published",,"Innovative Solar 31, LLC","IS31","IS31","Innovative Solar 31","Innovative Solar 31","normal",,,,"IS31","name_initialism","[]",,"SERC","[""GO""]",,"2","[]","[]","[]"
"2064","NCR11782","geocoded","published",,"Innovative Solar 42, LLC","IS42","IS42","Innovative Solar 42","Innovative Solar 42","normal",,,,"IS42","name_initialism","[]",,"SERC","[""GO""]",,"2","[]","[]","[]"
"2065","NCR13497","geocoded","published",,"Innovative Solar 43","IS43","IS43","Innovative Solar 43","Innovative Solar 43","normal",,,,"IS43","name_initialism","[]",,"SERC","[""GO""]",,"2","[]","[]","[]"
"2066","NCR11624","geocoded","published",,"Innovative Solar 46, LLC","IS46","IS46","Innovative Solar 46","Innovative Solar 46","normal",,,,"IS46","name_initialism","[]",,"SERC","[""GO""]",,"2","[]","[]","[]"
"2067","NCR13449","geocoded","published",,"Innovative Solar 47, LLC","IS47","IS47","Innovative Solar 47","Innovative Solar 47","normal",,,,"IS47","name_initialism","[]",,"SERC","[""GO""]",,"2","[]","[]","[]"
"2068","NCR13408","geocoded","published",,"Innovative Solar 67, LLC","IS67","IS67","Innovative Solar 67","Innovative Solar 67","normal",,,,"IS67","name_initialism","[]",,"SERC","[""GO""]",,"2","[]","[]","[]"
"2069","NCR12321","geocoded","published",,"IP Radian, LLC","Radian","Radian","IP Radian","IP Radian","normal",,,,"IP Radian","name_initialism","[]",,"Texas RE","[""GO""]",,"2","[]","[]","[]"
"2070","NCR11257","geocoded","published",,"Ironwood Windpower, LLC","Ironwood","Ironwood","Ironwood Windpower","Ironwood Windpower","normal",,,,"Ironwood","common_market_name","[]","Duke Energy","MRO","[""GO""]","merchant","2","[]","[]","[]"
"2071","NCR12318","geocoded","published",,"Jackpot Holdings, LLC","Jackpot","Jackpot","Jackpot Holdings","Jackpot Holdings","normal",,,,"Jackpot","common_market_name","[]",,"WECC","[""GO""]",,"2","[]","[]","[]"
"2072","NCR13185","geocoded","published",,"Jacumba Solar, LLC","Jacumba","Jacumba","Jacumba Solar","Jacumba Solar","normal",,,,"Jacumba","common_market_name","[]",,"WECC","[""GO""]",,"2","[]","[]","[]"
"2073","NCR13347","geocoded","published",,"Jones Farm Lane Solar, LLC","JF","Jones Farm","Jones Farm Lane Solar","Jones Farm Lane Solar","normal",,,,"Jones Farm Lane","name_initialism","[]",,"RF","[""GO""]",,"2","[]","[]","[]"
"2074","NCR13473","geocoded","published",,"Justice BESS, LLC","Justice","Justice","Justice BESS","Justice BESS","normal",,,,"Justice BESS","common_market_name","[]",,"WECC","[""GO""]",,"2","[]","[]","[]"
"2075","NCR01109","geocoded","published",,"Kansas Electric Power Cooperative, Inc.","KEPCo","KEPCo","Kansas Electric Power Cooperative","Kansas Electric Power Cooperative","normal",,,,"KEPCo","official_website","[]",,"MRO","[""RP""]","cooperative","2","[]","[]","[]"
"2076","NCR11712","geocoded","published",,"Kelly Creek Wind, LLC","KC","Kelly Creek","Kelly Creek Wind","Kelly Creek Wind","normal",,,,"Kelly Creek","name_initialism","[]",,"RF","[""GO""]",,"2","[]","[]","[]"
"2077","NCR13285","geocoded","published",,"Kelso Solar, LLC","Kelso","Kelso","Kelso Solar","Kelso Solar","normal",,,,"Kelso","name_initialism","[]",,"SERC","[""GO""]",,"2","[]","[]","[]"
"2078","NCR13212","geocoded","published",,"Kent South, LLC","KS","Kent South","Kent South","Kent South","normal",,,,"Kent South","common_market_name","[]",,"WECC","[""GO""]",,"2","[]","[]","[]"
"2079","NCR13441","geocoded","published",,"Kimmel Road Solar, LLC","Kimmel","Kimmel","Kimmel Road Solar","Kimmel Road Solar","normal",,,,"Kimmel Rd","name_initialism","[]",,"SERC","[""GO""]",,"2","[]","[]","[]"
"2080","NCR13195","geocoded","published",,"Kingbird Solar A, LLC","KNGBRD","Kingbird A","Kingbird Solar A","Kingbird Solar A","normal",,,,"Kingbird A","common_market_name","[]",,"WECC","[""GO""]",,"2","[]","[]","[]"
"2081","NCR13199","geocoded","published",,"Kingbird Solar B, LLC","KB","Kingbird B","Kingbird Solar B","Kingbird Solar B","normal",,,,"Kingbird B","common_market_name","[]",,"WECC","[""GO""]",,"2","[]","[]","[]"
"2082","NCR13495","geocoded","published",,"Kingman Energy Storage LLC","Kingman","Kingman","Kingman Energy Storage","Kingman Energy Storage","normal",,,,"Kingman ES","name_initialism","[]",,"WECC","[""GO""]",,"2","[]","[]","[]"
"2083","NCR13165","geocoded","published",,"Kit Carson Windpower, LLC","KC","Kit Carson","Kit Carson Windpower","Kit Carson Windpower","normal",,,,"Kit Carson Wind","common_market_name","[]",,"WECC","[""GO""]",,"2","[]","[]","[]"
"2084","NCR13155","geocoded","published",,"Kumeyaay Wind","Kumeyaay","Kumeyaay","Kumeyaay Wind","Kumeyaay Wind","normal",,,,"Kumeyaay Wind","common_market_name","[]",,"WECC","[""GO""]",,"2","[]","[]","[]"
"2085","NCR13065","geocoded","published",,"Kuna BESS LLC","Kuna","Kuna","Kuna BESS","Kuna BESS","normal",,,,"Kuna BESS","common_market_name","[]",,"WECC","[""GO""]",,"2","[]","[]","[]"
"2086","NCR13295","geocoded","published",,"LA3 West Baton Rouge, L.L.C.","LA3","LA3","LA3 West Baton Rouge","LA3 West Baton Rouge","normal",,,,"LA3 WBR","name_initialism","[]",,"SERC","[""GO""]",,"2","[]","[]","[]"
"2087","NCR11885","geocoded","published",,"Lamesa II Solar, LLC","LI","Lamesa II","Lamesa II Solar","Lamesa II Solar","normal",,,,"Lamesa II","common_market_name","[]",,"Texas RE","[""GO""]",,"2","[]","[]","[]"
"2088","NCR12186","geocoded","published",,"Lancaster Solar, LLC","LNCSTR","Lancaster","Lancaster Solar","Lancaster Solar","normal",,,,"Lancaster","name_initialism","[]",,"SERC","[""GO""]",,"2","[]","[]","[]"
"2089","NCR13398","geocoded","published",,"Landrace Solar, LLC","Landrace","Landrace","Landrace Solar","Landrace Solar","normal",,,,"Landrace","name_initialism","[]",,"SERC","[""GO""]",,"2","[]","[]","[]"
"2090","NCR11976","geocoded","published",,"Lapetus Energy Project, LLC","Lapetus","Lapetus","Lapetus Energy Project","Lapetus Energy Project","normal",,,,"Lapetus","eia_861","[]",,"Texas RE","[""GO""]",,"2","[]","[]","[]"
"2091","NCR05213","geocoded","published",,"Larkspur Energy, LLC","Larkspur","Larkspur","Larkspur Energy","Larkspur Energy","normal",,,,"Larkspur","common_market_name","[]",,"WECC","[""GO""]",,"2","[]","[]","[]"
"2092","NCR12092","geocoded","published",,"Las Majadas Wind Project, LLC","LM","Las Majadas","Las Majadas Wind","Las Majadas Wind Project","normal",,,,"Las Majadas","eia_861","[]",,"Texas RE","[""GO""]",,"2","[]","[]","[]"
"2093","NCR13245","geocoded","published",,"Laurel Hill Wind Energy, LLC","LH","Laurel Hill","Laurel Hill Wind Energy","Laurel Hill Wind Energy","normal",,,,"Laurel Hill","name_initialism","[]",,"RF","[""GO""]",,"2","[]","[]","[]"
"2094","NCR12290","geocoded","published",,"Ledyard Windpower, LLC","Ledyard","Ledyard","Ledyard Windpower","Ledyard Windpower","normal",,,,"Ledyard","common_market_name","[]","Deriva Energy","MRO","[""GO""]","merchant","2","[]","[]","[]"
"2095","NCR13317","geocoded","published",,"Liberty 1 Solar, LLC","L1","Liberty 1","Liberty 1 Solar","Liberty 1 Solar","normal",,,,"Liberty 1","eia_861","[]",,"Texas RE","[""GO""]",,"2","[]","[]","[]"
"2096","NCR13453","geocoded","published",,"Lick Creek Solar, LLC","LC","Lick Creek","Lick Creek Solar","Lick Creek Solar","normal",,,,"Lick Creek","name_initialism","[]",,"SERC","[""GO""]",,"2","[]","[]","[]"
"2097","NCR13450","geocoded","published",,"Lily Solar LLC","Lily","Lily","Lily Solar","Lily Solar","normal",,,,"Lily","name_initialism","[]",,"SERC","[""GO""]",,"2","[]","[]","[]"
"2098","NCR13178","geocoded","published",,"Lindahl Wind Project LLC","Lindahl","Lindahl","Lindahl Wind Project","Lindahl Wind Project","normal",,,,"Lindahl","common_market_name","[]","Enel Green Power","MRO","[""GO""]","merchant","2","[]","[]","[]"
"2099","NCR12346","geocoded","published",,"Lockhart Solar PV, LLC (Lockhart I)","LI","Lockhart I","Lockhart Solar I","Lockhart Solar PV I","normal",,,,"Lockhart I","common_market_name","[]",,"WECC","[""GO""]",,"2","[]","[]","[]"
"2100","NCR07132","geocoded","published",,"Lockport Energy Associates","LEA","LEA","Lockport Energy Associates","Lockport Energy Associates","normal",,,,"LEA","name_initialism","[]",,"NPCC","[""GO""]","merchant","2","[]","[]","[]"
"2101","NCR13342","geocoded","published",,"Lone Star Solar, LLC","LS","Lone Star","Lone Star Solar","Lone Star Solar","normal",,,,"Lone Star","name_initialism","[]",,"SERC","[""GO""]",,"2","[]","[]","[]"
"2102","NCR13024","geocoded","published",,"Long Lake Solar, LLC","LL","Long Lake","Long Lake Solar","Long Lake Solar","normal",,,,"Long Lake","name_initialism","[]",,"SERC","[""GO""]",,"2","[]","[]","[]"
"2103","NCR12569","geocoded","published",,"Longroad Energy Services","Longroad","Longroad","Longroad Energy Services","Longroad Energy Services","major",,,,"Longroad","official_website","[]",,"NPCC","[""GOP""]","merchant","2","[]","[]","[]"
"2104","NCR13557","geocoded","published",,"Lotus Wind, LLC","Lotus","Lotus","Lotus Wind","Lotus Wind","normal",,,,"Lotus","name_initialism","[]",,"SERC","[""GO""]",,"2","[]","[]","[]"
"2105","NCR12499","geocoded","published",,"LRE Operations Control Center","LRE","LRE","LRE Operations Control Center","LRE Operations Control Center","normal",,,,"LRE OCC","name_initialism","[]","Leeward Renewable Energy","MRO","[""GOP""]","merchant","2","[]","[]","[]"
"2106","NCR13288","geocoded","published",,"Lucky Bluff BESS LLC","LB","Lucky Bluff","Lucky Bluff BESS","Lucky Bluff BESS","normal",,,,"Lucky Bluff","name_initialism","[]",,"Texas RE","[""GO""]",,"2","[]","[]","[]"
"2107","NCR13307","geocoded","published",,"Lyons Solar, LLC","Lyons","Lyons","Lyons Solar","Lyons Solar","normal",,,,"Lyons Solar","name_initialism","[]",,"RF","[""GO""]",,"2","[]","[]","[]"
"2108","NCR12309","geocoded","published",,"Madero Grid, LLC","Madero","Madero","Madero Grid","Madero Grid","normal",,,,"Madero Grid","name_initialism","[]",,"Texas RE","[""GO""]",,"2","[]","[]","[]"
"2109","NCR11793","geocoded","published",,"Marco DM Holdings, LLC","MarcoDM","MarcoDM","Marco DM Holdings","Marco DM Holdings","normal",,,,"MarcoDM","name_initialism","[]",,"NPCC","[""GO""]","merchant","2","[]","[]","[]"
"2110","NCR13213","geocoded","published",,"Maricopa West Solar PV, LLC","Maricopa","Maricopa","Maricopa West Solar","Maricopa West Solar PV","normal",,,,"Maricopa West","common_market_name","[]",,"WECC","[""GO""]",,"2","[]","[]","[]"
"2111","NCR13483","geocoded","published",,"Marion County Solar Project, LLC","Marion","Marion","Marion County Solar","Marion County Solar Project","normal",,,,"Marion County","name_initialism","[]",,"RF","[""GO""]",,"2","[]","[]","[]"
"2112","NCR11256","geocoded","published",,"Mariposa Energy, LLC","Mariposa","Mariposa","Mariposa Energy","Mariposa Energy","normal",,,,"Mariposa","common_market_name","[]",,"WECC","[""GO""]",,"2","[]","[]","[]"
"2113","NCR01006","geocoded","published",,"Marshall Municipal Utilities","MMU","MMU","Marshall Municipal Utilities","Marshall Municipal Utilities","normal",,,,"MMU","official_website","[]",,"MRO","[""TO""]","municipal","2","[]","[]","[]"
"2114","NCR12531","geocoded","published",,"Martin County Solar Project, LLC","Martin","Martin","Martin County Solar","Martin County Solar Project","normal",,,,"Martin County","name_initialism","[]",,"RF","[""GO""]",,"2","[]","[]","[]"
"2115","NCR12079","geocoded","published",,"Maverick Solar, LLC","Maverick","Maverick","Maverick Solar","Maverick Solar","normal",,,,"Maverick Solar","common_market_name","[]",,"WECC","[""GO""]",,"2","[]","[]","[]"
"2116","NCR13519","geocoded","published",,"MD Solar 2 LLC","MS2","MD Solar 2","MD Solar 2","MD Solar 2","normal",,,,"MD Solar 2","name_initialism","[]",,"RF","[""GO""]",,"2","[]","[]","[]"
"2117","NCR12327","geocoded","published",,"Meadow Lake Solar Park LLC","ML","Meadow Lake","Meadow Lake Solar Park","Meadow Lake Solar Park","normal",,,,"Meadow Lake","name_initialism","[]",,"RF","[""GO""]",,"2","[]","[]","[]"
"2118","NCR13426","geocoded","published",,"Medway Grid, LLC","Medway","Medway","Medway Grid","Medway Grid","normal",,,,"MEDGRID","name_initialism","[]",,"NPCC","[""GO""]","merchant","2","[]","[]","[]"
"2119","NCR13389","geocoded","published",,"Mesa Wind Power LLC","MW","Mesa Wind","Mesa Wind Power","Mesa Wind Power","normal",,,,"Mesa Wind","common_market_name","[]",,"WECC","[""GO""]",,"2","[]","[]","[]"
"2120","NCR12036","geocoded","published",,"Midlands Solar LLC","Midlands","Midlands","Midlands Solar","Midlands Solar","normal",,,,"Midlands","name_initialism","[]",,"SERC","[""GO""]",,"2","[]","[]","[]"
"2121","NCR13125","geocoded","published",,"Milagro Solar 1, LLC","Milagro","Milagro","Milagro Solar 1","Milagro Solar 1","normal",,,,"Milagro Solar","common_market_name","[]",,"WECC","[""GO""]",,"2","[]","[]","[]"
"2122","NCR11990","geocoded","published",,"Miller Bros. Solar, LLC","MB","Miller Bros","Miller Bros. Solar","Miller Bros. Solar","normal",,,,"Miller Bros Solar","official_website","[]",,"MRO","[""GOP""]","merchant","2","[]","[]","[]"
"2123","NCR12279","geocoded","published",,"Milligan Wind Farm, LLC","Milligan","Milligan","Milligan Wind Farm","Milligan Wind Farm","normal",,,,"Milligan Wind","common_market_name","[]","EDF Renewables","MRO","[""GO""]","merchant","2","[]","[]","[]"
"2124","NCR13107","geocoded","published",,"MN8 Solutions","MN8","MN8","MN8 Solutions","MN8 Solutions","normal",,,,"MN8","official_website","[]",,"NPCC","[""GOP""]","merchant","2","[]","[]","[]"
"2125","NCR11697","geocoded","published",,"Moapa Southern Paiute Solar, LLC","Moapa","Moapa","Moapa Southern Paiute Solar","Moapa Southern Paiute Solar","normal",,,,"Moapa Solar","common_market_name","[]",,"WECC","[""GO""]",,"2","[]","[]","[]"
"2126","NCR07037","geocoded","published",,"Mohegan Tribal Utility Authority","MTUA","MTUA","Mohegan Tribal Utility Authority","Mohegan Tribal Utility Authority","normal",,,,"MTUA","name_initialism","[]",,"NPCC","[""TO""]","other","2","[]","[]","[]"
"2127","NCR13562","geocoded","published",,"Monte Cristo Windpower, LLC","MC","Monte Cristo","Monte Cristo Windpower","Monte Cristo Windpower","normal",,,,"Monte Cristo","eia_861","[]",,"Texas RE","[""GO""]",,"2","[]","[]","[]"
"2128","NCR12537","geocoded","published",,"Moonshot Solar, LLC","Moonshot","Moonshot","Moonshot Solar","Moonshot Solar","normal",,,,"Moonshot","name_initialism","[]",,"SERC","[""GO""]",,"2","[]","[]","[]"
"2129","NCR12546","geocoded","published",,"Morris Ridge Solar Energy Center, LLC","MRSEC","Morris Ridge","Morris Ridge Solar","Morris Ridge Solar Energy Center","normal",,,,"MRSEC","name_initialism","[]",,"NPCC","[""GO""]","merchant","2","[]","[]","[]"
"2130","NCR13316","geocoded","published",,"Morrow Lake Solar, LLC","ML","Morrow Lake","Morrow Lake Solar","Morrow Lake Solar","normal",,,,"Morrow Lake","eia_861","[]",,"Texas RE","[""GO""]",,"2","[]","[]","[]"
"2131","NCR13412","geocoded","published",,"MS Solar 3, LLC","MS3","MS Solar 3","MS Solar 3","MS Solar 3","normal",,,,"MS Solar 3","name_initialism","[]",,"SERC","[""GO""]",,"2","[]","[]","[]"
"2132","NCR12553","geocoded","published",,"MS Solar 5, LLC","MS5","MS Solar 5","MS Solar 5","MS Solar 5","normal",,,,"MS Solar 5","name_initialism","[]",,"SERC","[""GO""]",,"2","[]","[]","[]"
"2133","NCR13434","geocoded","published",,"MS Solar 7, LLC","MS7","MS Solar 7","MS Solar 7","MS Solar 7","normal",,,,"MS Solar 7","name_initialism","[]",,"SERC","[""GO""]",,"2","[]","[]","[]"
"2134","NCR13512","geocoded","published",,"Mt. Home Solar 1, LLC","Mt Home","Mt Home","Mt. Home Solar 1","Mt. Home Solar 1","normal",,,,"Mt Home Solar","name_initialism","[]",,"WECC","[""GO""]",,"2","[]","[]","[]"
"2135","NCR12320","geocoded","published",,"MTSun Solar LLC","MTSun","MTSun","MTSun Solar","MTSun Solar","normal",,,,"MTSun","common_market_name","[]",,"WECC","[""GO""]",,"2","[]","[]","[]"
"2136","NCR13430","geocoded","published",,"Mulberry Farm, LLC","Mulberry","Mulberry","Mulberry Farm","Mulberry Farm","normal",,,,"Mulberry","name_initialism","[]",,"SERC","[""GO""]",,"2","[]","[]","[]"
"2137","NCR13457","geocoded","published",,"Myrtle Storage, LLC","Myrtle","Myrtle","Myrtle Storage","Myrtle Storage","normal",,,,"Myrtle Storage","name_initialism","[]",,"Texas RE","[""GO""]",,"2","[]","[]","[]"
"2138","NCR13088","geocoded","published",,"NAES Corporation - Albemarle Beach Solar","NAES-ABS","Albemarle","Albemarle Beach Solar","Albemarle Beach Solar","normal",,,,"NAES-ABS","name_initialism","[]",,"SERC","[""GO""]",,"2","[]","[]","[]"
"2139","NCR11795","geocoded","published",,"NAES Corporation - Dighton","Dighton","Dighton","NAES Dighton","Dighton Power","normal",,,,"Dighton","name_initialism","[]",,"NPCC","[""GOP""]","merchant","2","[]","[]","[]"
"2140","NCR11306","geocoded","published",,"NAES Corporation - Ferndale","Ferndale","Ferndale","NAES Ferndale","Ferndale Generating Station","normal",,,,"NAES Ferndale","name_initialism","[]",,"WECC","[""GOP""]",,"2","[]","[]","[]"
"2141","NCR12472","geocoded","published",,"NAES Corporation - Holloman Solar","Holloman","Holloman","NAES Holloman Solar","Holloman Solar","normal",,,,"NAES-Holloman","name_initialism","[]",,"SERC","[""GO""]",,"2","[]","[]","[]"
"2142","NCR11017","geocoded","published",,"NAES Corporation - Lawrence","Lawrence","Lawrence","NAES Lawrence","Lawrence Energy Center","normal",,,,"NAES Lawrence","name_initialism","[]",,"RF","[""GOP""]",,"2","[]","[]","[]"
"2143","NCR12473","geocoded","published",,"NAES Corporation - Ranchland Solar","RNCHLN","Ranchland","NAES Ranchland Solar","Ranchland Solar","normal",,,,"NAES-Ranchland","name_initialism","[]",,"SERC","[""GO""]",,"2","[]","[]","[]"
"2144","NCR11728","geocoded","published",,"NAES Corporation - Wabash River Highland","Wabash","Wabash","NAES Wabash River","Wabash River Highland","normal",,,,"NAES Wabash River","name_initialism","[]",,"RF","[""GOP""]",,"2","[]","[]","[]"
"2145","NCR11018","geocoded","published",,"NAES Corporation - Worthington","WRTHNG","Worthington","NAES Worthington","Worthington Generating Station","normal",,,,"NAES Worthington","name_initialism","[]",,"RF","[""GOP""]",,"2","[]","[]","[]"
"2146","NCR13451","geocoded","published",,"NARENCO","NARENCO","NARENCO","NARENCO","NARENCO","normal",,,,"NARENCO","official_website","[]",,"SERC","[""GOP""]",,"2","[]","[]","[]"
"2147","NCR13560","geocoded","published",,"NC 102 Project, LLC","NC 102","NC 102","NC 102 Project","NC 102 Project","normal",,,,"NC 102","common_market_name","[]",,"SERC","[""GO""]",,"2","[]","[]","[]"
"2148","NCR00130","geocoded","published",,"Neptune Regional Transmission System, LLC","Neptune","Neptune","Neptune Regional Transmission","Neptune Regional Transmission System","normal",,,,"Neptune","common_market_name","[]",,"NPCC","[""TO""]","other","2","[]","[]","[]"
"2149","NCR13274","geocoded","published",,"Nestlewood Solar I LLC","NSTLWD","Nestlewood","Nestlewood Solar I","Nestlewood Solar I","normal",,,,"Nestlewood","common_market_name","[]",,"RF","[""GO""]",,"2","[]","[]","[]"
"2150","NCR13508","geocoded","published",,"New Britain - Generate NB Fuel Cells, LLC","GenNB","GenNB","Generate NB Fuel Cells","Generate NB Fuel Cells","normal",,,,"GenNB","name_initialism","[]",,"NPCC","[""GO""]","merchant","2","[]","[]","[]"
"2151","NCR11526","geocoded","published",,"Newark Energy Center, LLC","Newark","Newark","Newark Energy Center","Newark Energy Center","normal",,,,"NEC","name_initialism","[]",,"RF","[""GO""]",,"2","[]","[]","[]"
"2152","NCR12235","geocoded","published",,"Nexus Line, LLC","Nexus","Nexus","Nexus Line","Nexus Line","normal",,,,"Nexus Line","name_initialism","[]","Rainbow Energy Marketing Corporation","MRO","[""TO""]","IOU","2","[]","[]","[]"
"2153","NCR13196","geocoded","published",,"Nicolis, LLC","Nicolis","Nicolis","Nicolis","Nicolis","normal",,,,"Nicolis","common_market_name","[]",,"WECC","[""GO""]",,"2","[]","[]","[]"
"2154","NCR13559","geocoded","published",,"NM 18 II LLC","NM 18","NM 18","NM 18 II","NM 18 II","normal",,,,"NM 18 II","name_initialism","[]",,"WECC","[""GO""]",,"2","[]","[]","[]"
"2155","NCR12464","geocoded","published",,"North Fork Solar Project, LLC","NF","North Fork","North Fork Solar","North Fork Solar Project","normal",,,,"North Fork Solar","name_initialism","[]","Recurrent Energy","MRO","[""GO""]","merchant","2","[]","[]","[]"
"2156","NCR13499","geocoded","published",,"North Johnson Energy Center, LLC","NJEC","NJEC","North Johnson Energy Center","North Johnson Energy Center","normal",,,,"NJEC","name_initialism","[]",,"WECC","[""GO""]",,"2","[]","[]","[]"
"2157","NCR11927","geocoded","published",,"North Rosamond Solar, LLC","Rosamond","Rosamond","North Rosamond Solar","North Rosamond Solar","normal",,,,"North Rosamond","common_market_name","[]",,"WECC","[""GO""]",,"2","[]","[]","[]"
"2158","NCR11684","geocoded","published",,"North Star Solar PV, LLC","NS","North Star","North Star Solar","North Star Solar","normal",,,,"North Star Solar","common_market_name","[]","DESRI","MRO","[""GO""]","merchant","2","[]","[]","[]"
"2159","NCR11607","geocoded","published",,"Northeast Texas Electric Cooperative - HCPP","HCPP","HCPP","Northeast Texas EC HCPP","Northeast Texas Electric Cooperative HCPP","normal",,,,"HCPP","common_market_name","[]","Northeast Texas Electric Cooperative","MRO","[""GO""]","cooperative","2","[]","[]","[]"
"2160","NCR10276","geocoded","published",,"Notrees Windpower, LP","Notrees","Notrees","Notrees Windpower","Notrees Windpower","normal",,,,"Notrees","common_market_name","[]",,"Texas RE","[""GO""]",,"2","[]","[]","[]"
"2161","NCR12096","geocoded","published",,"NovaSource Power Services","NVSRC","NovaSource","NovaSource Power Services","NovaSource Power Services","normal",,,,"NovaSource","common_market_name","[]",,"NPCC","[""GOP""]","other","2","[]","[]","[]"
"2162","NCR12362","geocoded","published",,"Oak Trail Solar, LLC","OT","Oak Trail","Oak Trail Solar","Oak Trail Solar","normal",,,,"Oak Trail Solar","common_market_name","[]",,"SERC","[""GO""]",,"2","[]","[]","[]"
"2163","NCR13423","geocoded","published",,"Oasis Power Partners","Oasis","Oasis","Oasis Power Partners","Oasis Power Partners","normal",,,,"Oasis Wind","common_market_name","[]",,"WECC","[""GO""]",,"2","[]","[]","[]"
"2164","NCR13156","geocoded","published",,"Ocotillo Solar, LLC","Ocotillo","Ocotillo","Ocotillo Solar","Ocotillo Solar","normal",,,,"Ocotillo Solar","common_market_name","[]",,"WECC","[""GO""]",,"2","[]","[]","[]"
"2165","NCR12355","geocoded","published",,"Onward Energy ROC LLC","Onward","Onward","Onward Energy ROC","Onward Energy ROC","normal",,,,"Onward ROC","official_website","[]","Onward Energy","MRO","[""GOP""]","merchant","2","[]","[]","[]"
"2166","NCR13201","geocoded","published",,"Orchard Windfarm, LLC","Orchard","Orchard","Orchard Windfarm","Orchard Windfarm","normal",,,,"Orchard Wind","common_market_name","[]",,"WECC","[""GO""]",,"2","[]","[]","[]"
"2167","NCR05287","geocoded","published",,"Oregon Trail Electric Consumers Cooperative","OTEC","OTEC","Oregon Trail Electric Cooperative","Oregon Trail Electric Consumers Cooperative","normal",,,,"OTEC","official_website","[]",,"WECC","[""TO""]",,"2","[]","[]","[]"
"2168","NCR13179","geocoded","published",,"Origin Wind Energy LLC","Origin","Origin","Origin Wind Energy","Origin Wind Energy","normal",,,,"Origin Wind","common_market_name","[]","Enel Green Power","MRO","[""GO""]","merchant","2","[]","[]","[]"
"2169","NCR12161","geocoded","published",,"Origis Services, LLC","Origis","Origis","Origis Services","Origis Services","normal",,,,"Origis","official_website","[]",,"RF","[""GOP""]",,"2","[]","[]","[]"
"2170","NCR13366","geocoded","published",,"ORNI 30 LLC","ORNI","ORNI","ORNI 30","ORNI 30","normal",,,,"ORNI 30","name_initialism","[]",,"WECC","[""GO""]",,"2","[]","[]","[]"
"2171","NCR13337","geocoded","published",,"Orsted Wind Power North America, LLC","Orsted","Orsted","Orsted Wind Power North America","Orsted Wind Power North America","major",,,,"Orsted","official_website","[]","Orsted A/S","MRO","[""GOP""]","merchant","2","[]","[]","[]"
"2172","NCR12552","geocoded","published",,"Oxbow Solar Farm 1, LLC","Oxbow","Oxbow","Oxbow Solar Farm 1","Oxbow Solar Farm 1","normal",,,,"Oxbow Solar","common_market_name","[]",,"SERC","[""GO""]",,"2","[]","[]","[]"
"2173","NCR11442","geocoded","published",,"Pacific Wind","PW","Pacific Wind","Pacific Wind","Pacific Wind","normal",,,,"Pacific Wind","common_market_name","[]",,"WECC","[""GO""]",,"2","[]","[]","[]"
"2174","NCR13157","geocoded","published",,"Palmer Solar LLC","PS","Palmer Solar","Palmer Solar","Palmer Solar LLC","normal",,,,"Palmer Solar","common_market_name","[]",,"WECC","[""GO""]",,"2","[]","[]","[]"
"2175","NCR11979","geocoded","published",,"Palmetto Plains Solar Project, LLC","Palmetto","Palmetto","Palmetto Plains Solar","Palmetto Plains Solar Project","normal",,,,"Palmetto Plains","common_market_name","[]",,"SERC","[""GO""]",,"2","[]","[]","[]"
"2176","NCR11344","geocoded","published",,"Palouse Wind, LLC","PW","Palouse Wind","Palouse Wind","Palouse Wind, LLC","normal",,,,"Palouse Wind","common_market_name","[]",,"WECC","[""GO""]",,"2","[]","[]","[]"
"2177","NCR12383","geocoded","published",,"Paris Farm Solar, LLC","Eiffel","Eiffel","Paris Farm Solar","Eiffel Solar","normal",,,,"Eiffel Solar","common_market_name","[]",,"Texas RE","[""GO""]",,"2","[]","[]","[]"
"2178","NCR13270","geocoded","published",,"Parliament Solar, LLC","PRLMNT","Parliament","Parliament Solar","Parliament Solar","normal",,,,"Parliament","name_initialism","[]",,"Texas RE","[""GO""]",,"2","[]","[]","[]"
"2179","NCR13543","geocoded","published",,"Partin Solar, LLC","Partin","Partin","Partin Solar","Partin Solar","normal",,,,"Partin Solar","common_market_name","[]",,"SERC","[""GO""]",,"2","[]","[]","[]"
"2180","NCR12412","geocoded","published",,"Pearce Renewables","Pearce","Pearce","Pearce Renewables","Pearce Renewables","normal",,,,"Pearce","official_website","[]",,"Texas RE","[""GOP""]",,"2","[]","[]","[]"
"2181","NCR13081","geocoded","published",,"Peregrine Energy Storage, LLC","PE","Peregrine ES","Peregrine Energy Storage","Peregrine Energy Storage, LLC","normal",,,,"Peregrine ES","official_website","[]",,"WECC","[""GO""]",,"2","[]","[]","[]"
"2182","NCR12098","geocoded","published",,"PES Remote Operations Center","PES","PES","PES Remote Operations Center","PES Remote Operations Center","normal",,,,"PES ROC","name_initialism","[]",,"Texas RE","[""GOP""]",,"2","[]","[]","[]"
"2183","NCR11346","geocoded","published",,"Petra Nova Power I LLC","PN","Petra Nova","Petra Nova Power","Petra Nova Power","normal",,,,"Petra Nova","common_market_name","[]",,"Texas RE","[""GO""]",,"2","[]","[]","[]"
"2184","NCR12303","geocoded","published",,"Phobos Solar, LLC","Phobos","Phobos","Phobos Solar","Phobos Solar","normal",,,,"Phobos Solar","common_market_name","[]",,"SERC","[""GO""]",,"2","[]","[]","[]"
"2185","NCR11934","geocoded","published",,"Phoebe Energy Project, LLC","Phoebe","Phoebe","Phoebe Energy Project","Phoebe Energy Project","normal",,,,"Phoebe","name_initialism","[]",,"Texas RE","[""GO""]",,"2","[]","[]","[]"
"2186","NCR13020","geocoded","published",,"Pike Solar LLC","PS","Pike Solar","Pike Solar","Pike Solar LLC","normal",,,,"Pike Solar","eia_861","[]",,"WECC","[""GO""]",,"2","[]","[]","[]"
"2187","NCR11569","geocoded","published",,"Pilot Hill Wind, LLC","PH","Pilot Hill","Pilot Hill Wind","Pilot Hill Wind","normal",,,,"Pilot Hill","common_market_name","[]",,"RF","[""GO""]",,"2","[]","[]","[]"
"2188","NCR13545","geocoded","published",,"Pineview Solar, LLC","Pineview","Pineview","Pineview Solar","Pineview Solar","normal",,,,"Pineview Solar","common_market_name","[]",,"SERC","[""GO""]",,"2","[]","[]","[]"
"2189","NCR13537","geocoded","published",,"Pinnington Solar LLC","PNNNGT","Pinnington","Pinnington Solar","Pinnington Solar","normal",,,,"Pinnington","name_initialism","[]",,"Texas RE","[""GO""]",,"2","[]","[]","[]"
"2190","NCR11861","geocoded","published",,"Pioneer Transmission, LLC","Pioneer","Pioneer","Pioneer Transmission","Pioneer Transmission","normal",,,,"Pioneer TX","name_initialism","[]",,"RF","[""TO""]",,"2","[]","[]","[]"
"2191","NCR12317","geocoded","published",,"Pisgah Ridge Solar, LLC","Pisgah","Pisgah","Pisgah Ridge Solar","Pisgah Ridge Solar","normal",,,,"Pisgah Ridge","name_initialism","[]",,"Texas RE","[""GO""]",,"2","[]","[]","[]"
"2192","NCR13510","geocoded","published",,"Pitts Dudik Solar LLC","PD","Pitts Dudik","Pitts Dudik Solar","Pitts Dudik Solar","normal",,,,"Pitts Dudik","name_initialism","[]",,"Texas RE","[""GO""]",,"2","[]","[]","[]"
"2193","NCR13520","geocoded","published",,"Pleasant Valley Solar 2, LLC","PVS2","PVS2","Pleasant Valley Solar 2","Pleasant Valley Solar 2, LLC","normal",,,,"PVS2","name_initialism","[]",,"WECC","[""GO""]",,"2","[]","[]","[]"
"2194","NCR12571","geocoded","published",,"Pleasant Valley Solar, LLC","PVS1","PVS1","Pleasant Valley Solar","Pleasant Valley Solar, LLC","normal",,,,"PVS1","name_initialism","[]",,"WECC","[""GO""]",,"2","[]","[]","[]"
"2195","NCR10385","geocoded","published",,"Plum Point Energy Associates (PPEA), LLC - GO","PPEA","PPEA","Plum Point Energy Associates","Plum Point Energy Associates","normal",,,,"PPEA","common_market_name","[]",,"SERC","[""GO""]",,"2","[]","[]","[]"
"2196","NCR13261","geocoded","published",,"Poblano Energy Storage, LLC","PE","Poblano ES","Poblano Energy Storage","Poblano Energy Storage, LLC","normal",,,,"Poblano ES","name_initialism","[]",,"WECC","[""GO""]",,"2","[]","[]","[]"
"2197","NCR13424","geocoded","published",,"Point Wind 1","PW","Point Wind","Point Wind 1","Point Wind 1","normal",,,,"Point Wind","eia_861","[]",,"WECC","[""GO""]",,"2","[]","[]","[]"
"2198","NCR13383","geocoded","published",,"POME BESS LLC","PB","POME BESS","POME BESS","POME BESS LLC","normal",,,,"POME BESS","name_initialism","[]",,"WECC","[""GO""]",,"2","[]","[]","[]"
"2199","NCR13327","geocoded","published",,"Pomona Energy Storage","PE","Pomona ES","Pomona Energy Storage","Pomona Energy Storage","normal",,,,"Pomona ES","common_market_name","[]",,"WECC","[""GO""]",,"2","[]","[]","[]"
"2200","NCR12549","geocoded","published",,"Porter Solar, LLC","Porter","Porter","Porter Solar","Porter Solar","normal",,,,"Porter","name_initialism","[]",,"Texas RE","[""GO""]",,"2","[]","[]","[]"
"2201","NCR11720","geocoded","published",,"Potomac Energy Center, LLC","Potomac","Potomac","Potomac Energy Center","Potomac Energy Center","normal",,,,"Potomac EC","common_market_name","[]",,"SERC","[""GO""]",,"2","[]","[]","[]"
"2202","NCR13257","geocoded","published",,"Power County Wind Parks, LLC","PCWP","PCWP","Power County Wind Parks","Power County Wind Parks, LLC","normal",,,,"PCWP","name_initialism","[]",,"WECC","[""GO""]",,"2","[]","[]","[]"
"2203","NCR12518","geocoded","published",,"Prairie Mist Solar Project, LLC","PM","Prairie Mist","Prairie Mist Solar","Prairie Mist Solar Project","normal",,,,"Prairie Mist","common_market_name","[]",,"SERC","[""GO""]",,"2","[]","[]","[]"
"2204","NCR13180","geocoded","published",,"Prairie Rose Wind, LLC","PR","Prairie Rose","Prairie Rose Wind","Prairie Rose Wind","normal",,,,"Prairie Rose","common_market_name","[]","Enel Green Power","MRO","[""GO""]","merchant","2","[]","[]","[]"
"2205","NCR13095","geocoded","published",,"Primoris Renewable Energy, Inc","Primoris","Primoris","Primoris Renewable Energy","Primoris Renewable Energy","normal",,,,"Primoris Renewable","official_website","[]","Primoris Services Corporation","MRO","[""GOP""]","merchant","2","[]","[]","[]"
"2206","NCR13062","geocoded","published",,"Prosperity Wind, LLC","PRSPRT","Prosperity","Prosperity Wind","Prosperity Wind","normal",,,,"Prosperity Wind","common_market_name","[]",,"SERC","[""GO""]",,"2","[]","[]","[]"
"2207","NCR12031","geocoded","published",,"Prospero Energy Project, LLC","Prospero","Prospero","Prospero Energy Project","Prospero Energy Project","normal",,,,"Prospero","name_initialism","[]",,"Texas RE","[""GO""]",,"2","[]","[]","[]"
"2208","NCR13150","geocoded","published",,"Ratts 1 Solar LLC","Ratts","Ratts","Ratts 1 Solar","Ratts 1 Solar","normal",,,,"Ratts 1","name_initialism","[]",,"RF","[""GO""]",,"2","[]","[]","[]"
"2209","NCR12276","geocoded","published",,"Rayos del Sol Solar Project, LLC","Rayos","Rayos","Rayos del Sol Solar","Rayos del Sol Solar Project","normal",,,,"Rayos del Sol","name_initialism","[]",,"Texas RE","[""GO""]",,"2","[]","[]","[]"
"2210","NCR11956","geocoded","published",,"RE Astoria 2 LLC","A2","Astoria 2","RE Astoria 2","RE Astoria 2 LLC","normal",,,,"Astoria 2","common_market_name","[]",,"WECC","[""GO""]",,"2","[]","[]","[]"
"2211","NCR13379","geocoded","published",,"RE Barren Ridge 1 LLC","BR","Barren Ridge","RE Barren Ridge 1","RE Barren Ridge 1 LLC","normal",,,,"Barren Ridge","common_market_name","[]",,"WECC","[""GO""]",,"2","[]","[]","[]"
"2212","NCR13214","geocoded","published",,"RE Camelot, LLC","Camelot","Camelot","RE Camelot","RE Camelot, LLC","normal",,,,"Camelot","common_market_name","[]",,"WECC","[""GO""]",,"2","[]","[]","[]"
"2213","NCR13331","geocoded","published",,"RE Kansas Solar, LLC","KS","Kansas Solar","RE Kansas Solar","RE Kansas Solar, LLC","normal",,,,"Kansas Solar","common_market_name","[]",,"WECC","[""GO""]",,"2","[]","[]","[]"
"2214","NCR12162","geocoded","published",,"RE Maplewood LLC","MPLWD","Maplewood","RE Maplewood","RE Maplewood","normal",,,,"Maplewood","name_initialism","[]",,"Texas RE","[""GO""]",,"2","[]","[]","[]"
"2215","NCR12043","geocoded","published",,"RE Rambler LLC","Rambler","Rambler","RE Rambler","RE Rambler","normal",,,,"Rambler","name_initialism","[]",,"Texas RE","[""GO""]",,"2","[]","[]","[]"
"2216","NCR12224","geocoded","published",,"RE Slate 1, LLC","Slate 1","Slate 1","RE Slate 1","RE Slate 1, LLC","normal",,,,"Slate 1","common_market_name","[]",,"WECC","[""GO""]",,"2","[]","[]","[]"
"2217","NCR11578","geocoded","published",,"Red Horse Wind 2, LLC","RHW2","Red Horse 2","Red Horse Wind 2","Red Horse Wind 2, LLC","normal","meaningful_name","eia_861","https://www.interconnection.fyi/eia/project/58833","Red Horse Wind 2","common_market_name","[]",,"WECC","[""GO""]",,"2","[]","[]","[]"
"2218","NCR11823","geocoded","published",,"Red Pine Wind Project, LLC","Red Pine","Red Pine","Red Pine Wind","Red Pine Wind Project","normal",,,,"Red Pine Wind","common_market_name","[]","EDF Renewables","MRO","[""GO""]","merchant","2","[]","[]","[]"
"2219","NCR13527","geocoded","published",,"Regan Solar, LLC","Regan","Regan","Regan Solar","Regan Solar","normal",,,,"Regan","common_market_name","[]",,"NPCC","[""GO""]","merchant","2","[]","[]","[]"
"2220","NCR13442","geocoded","published",,"Richland Township Solar, LLC","Richland","Richland","Richland Township Solar","Richland Township Solar","normal",,,,"Richland Solar","common_market_name","[]",,"SERC","[""GO""]",,"2","[]","[]","[]"
"2221","NCR13170","geocoded","published",,"Ridgely Energy Farm, LLC","Ridgely","Ridgely","Ridgely Energy Farm","Ridgely Energy Farm","normal",,,,"Ridgely","common_market_name","[]",,"SERC","[""GO""]",,"2","[]","[]","[]"
"2222","NCR12532","geocoded","published",,"River Fork Solar, LLC","RF","River Fork","River Fork Solar","River Fork Solar","normal",,,,"River Fork","common_market_name","[]",,"RF","[""GO""]",,"2","[]","[]","[]"
"2223","NCR12501","geocoded","published",,"RNWBL, LLC","RNWBL","RNWBL","RNWBL","RNWBL","normal",,,,"RNWBL","official_website","[]",,"MRO","[""GOP""]","merchant","2","[]","[]","[]"
"2224","NCR12479","geocoded","published",,"Rocket Solar, LLC","RS","Rocket Solar","Rocket Solar","Rocket Solar, LLC","normal",,,,"Rocket Solar","common_market_name","[]",,"WECC","[""GO""]",,"2","[]","[]","[]"
"2225","NCR13181","geocoded","published",,"Rocking R Solar, LLC","RR","Rocking R","Rocking R Solar","Rocking R Solar","normal",,,,"Rocking R Solar","common_market_name","[]","D.E. Shaw Renewable Investments","MRO","[""GO""]","merchant","2","[]","[]","[]"
"2226","NCR13176","geocoded","published",,"Rocky Ridge Wind Project LLC","RR","Rocky Ridge","Rocky Ridge Wind","Rocky Ridge Wind Project","normal",,,,"Rocky Ridge","common_market_name","[]","Gulf Pacific Power","MRO","[""GO""]","merchant","2","[]","[]","[]"
"2227","NCR12418","geocoded","published",,"Rodeo Ranch Energy Storage, LLC","RR","Rodeo Ranch","Rodeo Ranch Energy Storage","Rodeo Ranch Energy Storage","normal",,,,"Rodeo Ranch","name_initialism","[]",,"Texas RE","[""GO""]",,"2","[]","[]","[]"
"2228","NCR13248","geocoded","published",,"Rosamond One LLC","RO","Rosamond One","Rosamond One","Rosamond One LLC","normal",,,,"Rosamond One","common_market_name","[]",,"WECC","[""GO""]",,"2","[]","[]","[]"
"2229","NCR12153","geocoded","published",,"Rosebud Electric Cooperative","Rosebud","Rosebud","Rosebud Electric Cooperative","Rosebud Electric Cooperative","normal",,,,"Rosebud Electric","official_website","[]",,"MRO","[""TO""]","cooperative","2","[]","[]","[]"
"2230","NCR11544","geocoded","published",,"Route 66 Wind Power, LLC","Route 66","Route 66","Route 66 Wind Power","Route 66 Wind Power","normal",,,,"Route 66","common_market_name","[]",,"Texas RE","[""GO""]",,"2","[]","[]","[]"
"2231","NCR13008","geocoded","published",,"Russellville Solar, LLC","RSSLLV","Russellville","Russellville Solar","Russellville Solar","normal",,,,"Russellville Solar","common_market_name","[]",,"SERC","[""GO""]",,"2","[]","[]","[]"
"2232","NCR00911","geocoded","published",,"Safe Harbor Water Power Corporation","SH","Safe Harbor","Safe Harbor Water Power","Safe Harbor Water Power","normal",,,,"Safe Harbor","official_website","[]",,"RF","[""GO""]",,"2","[]","[]","[]"
"2233","NCR13313","geocoded","published",,"Sage Solar","SS","Sage Solar","Sage Solar","Sage Solar","normal",,,,"Sage Solar","common_market_name","[]",,"WECC","[""GO""]",,"2","[]","[]","[]"
"2234","NCR13444","geocoded","published",,"Salt Creek Township Solar, LLC","SALTCREE","Salt Creek","Salt Creek Township Solar","Salt Creek Township Solar","normal",,,,"Salt Creek Solar","common_market_name","[]",,"SERC","[""GO""]",,"2","[]","[]","[]"
"2235","NCR13034","geocoded","published",,"Scatter Wash Energy Storage","SW","Scatter Wash","Scatter Wash Energy Storage","Scatter Wash Energy Storage","normal",,,,"Scatter Wash","common_market_name","[]",,"WECC","[""GO""]",,"2","[]","[]","[]"
"2236","NCR12189","geocoded","published",,"SE Aragorn, LLC","Aragorn","Aragorn","SE Aragorn","SE Aragorn","normal",,,,"Aragorn","common_market_name","[]",,"Texas RE","[""GO""]",,"2","[]","[]","[]"
"2237","NCR12267","geocoded","published",,"SE Athos I, LLC","Athos I","Athos I","SE Athos I","SE Athos I, LLC","normal",,,,"Athos I","common_market_name","[]",,"WECC","[""GO""]",,"2","[]","[]","[]"
"2238","NCR12109","geocoded","published",,"SE Juno, LLC","Juno","Juno","SE Juno","SE Juno","normal",,,,"Juno","common_market_name","[]",,"Texas RE","[""GO""]",,"2","[]","[]","[]"
"2239","NCR12177","geocoded","published",,"SE Titan, LLC","Titan","Titan","SE Titan","SE Titan","normal",,,,"Titan","common_market_name","[]",,"Texas RE","[""GO""]",,"2","[]","[]","[]"
"2240","NCR13221","geocoded","published",,"Sealy Power LLC","Sealy","Sealy","Sealy Power","Sealy Power","normal",,,,"Sealy","name_initialism","[]",,"Texas RE","[""GO""]",,"2","[]","[]","[]"
"2241","NCR13431","geocoded","published",,"Selmer Farm, LLC","Selmer","Selmer","Selmer Farm","Selmer Farm","normal",,,,"Selmer Farm","eia_861","[]",,"SERC","[""GO""]",,"2","[]","[]","[]"
"2242","NCR13049","geocoded","published",,"Serrano Solar, LLC","Serrano","Serrano","Serrano Solar","Serrano Solar, LLC","normal",,,,"Serrano","common_market_name","[]",,"WECC","[""GO""]",,"2","[]","[]","[]"
"2243","NCR13411","geocoded","published",,"Seven Flags BESS LLC","7 Flags","7 Flags","Seven Flags BESS","Seven Flags BESS","normal",,,,"7 Flags","name_initialism","[]",,"Texas RE","[""GO""]",,"2","[]","[]","[]"
"2244","NCR13384","geocoded","published",,"SF Azalea, LLC","Azalea","Azalea","SF Azalea","SF Azalea, LLC","normal",,,,"Azalea","official_website","[]",,"WECC","[""GO""]",,"2","[]","[]","[]"
"2245","NCR12487","geocoded","published",,"Shakes Solar, LLC","Shakes","Shakes","Shakes Solar","Shakes Solar","normal",,,,"Shakes","name_initialism","[]",,"Texas RE","[""GO""]",,"2","[]","[]","[]"
"2246","NCR11206","geocoded","published",,"Sherbino II Wind Farm LLC","SI","Sherbino II","Sherbino II Wind Farm","Sherbino II Wind Farm","normal",,,,"Sherbino II","common_market_name","[]",,"Texas RE","[""GO""]",,"2","[]","[]","[]"
"2247","NCR11742","geocoded","published",,"Sheridan Electric Cooperative, Inc.","Sheridan","Sheridan","Sheridan Electric Cooperative","Sheridan Electric Cooperative","normal",,,,"Sheridan Electric","official_website","[]","Upper Missouri Power Cooperative","MRO","[""TO""]","cooperative","2","[]","[]","[]"
"2248","NCR11232","geocoded","published",,"Shiloh III Wind Project, LLC.","SI","Shiloh III","Shiloh III Wind Project, LLC.","Shiloh III Wind Project, LLC.","normal",,,,"Shiloh III","common_market_name","[]",,"WECC","[""GO""]",,"2","[]","[]","[]"
"2249","NCR13465","geocoded","published",,"Shoe Creek Solar, LLC","SHOECREE","Shoe Creek","Shoe Creek Solar","Shoe Creek Solar","normal",,,,"Shoe Creek","eia_861","[]",,"SERC","[""GO""]",,"2","[]","[]","[]"
"2250","NCR13263","geocoded","published",,"Siete Solar, LLC","SS","Siete Solar","Siete Solar","Siete Solar, LLC","normal",,,,"Siete Solar","common_market_name","[]",,"WECC","[""GO""]",,"2","[]","[]","[]"
"2251","NCR12173","geocoded","published",,"Sigurd Solar LLC","SS","Sigurd Solar","Sigurd Solar","Sigurd Solar LLC","normal",,,,"Sigurd Solar","common_market_name","[]",,"WECC","[""GO""]",,"2","[]","[]","[]"
"2252","NCR13070","geocoded","published",,"Silver Peak Solar, LLC","SP","Silver Peak","Silver Peak Solar","Silver Peak Solar, LLC","normal",,,,"Silver Peak","common_market_name","[]",,"WECC","[""GO""]",,"2","[]","[]","[]"
"2253","NCR12020","geocoded","published",,"Silver Run Electric, LLC","SR","Silver Run","Silver Run Electric","Silver Run Electric","normal",,,,"Silver Run","official_website","[]",,"RF","[""TO""]",,"2","[]","[]","[]"
"2254","NCR13104","geocoded","published",,"Silver Sage Windpower, LLC","SS","Silver Sage","Silver Sage Windpower","Silver Sage Windpower, LLC","normal",,,,"Silver Sage","common_market_name","[]",,"WECC","[""GO""]",,"2","[]","[]","[]"
"2255","NCR10235","geocoded","published",,"Silver Star I Power Partners, LLC","SS","Silver Star","Silver Star I Power Partners","Silver Star I Power Partners","normal",,,,"Silver Star","name_initialism","[]",,"Texas RE","[""GO""]",,"2","[]","[]","[]"
"2256","NCR13291","geocoded","published",,"Simon Solar Farm, LLC","Simon","Simon","Simon Solar Farm","Simon Solar Farm","normal",,,,"Simon Solar","eia_861","[]",,"SERC","[""GO""]",,"2","[]","[]","[]"
"2257","NCR12522","geocoded","published",,"SJS 1 Storage, LLC","SJS 1","SJS 1","SJS 1 Storage","SJS 1 Storage, LLC","normal",,,,"SJS 1","name_initialism","[]",,"WECC","[""GO""]",,"2","[]","[]","[]"
"2258","NCR13377","geocoded","published",,"Skysol, LLC","Skysol","Skysol","Skysol","Skysol, LLC","normal",,,,"Skysol","common_market_name","[]",,"WECC","[""GO""]",,"2","[]","[]","[]"
"2259","NCR11586","geocoded","published",,"Slate Creek Wind, LLC","SLATCREE","Slate Creek","Slate Creek Wind","Slate Creek Wind","normal",,,,"Slate Creek","common_market_name","[]","EDF Renewables","MRO","[""GO""]","merchant","2","[]","[]","[]"
"2260","NCR13203","geocoded","published",,"SloughHouse Solar, LLC","SLGHHS","SloughHouse","SloughHouse Solar","SloughHouse Solar, LLC","normal",,,,"SloughHouse","common_market_name","[]",,"WECC","[""GO""]",,"2","[]","[]","[]"
"2261","NCR13077","geocoded","published",,"SMT Ironman BESS LLC","Ironman","Ironman","SMT Ironman BESS","SMT Ironman BESS","normal",,,,"Ironman","name_initialism","[]",,"Texas RE","[""GO""]",,"2","[]","[]","[]"
"2262","NCR13361","geocoded","published",,"Sol Orchard Imperial 1, LLC","SO","Sol Orchard","Sol Orchard Imperial 1","Sol Orchard Imperial 1, LLC","normal",,,,"Sol Orchard","common_market_name","[]",,"WECC","[""GO""]",,"2","[]","[]","[]"
"2263","NCR12480","geocoded","published",,"Solar Partners XI, LLC","Gemini","Gemini","Solar Partners XI","Solar Partners XI, LLC","normal",,,,"Gemini","common_market_name","[]",,"WECC","[""GO""]",,"2","[]","[]","[]"
"2264","NCR11549","geocoded","published",,"Solar Star California XIII, LLC","Quinto","Quinto","Solar Star California XIII","Solar Star California XIII, LLC","normal",,,,"Quinto","common_market_name","[]",,"WECC","[""GO""]",,"2","[]","[]","[]"
"2265","NCR13351","geocoded","published",,"Solar Star Colorado III, LLC","HS","Hooper Solar","Solar Star Colorado III","Solar Star Colorado III, LLC","normal",,,,"Hooper Solar","common_market_name","[]",,"WECC","[""GO""]",,"2","[]","[]","[]"
"2266","NCR11685","geocoded","published",,"SOLV Energy, LLC","SOLV","SOLV","SOLV Energy","SOLV Energy","normal",,,,"SOLV Energy","official_website","[]",,"MRO","[""GOP""]","merchant","2","[]","[]","[]"
"2267","NCR13397","geocoded","published",,"Sonny Solar, LLC","Sonny","Sonny","Sonny Solar","Sonny Solar","normal",,,,"Sonny Solar","eia_861","[]",,"SERC","[""GO""]",,"2","[]","[]","[]"
"2268","NCR12324","geocoded","published",,"Sonoran West Solar Holdings, LLC","Crimson","Crimson","Sonoran West Solar Holdings","Sonoran West Solar Holdings, LLC","normal",,,,"Crimson","common_market_name","[]",,"WECC","[""GO""]",,"2","[]","[]","[]"
"2269","NCR13356","geocoded","published",,"South Fork Wind","SF","South Fork","South Fork Wind","South Fork Wind","normal",,,,"South Fork","common_market_name","[]",,"NPCC","[""GO""]","merchant","2","[]","[]","[]"
"2270","NCR11620","geocoded","published",,"South Plains Wind Energy II, LLC","SPWE II","SPWE II","South Plains Wind Energy II","South Plains Wind Energy II","normal",,,,"SPWE II","name_initialism","[]",,"Texas RE","[""GO""]",,"2","[]","[]","[]"
"2271","NCR12275","geocoded","published",,"Spark Power Renewables USA Inc.","Spark","Spark","Spark Power Renewables","Spark Power Renewables USA","normal",,,,"Spark","common_market_name","[]",,"Texas RE","[""GOP""]",,"2","[]","[]","[]"
"2272","NCR11322","geocoded","published",,"Spearville 3, LLC","SPRVLL","Spearville","Spearville 3","Spearville 3","normal",,,,"Spearville 3","common_market_name","[]","EDF Renewables","MRO","[""GO""]","merchant","2","[]","[]","[]"
"2273","NCR13433","geocoded","published",,"Spring Grove Solar II, LLC","SG","Spring Grove","Spring Grove Solar II","Spring Grove Solar II","normal",,,,"Spring Grove II","name_initialism","[]",,"SERC","[""GO""]",,"2","[]","[]","[]"
"2274","NCR01330","geocoded","published",,"Spruance Operating Services, LLC","Spruance","Spruance","Spruance Operating Services","Spruance Operating Services","normal",,,,"Spruance","eia_861","[]",,"SERC","[""GO""]",,"2","[]","[]","[]"
"2275","NCR12536","geocoded","published",,"SR Ailey, LLC","Ailey","Ailey","SR Ailey","SR Ailey","normal",,,,"SR Ailey","eia_861","[]",,"SERC","[""GO""]",,"2","[]","[]","[]"
"2276","NCR11988","geocoded","published",,"SR Arlington II, LLC","AI","Arlington II","SR Arlington II","SR Arlington II","normal",,,,"SR Arlington II","eia_861","[]",,"SERC","[""GO""]",,"2","[]","[]","[]"
"2277","NCR13561","geocoded","published",,"SR Bell Buckle, LLC","BB","Bell Buckle","SR Bell Buckle","SR Bell Buckle","normal",,,,"SR Bell Buckle","eia_861","[]",,"SERC","[""GO""]",,"2","[]","[]","[]"
"2278","NCR12286","geocoded","published",,"SR Clay, LLC","Clay","Clay","SR Clay","SR Clay","normal",,,,"SR Clay","eia_861","[]",,"SERC","[""GO""]",,"2","[]","[]","[]"
"2279","NCR12299","geocoded","published",,"SR DeSoto, LLC","DeSoto","DeSoto","SR DeSoto","SR DeSoto","normal",,,,"SR DeSoto","eia_861","[]",,"SERC","[""GO""]",,"2","[]","[]","[]"
"2280","NCR13305","geocoded","published",,"SR EPC, LLC","SR EPC","SR EPC","SR EPC","SR EPC","normal",,,,"SR EPC","name_initialism","[]",,"SERC","[""GOP""]",,"2","[]","[]","[]"
"2281","NCR11987","geocoded","published",,"SR Hazlehurst III, LLC","HZLHRS","Hazlehurst","SR Hazlehurst III","SR Hazlehurst III","normal",,,,"SR Hazlehurst III","eia_861","[]",,"SERC","[""GO""]",,"2","[]","[]","[]"
"2282","NCR13271","geocoded","published",,"SR Lambert I, LLC","Lambert","Lambert","SR Lambert I","SR Lambert I","normal",,,,"SR Lambert I","eia_861","[]",,"SERC","[""GO""]",,"2","[]","[]","[]"
"2283","NCR12185","geocoded","published",,"SR Lumpkin, LLC","Lumpkin","Lumpkin","SR Lumpkin","SR Lumpkin","normal",,,,"SR Lumpkin","eia_861","[]",,"SERC","[""GO""]",,"2","[]","[]","[]"
"2284","NCR13541","geocoded","published",,"SR McKellar, LLC","McKellar","McKellar","SR McKellar","SR McKellar","normal",,,,"SR McKellar","eia_861","[]",,"SERC","[""GO""]",,"2","[]","[]","[]"
"2285","NCR13252","geocoded","published",,"SR McNeal, LLC","SM","SR McNeal","SR McNeal","SR McNeal, LLC","normal",,,,"SR McNeal","eia_861","[]",,"WECC","[""GO""]",,"2","[]","[]","[]"
"2286","NCR13293","geocoded","published",,"SR Millington, LLC","MLLNGT","Millington","SR Millington","SR Millington","normal",,,,"SR Millington","eia_861","[]",,"SERC","[""GO""]",,"2","[]","[]","[]"
"2287","NCR12184","geocoded","published",,"SR Perry, LLC","Perry","Perry","SR Perry","SR Perry","normal",,,,"SR Perry","eia_861","[]",,"SERC","[""GO""]",,"2","[]","[]","[]"
"2288","NCR12071","geocoded","published",,"SR Snipesville, LLC","SNPSVL","Snipesville","SR Snipesville","SR Snipesville","normal",,,,"SR Snipesville","eia_861","[]",,"SERC","[""GO""]",,"2","[]","[]","[]"
"2289","NCR12039","geocoded","published",,"SR Terrell, LLC","Terrell","Terrell","SR Terrell","SR Terrell","normal",,,,"SR Terrell","eia_861","[]",,"SERC","[""GO""]",,"2","[]","[]","[]"
"2290","NCR13025","geocoded","published",,"SR Toombs, LLC","Toombs","Toombs","SR Toombs","SR Toombs","normal",,,,"SR Toombs","eia_861","[]",,"SERC","[""GO""]",,"2","[]","[]","[]"
"2291","NCR13514","geocoded","published",,"SSI O&M, LLC","SSI O&M","SSI O&M","SSI O&M","SSI O&M, LLC","normal",,,,"SSI O&M","name_initialism","[]",,"WECC","[""GOP""]",,"2","[]","[]","[]"
"2292","NCR11812","geocoded","published",,"St. Joseph Energy Center, LLC","SJEC","SJEC","St. Joseph Energy Center","St. Joseph Energy Center","normal",,,,"SJEC","name_initialism","[]",,"RF","[""GO""]",,"2","[]","[]","[]"
"2293","NCR13454","geocoded","published",,"Stanly Solar, LLC","Stanly","Stanly","Stanly Solar","Stanly Solar","normal",,,,"Stanly Solar","eia_861","[]",,"SERC","[""GO""]",,"2","[]","[]","[]"
"2294","NCR13130","geocoded","published",,"Stanton Battery Energy Storage, LLC","SBES","SBES","Stanton Battery Energy Storage","Stanton Battery Energy Storage, LLC","normal",,,,"SBES","common_market_name","[]",,"WECC","[""GO""]",,"2","[]","[]","[]"
"2295","NCR13132","geocoded","published",,"Stanton Energy Reliability Center, LLC","SERC","SERC","SERC","Stanton Energy Reliability Center, LLC","normal",,,,"SERC","common_market_name","[]",,"WECC","[""GO""]",,"2","[]","[]","[]"
"2296","NCR12508","geocoded","published",,"Steel Solar, LLC","SS","Steel Solar","Steel Solar","Steel Solar, LLC","normal",,,,"Steel Solar","common_market_name","[]",,"WECC","[""GO""]",,"2","[]","[]","[]"
"2297","NCR13220","geocoded","published",,"Stillhouse Solar LLC","STLLHS","Stillhouse","Stillhouse Solar","Stillhouse Solar","normal",,,,"Stillhouse","name_initialism","[]",,"Texas RE","[""GO""]",,"2","[]","[]","[]"
"2298","NCR11901","geocoded","published",,"Stoneray Power Partners, LLC","Stoneray","Stoneray","Stoneray Power Partners","Stoneray Power Partners","normal",,,,"Stoneray","common_market_name","[]","EDF Renewables","MRO","[""GO""]","merchant","2","[]","[]","[]"
"2299","NCR13474","geocoded","published",,"Strata Solar Services","Strata","Strata","Strata Solar Services","Strata Solar Services","normal",,,,"Strata","common_market_name","[]",,"SERC","[""GOP""]",,"2","[]","[]","[]"
"2300","NCR12344","geocoded","published",,"Strategic Services Operating","SSO","SSO","Strategic Services Operating","Strategic Services Operating","normal",,,,"SSO","name_initialism","[]",,"Texas RE","[""GOP""]",,"2","[]","[]","[]"
"2301","NCR13455","geocoded","published",,"Sugar Solar, LLC","Sugar","Sugar","Sugar Solar","Sugar Solar","normal",,,,"Sugar Solar","eia_861","[]",,"SERC","[""GO""]",,"2","[]","[]","[]"
"2302","NCR12319","geocoded","published",,"Sun Mountain Solar 1, LLC","SM","Sun Mountain","Sun Mountain Solar 1","Sun Mountain Solar 1, LLC","normal",,,,"Sun Mountain","common_market_name","[]",,"WECC","[""GO""]",,"2","[]","[]","[]"
"2303","NCR13498","geocoded","published",,"Sun Pond, LLC","Sun Pond","Sun Pond","Sun Pond","Sun Pond, LLC","normal",,,,"Sun Pond","common_market_name","[]",,"WECC","[""GO""]",,"2","[]","[]","[]"
"2304","NCR13186","geocoded","published",,"Sunray Energy 2 LLC","Sunray 2","Sunray 2","Sunray Energy 2","Sunray Energy 2 LLC","normal",,,,"Sunray 2","common_market_name","[]",,"WECC","[""GO""]",,"2","[]","[]","[]"
"2305","NCR12475","geocoded","published",,"Superstition Energy Storage, LLC","SPRSTT","Superstition","Superstition Energy Storage","Superstition Energy Storage, LLC","normal",,,,"Superstition","common_market_name","[]",,"WECC","[""GO""]",,"2","[]","[]","[]"
"2306","NCR13153","geocoded","published",,"Sweetwater Wind 1","SW1","SW1","Sweetwater Wind 1","Sweetwater Wind 1","normal",,,,"SW1","name_initialism","[]",,"Texas RE","[""GO""]",,"2","[]","[]","[]"
"2307","NCR13040","geocoded","published",,"Swift Air Solar, LLC","SA","Swift Air","Swift Air Solar","Swift Air Solar","normal",,,,"Swift Air","common_market_name","[]",,"Texas RE","[""GO""]",,"2","[]","[]","[]"
"2308","NCR13376","geocoded","published",,"Swiftwater Solar, LLC","SWFTWT","Swiftwater","Swiftwater Solar","Swiftwater Solar","normal",,,,"Swiftwater Solar","name_initialism","[]",,"RF","[""GO""]",,"2","[]","[]","[]"
"2309","NCR12261","geocoded","published",,"Swoose II LLC","Swoose","Swoose","Swoose II","Swoose II","normal",,,,"Swoose II","common_market_name","[]",,"Texas RE","[""GO""]",,"2","[]","[]","[]"
"2310","NCR13022","geocoded","published",,"Symphony Breeze, LLC","Symphony","Symphony","Symphony Breeze","Symphony Breeze","normal",,,,"Symphony Breeze","name_initialism","[]","Deriva Energy","MRO","[""GOP""]","merchant","2","[]","[]","[]"
"2311","NCR13215","geocoded","published",,"TA-Acacia, LLC","TA","TA-Acacia","TA-Acacia","TA-Acacia, LLC","normal",,,,"TA-Acacia","common_market_name","[]",,"WECC","[""GO""]",,"2","[]","[]","[]"
"2312","NCR13394","geocoded","published",,"Takkion Operating LLC","Takkion","Takkion","Takkion Operating","Takkion Operating","normal",,,,"Takkion","official_website","[]","Takkion","MRO","[""GOP""]","merchant","2","[]","[]","[]"
"2313","NCR12078","geocoded","published",,"Taygete Energy Project, LLC","Taygete","Taygete","Taygete Energy Project","Taygete Energy Project","normal",,,,"Taygete","common_market_name","[]",,"Texas RE","[""GO""]",,"2","[]","[]","[]"
"2314","NCR11904","geocoded","published",,"Techren Solar I LLC","TI","Techren I","Techren Solar I","Techren Solar I LLC","normal",,,,"Techren I","common_market_name","[]",,"WECC","[""GO""]",,"2","[]","[]","[]"
"2315","NCR11456","geocoded","published",,"Texas Municipal Power Agency","TMPA","TMPA","Texas Municipal Power Agency","Texas Municipal Power Agency","normal",,,,"TMPA","official_website","[]",,"Texas RE","[""TO""]",,"2","[]","[]","[]"
"2316","NCR11649","geocoded","published",,"Third Taxing District of East Norwalk","TTD","TTD","Third Taxing District","Third Taxing District of East Norwalk","normal",,,,"TTD","official_website","[]",,"NPCC","[""TO""]","municipal","2","[]","[]","[]"
"2317","NCR10345","geocoded","published",,"Three Buttes Windpower LLC","TB","Three Buttes","Three Buttes Windpower","Three Buttes Windpower LLC","normal",,,,"Three Buttes","common_market_name","[]",,"WECC","[""GO""]",,"2","[]","[]","[]"
"2318","NCR11737","geocoded","published",,"Three Peaks Power LLC","TP","Three Peaks","Three Peaks Power","Three Peaks Power LLC","normal",,,,"Three Peaks","common_market_name","[]",,"WECC","[""GO""]",,"2","[]","[]","[]"
"2319","NCR13076","geocoded","published",,"Tibbits Energy Storage LLC","Tibbits","Tibbits","Tibbits Energy Storage","Tibbits Energy Storage","normal",,,,"Tibbits","name_initialism","[]",,"RF","[""GO""]",,"2","[]","[]","[]"
"2320","NCR13231","geocoded","published",,"Tidwell Prairie IA LLC","Tidwell","Tidwell","Tidwell Prairie IA","Tidwell Prairie IA","normal",,,,"Tidwell Prairie","common_market_name","[]",,"Texas RE","[""GO""]",,"2","[]","[]","[]"
"2321","NCR13393","geocoded","published",,"Tierra Seca BESS LLC","TS","Tierra Seca","Tierra Seca BESS","Tierra Seca BESS","normal",,,,"Tierra Seca","common_market_name","[]",,"Texas RE","[""GO""]",,"2","[]","[]","[]"
"2322","NCR13241","geocoded","published",,"Tilden Solar LLC","Tilden","Tilden","Tilden Solar","Tilden Solar","normal",,,,"Tilden Solar","name_initialism","[]",,"SERC","[""GO""]",,"2","[]","[]","[]"
"2323","NCR13010","geocoded","published",,"Timbermill Wind, LLC","TMBRML","Timbermill","Timbermill Wind","Timbermill Wind","normal",,,,"Timbermill","name_initialism","[]",,"SERC","[""GO""]",,"2","[]","[]","[]"
"2324","NCR12304","geocoded","published",,"TN Solar 1, LLC","Skyhawk","Skyhawk","TN Solar 1","Skyhawk Solar","normal",,,,"Skyhawk","common_market_name","[]",,"SERC","[""GO""]",,"2","[]","[]","[]"
"2325","NCR11090","geocoded","published",,"Top of the World Wind Energy LLC","TW","Top World WF","Top of the World Wind Energy","Top of the World Wind Energy LLC","normal","meaningful_name","eia_861","https://www.interconnection.fyi/eia/project/57327","Top of the World","common_market_name","[]",,"WECC","[""GO""]",,"2","[]","[]","[]"
"2326","NCR12222","geocoded","published",,"Townsite Solar, LLC","Townsite","Townsite","Townsite Solar","Townsite Solar, LLC","normal",,,,"Townsite","common_market_name","[]",,"WECC","[""GO""]",,"2","[]","[]","[]"
"2327","NCR13197","geocoded","published",,"TPE Alta Luna, LLC","AL","Alta Luna","TPE Alta Luna","TPE Alta Luna, LLC","normal",,,,"Alta Luna","common_market_name","[]",,"WECC","[""GO""]",,"2","[]","[]","[]"
"2328","NCR12130","geocoded","published",,"Trent River Solar, LLC","TR","Trent River","Trent River Solar","Trent River Solar","normal",,,,"Trent River","name_initialism","[]",,"SERC","[""GO""]",,"2","[]","[]","[]"
"2329","NCR12451","geocoded","published",,"Tres Bahias Solar Power, LLC","TB","Tres Bahias","Tres Bahias Solar","Tres Bahias Solar Power","normal",,,,"Tres Bahias","common_market_name","[]",,"Texas RE","[""GO""]",,"2","[]","[]","[]"
"2330","NCR13227","geocoded","published",,"Tropico, LLC","Tropico","Tropico","Tropico","Tropico, LLC","normal",,,,"Tropico","common_market_name","[]",,"WECC","[""GO""]",,"2","[]","[]","[]"
"2331","NCR13314","geocoded","published",,"Tulare Solar Center, LLC","Luciana","Luciana","Tulare Solar Center","Tulare Solar Center, LLC","normal",,,,"Luciana","common_market_name","[]",,"WECC","[""GO""]",,"2","[]","[]","[]"
"2332","NCR13294","geocoded","published",,"Turkey Creek Solar, LLC","TC","Turkey Creek","Turkey Creek Solar","Turkey Creek Solar","normal",,,,"Turkey Creek","name_initialism","[]",,"SERC","[""GO""]",,"2","[]","[]","[]"
"2333","NCR13315","geocoded","published",,"Turquoise Nevada LLC","TRQS","Turquoise","Turquoise Nevada","Turquoise Nevada LLC","normal",,,,"Turquoise","common_market_name","[]",,"WECC","[""GO""]",,"2","[]","[]","[]"
"2334","NCR12008","geocoded","published",,"Twiggs County Solar, LLC","Twiggs","Twiggs","Twiggs County Solar","Twiggs County Solar","normal",,,,"Twiggs Solar","common_market_name","[]",,"SERC","[""GO""]",,"2","[]","[]","[]"
"2335","NCR13168","geocoded","published",,"Tyson Nick Solar, LLC","TN","Tyson Nick","Tyson Nick Solar","Tyson Nick Solar","normal",,,,"Tyson Nick","common_market_name","[]",,"Texas RE","[""GO""]",,"2","[]","[]","[]"
"2336","NCR05442","geocoded","published",,"U.S. Department of Energy, Hanford Field Office","DH","DOE Hanford","DOE Hanford","U.S. Department of Energy, Hanford Field Office","normal",,,,"DOE Hanford","common_market_name","[]",,"WECC","[""TO""]",,"2","[]","[]","[]"
"2337","NCR12380","geocoded","published",,"Umbriel Solar, LLC","Umbriel","Umbriel","Umbriel Solar","Umbriel Solar","normal",,,,"Umbriel","name_initialism","[]",,"SERC","[""GO""]",,"2","[]","[]","[]"
"2338","NCR13529","geocoded","published",,"UPC Power Solutions LLC","UPC","UPC","UPC Power Solutions","UPC Power Solutions","normal",,,,"UPC","name_initialism","[]",,"RF","[""GO""]",,"2","[]","[]","[]"
"2339","NCR13548","geocoded","published",,"Upstream HC-1 LLC","CF","Centennial","Upstream HC-1","Upstream HC-1 LLC","normal","meaningful_name","official_website","https://www.centennialflats.com/","Centennial Flats","common_market_name","[]",,"WECC","[""GO""]",,"2","[]","[]","[]"
"2340","NCR05444","geocoded","published",,"US Navy, Naval Base Kitsap","NK","NB Kitsap","US Navy, Naval Base Kitsap","US Navy, Naval Base Kitsap","normal",,,,"NB Kitsap","common_market_name","[]",,"WECC","[""TO""]",,"2","[]","[]","[]"
"2341","NCR04156","geocoded","published",,"USACE - Tulsa District","UT","USACE Tulsa","USACE - Tulsa District","USACE - Tulsa District","normal",,,,"USACE Tulsa","common_market_name","[]",,"Texas RE","[""GO""]",,"2","[]","[]","[]"
"2342","NCR11959","geocoded","published",,"Valentine Solar, LLC","VLNTN","Valentine","Valentine Solar","Valentine Solar, LLC","normal",,,,"Valentine","common_market_name","[]",,"WECC","[""GO""]",,"2","[]","[]","[]"
"2343","NCR13353","geocoded","published",,"Vega Solar, LLC","Vega","Vega","Vega Solar","Vega Solar, LLC","normal",,,,"Vega","common_market_name","[]",,"WECC","[""GO""]",,"2","[]","[]","[]"
"2344","NCR13198","geocoded","published",,"Ventura Energy Storage, LLC","Saticoy","Saticoy","Ventura Energy Storage","Ventura Energy Storage, LLC","normal",,,,"Saticoy","common_market_name","[]",,"WECC","[""GO""]",,"2","[]","[]","[]"
"2345","NCR13329","geocoded","published",,"VESI 12 LLC","BTTLNC","Bottleneck","VESI 12","VESI 12 LLC","normal",,,,"Bottleneck","common_market_name","[]",,"WECC","[""GO""]",,"2","[]","[]","[]"
"2346","NCR13475","geocoded","published",,"VESI 15 LLC","Shirk","Shirk","VESI 15","VESI 15 LLC","normal",,,,"Shirk","common_market_name","[]",,"WECC","[""GO""]",,"2","[]","[]","[]"
"2347","NCR13108","geocoded","published",,"VESI 38 LLC","VESI 38","VESI 38","VESI 38","VESI 38","normal",,,,"VESI 38","name_initialism","[]",,"Texas RE","[""GO""]",,"2","[]","[]","[]"
"2348","NCR12512","geocoded","published",,"Vikings Energy Farm LLC","Vikings","Vikings","Vikings Energy Farm","Vikings Energy Farm LLC","normal",,,,"Vikings","common_market_name","[]",,"WECC","[""GO""]",,"2","[]","[]","[]"
"2349","NCR12564","geocoded","published",,"Village of Chatham, IL","Chatham","Chatham","Village of Chatham","Village of Chatham","normal",,,,"Chatham","official_website","[]",,"SERC","[""TO""]",,"2","[]","[]","[]"
"2350","NCR13539","geocoded","published",,"Vineyard Wind 1","VW1","VW1","Vineyard Wind 1","Vineyard Wind 1","major",,,,"Vineyard Wind 1","official_website","[]","Vineyard Wind LLC","NPCC","[""GO""]","merchant","2","[]","[]","[]"
"2351","NCR13402","geocoded","published",,"Virginia Line Solar, LLC","VA Line","VA Line","Virginia Line Solar","Virginia Line Solar","normal",,,,"VA Line Solar","name_initialism","[]",,"SERC","[""GO""]",,"2","[]","[]","[]"
"2352","NCR13109","geocoded","published",,"Viridity Energy Solutions Inc.","Viridity","Viridity","Viridity Energy Solutions","Viridity Energy Solutions","normal",,,,"Viridity","official_website","[]",,"Texas RE","[""GOP""]",,"2","[]","[]","[]"
"2353","NCR13255","geocoded","published",,"Vista Energy Storage, LLC","VE","Vista ESS","Vista Energy Storage","Vista Energy Storage, LLC","normal",,,,"Vista ESS","common_market_name","[]",,"WECC","[""GO""]",,"2","[]","[]","[]"
"2354","NCR00200","geocoded","published",,"Vistra Corp.","Vistra","Vistra","Vistra","Vistra","major",,,,"Vistra","official_website","[]",,"NPCC","[""GO""]","other","2","[]","[]","[]"
"2355","NCR12158","geocoded","published",,"Wagyu Solar, LLC","Wagyu","Wagyu","Wagyu Solar","Wagyu Solar","normal",,,,"Wagyu","common_market_name","[]",,"Texas RE","[""GO""]",,"2","[]","[]","[]"
"2356","NCR12491","geocoded","published",,"Walnut Bend Solar","WB","Walnut Bend","Walnut Bend Solar","Walnut Bend Solar","normal",,,,"Walnut Bend","name_initialism","[]",,"SERC","[""GO""]",,"2","[]","[]","[]"
"2357","NCR12094","geocoded","published",,"Wapello Solar LLC","Wapello","Wapello","Wapello Solar","Wapello Solar","normal",,,,"Wapello Solar","common_market_name","[]","Clenera","MRO","[""GO""]","merchant","2","[]","[]","[]"
"2358","NCR11159","geocoded","published",,"Wapsipinicon Wind Project, LLC","Wapsi","Wapsi","Wapsipinicon Wind","Wapsipinicon Wind Project","normal",,,,"Wapsipinicon","common_market_name","[]","EDF Renewables","MRO","[""GO""]","merchant","2","[]","[]","[]"
"2359","NCR12372","geocoded","published",,"Warren Substation","WS","Warren SS","Warren Substation","Warren Substation","normal",,,,"Warren SS","name_initialism","[]",,"WECC","[""TO""]",,"2","[]","[]","[]"
"2360","NCR12154","geocoded","published",,"West River Electric Association","WREA","WREA","West River Electric","West River Electric Association","normal",,,,"WREA","official_website","[]",,"MRO","[""TO""]","cooperative","2","[]","[]","[]"
"2361","NCR12343","geocoded","published",,"West Texas Solar Project II LLC","WTSP II","WTSP II","West Texas Solar II","West Texas Solar Project II","normal",,,,"WTSP II","name_initialism","[]",,"Texas RE","[""GO""]",,"2","[]","[]","[]"
"2362","NCR13482","geocoded","published",,"Westlands Almond, LLC","WA","Almond","Westlands Almond","Westlands Almond, LLC","normal","location","eia_861","https://www.interconnection.fyi/eia/project/62546","Westlands Almond","name_initialism","[]",,"WECC","[""GO""]",,"2","[]","[]","[]"
"2363","NCR13476","geocoded","published",,"Westlands Cherry, LLC","WC","Cherry","Westlands Cherry","Westlands Cherry, LLC","normal","location","eia_861","https://www.interconnection.fyi/eia/project/63850","Westlands Cherry","name_initialism","[]",,"WECC","[""GO""]",,"2","[]","[]","[]"
"2364","NCR13041","geocoded","published",,"Westlands Solar Blue (OZ) Owner, LLC","SB","Solar Blue","Westlands Solar Blue (OZ) Owner","Westlands Solar Blue (OZ) Owner, LLC","normal",,,,"Solar Blue","common_market_name","[]",,"WECC","[""GO""]",,"2","[]","[]","[]"
"2365","NCR13102","geocoded","published",,"Wheatsborough Solar, LLC","WHTSBR","Wheatsboro","Wheatsborough Solar","Wheatsborough Solar","normal",,,,"Wheatsborough","eia_861","[]",,"RF","[""GO""]",,"2","[]","[]","[]"
"2366","NCR13413","geocoded","published",,"White Tail Solar, LLC","WT","White Tail","White Tail Solar","White Tail Solar","normal",,,,"White Tail Solar","eia_861","[]",,"RF","[""GO""]",,"2","[]","[]","[]"
"2367","NCR12539","geocoded","published",,"Wigeon Whistle BESS LLC","Wigeon","Wigeon","Wigeon Whistle BESS","Wigeon Whistle BESS","normal",,,,"Wigeon Whistle","common_market_name","[]",,"Texas RE","[""GO""]",,"2","[]","[]","[]"
"2368","NCR12570","geocoded","published",,"Wildflower Solar LLC","WLDFLW","Wildflower","Wildflower Solar","Wildflower Solar","normal",,,,"Wildflower","name_initialism","[]",,"SERC","[""GO""]",,"2","[]","[]","[]"
"2369","NCR01038","geocoded","published",,"Willmar Municipal Utilities","WMU","WMU","Willmar Municipal Utilities","Willmar Municipal Utilities","normal",,,,"WMU","official_website","[]",,"MRO","[""TO""]","municipal","2","[]","[]","[]"
"2370","NCR13320","geocoded","published",,"Wind Park Bear Creek","BC","Bear Creek","Wind Park Bear Creek","Wind Park Bear Creek","normal",,,,"Bear Creek","eia_861","[]",,"RF","[""GO""]",,"2","[]","[]","[]"
"2371","NCR13059","geocoded","published",,"Winfield Solar I LLC","Winfield","Winfield","Winfield Solar I","Winfield Solar I","normal",,,,"Winfield Solar","name_initialism","[]",,"SERC","[""GO""]",,"2","[]","[]","[]"
"2372","NCR13542","geocoded","published",,"Wizard Energy Storage, LLC","Wizard","Wizard","Wizard Energy Storage","Wizard Energy Storage","normal",,,,"Wizard","common_market_name","[]",,"Texas RE","[""GO""]",,"2","[]","[]","[]"
"2373","NCR12342","geocoded","published",,"Wolf Tank Storage LLC","WT","Wolf Tank","Wolf Tank Storage","Wolf Tank Storage","normal",,,,"Wolf Tank","common_market_name","[]",,"Texas RE","[""GO""]",,"2","[]","[]","[]"
"2374","NCR01040","geocoded","published",,"WPPI Energy","WPPI","WPPI","WPPI Energy","WPPI Energy","normal",,,,"WPPI","official_website","[]",,"MRO","[""RP""]","cooperative","2","[]","[]","[]"
"2375","NCR12001","geocoded","published",,"Wright Solar Park LLC","WS","Wright Solar","Wright Solar Park","Wright Solar Park LLC","normal",,,,"Wright Solar","common_market_name","[]",,"WECC","[""GO""]",,"2","[]","[]","[]"
"2376","NCR12476","geocoded","published",,"Zier Solar, LLC","Zier","Zier","Zier Solar","Zier Solar","normal",,,,"Zier Solar","common_market_name","[]",,"Texas RE","[""GO""]",,"2","[]","[]","[]"
"2377","NCR12302","geocoded","published",,"Amazon Data Services, Inc.","Amazon","Amazon","Amazon Data Services","Amazon Data Services","normal",,,,"ADS","common_market_name","[]","Amazon Web Services, Inc.","RF","[""DP""]","other","1","[]","[]","[]"
"2378","NCR11809","geocoded","published",,"Big Country Electric Cooperative, Inc","BCEC","BCEC","Big Country Electric Cooperative","Big Country Electric Cooperative","normal",,,,"BCEC","official_website","[]",,"Texas RE","[""DP""]",,"1","[]","[]","[]"
"2379","NCR05033","geocoded","published",,"Bountiful City Light & Power","BCLP","BCLP","Bountiful City Light & Power","Bountiful City Light and Power","normal",,,,"BCLP","name_initialism","[]",,"WECC","[""DP""]",,"1","[]","[]","[]"
"2380","NCR07024","geocoded","published",,"Burlington Electric Department","BED","BED","Burlington Electric Department","Burlington Electric Department","normal",,,,"BED","official_website","[]",,"NPCC","[""DP""]","municipal","1","[]","[]","[]"
"2381","NCR11225","geocoded","published",,"Butler Rural Electric Cooperative, Inc.","BR","Butler Rural","Butler Rural Electric Cooperative","Butler Rural Electric Cooperative","normal",,,,"Butler Rural","official_website","[]",,"RF","[""DP""]","cooperative","1","[]","[]","[]"
"2382","NCR10104","geocoded","published",,"Cedarburg Light & Water Utility","CL&W","CL&W","Cedarburg Light & Water","Cedarburg Light & Water Utility","normal",,,,"CL&W","official_website","[]",,"MRO","[""DP""]","municipal","1","[]","[]","[]"
"2383","NCR10175","geocoded","published",,"Central Texas Electric Cooperative, Inc.","CTEC","CTEC","Central Texas Electric Cooperative","Central Texas Electric Cooperative","normal",,,,"CTEC","official_website","[]",,"Texas RE","[""DP""]",,"1","[]","[]","[]"
"2384","NCR11466","geocoded","published",,"Century Aluminum Company","Century","Century","Century Aluminum","Century Aluminum","normal",,,,"Century","official_website","[]",,"SERC","[""DP""]",,"1","[]","[]","[]"
"2385","NCR02000","geocoded","published",,"City of Columbus, Ohio, Department of Public Utilities, Division of Water And Power","Columbus","Columbus","Columbus Public Utilities","City of Columbus Department of Public Utilities","normal",,,,"Columbus DOP","official_website","[]",,"RF","[""DP""]","municipal","1","[]","[]","[]"
"2386","NCR00713","geocoded","published",,"City of Dover","Dover","Dover","Dover Light & Power","City of Dover Light & Power","normal",,,,"Dover Light","official_website","[]",,"RF","[""DP""]","municipal","1","[]","[]","[]"
"2387","NCR00982","geocoded","published",,"City of Escanaba","Escanaba","Escanaba","Escanaba Electric","City of Escanaba Electric","normal",,,,"Escanaba Electric","official_website","[]",,"MRO","[""DP""]","municipal","1","[]","[]","[]"
"2388","NCR05079","geocoded","published",,"City of Fort Collins","FC","Fort Collins","Fort Collins Utilities","City of Fort Collins Utilities","normal",,,,"Fort Collins","name_initialism","[]",,"WECC","[""DP""]",,"1","[]","[]","[]"
"2389","NCR05489","geocoded","published",,"City of Gallup","Gallup","Gallup","Gallup Electric","City of Gallup Electric","normal",,,,"Gallup Electric","official_website","[]",,"WECC","[""DP""]",,"1","[]","[]","[]"
"2390","NCR10004","geocoded","published",,"City of Georgetown","GUS","GUS","Georgetown Utilities","City of Georgetown Utilities","normal",,,,"GUS","official_website","[]",,"Texas RE","[""DP""]",,"1","[]","[]","[]"
"2391","NCR05081","geocoded","published",,"City of Glendale","GWP","GWP","Glendale Water & Power","Glendale Water & Power","normal",,,,"GWP","official_website","[]",,"WECC","[""DP""]",,"1","[]","[]","[]"
"2392","NCR11010","geocoded","published",,"City of Leesburg","Leesburg","Leesburg","Leesburg Electric","City of Leesburg Electric Department","normal",,,,"Leesburg Electric","official_website","[]",,"SERC","[""DP""]",,"1","[]","[]","[]"
"2393","NCR05086","geocoded","published",,"City of Longmont","LPC","LPC","Longmont Power & Communications","Longmont Power & Communications","normal",,,,"LPC","official_website","[]",,"WECC","[""DP""]",,"1","[]","[]","[]"
"2394","NCR05087","geocoded","published",,"City of Loveland, Colorado","CLU","CLU","Loveland Water & Power","City of Loveland Water & Power","normal",,,,"CLU","official_website","[]",,"WECC","[""DP""]",,"1","[]","[]","[]"
"2395","NCR00054","geocoded","published",,"City of Ocala Electric Utility","OEU","OEU","Ocala Electric Utility","City of Ocala Electric Utility","normal",,,,"OEU","official_website","[]",,"SERC","[""DP""]",,"1","[]","[]","[]"
"2396","NCR01202","geocoded","published",,"City of Orangeburg Department of Public Utilities","RNGBRG","Orangeburg","Orangeburg DPU","City of Orangeburg Department of Public Utilities","normal",,,,"Orangeburg DPU","official_website","[]",,"SERC","[""DP""]",,"1","[]","[]","[]"
"2397","NCR05089","geocoded","published",,"City of Palo Alto","CPAU","CPAU","City of Palo Alto Utilities","City of Palo Alto Utilities","normal",,,,"CPAU","official_website","[]",,"WECC","[""DP""]",,"1","[]","[]","[]"
"2398","NCR00721","geocoded","published",,"City of Rochelle","RMU","RMU","Rochelle Municipal Utilities","Rochelle Municipal Utilities","normal",,,,"RMU","official_website","[]",,"RF","[""DP""]","municipal","1","[]","[]","[]"
"2399","NCR10189","geocoded","published",,"City of San Marcos","SMU","SMU","San Marcos Electric Utility","City of San Marcos Electric Utility","normal",,,,"SMU","name_initialism","[]",,"Texas RE","[""DP""]",,"1","[]","[]","[]"
"2400","NCR11771","geocoded","published",,"City of Saskatoon","SL&P","SL&P","Saskatoon Light & Power","Saskatoon Light & Power","normal",,,,"SL&P","official_website","[]",,"MRO","[""DP""]","municipal","1","[]","[]","[]"
"2401","NCR05494","geocoded","published",,"City of Ukiah","Ukiah","Ukiah","Ukiah Electric","City of Ukiah Electric Utility","normal",,,,"Ukiah Electric","official_website","[]",,"WECC","[""DP""]",,"1","[]","[]","[]"
"2402","NCR00722","geocoded","published",,"City of Vineland New Jersey","VMEU","VMEU","Vineland Municipal Electric","Vineland Municipal Electric Utility","normal",,,,"VMEU","official_website","[]",,"RF","[""DP""]","municipal","1","[]","[]","[]"
"2403","NCR11100","geocoded","published",,"City of West Memphis (DP-UFLS)","WM","West Memphis","West Memphis Utilities","City of West Memphis Utilities","normal",,,,"West Memphis Utilities","official_website","[]",,"SERC","[""DP""]",,"1","[]","[]","[]"
"2404","NCR06019","geocoded","published",,"City of Westerville Electric Division","WSTRVL","Westerville","Westerville Electric","City of Westerville Electric Division","normal",,,,"Westerville Electric","official_website","[]",,"RF","[""DP""]","municipal","1","[]","[]","[]"
"2405","NCR01082","geocoded","published",,"City Water & Light - Jonesboro, Arkansas","CWL","CWL","Jonesboro City Water & Light","City Water & Light - Jonesboro","normal",,,,"CWL","common_market_name","[]",,"SERC","[""DP""]",,"1","[]","[]","[]"
"2406","NCR00499","geocoded","published",,"Claiborne Electric Cooperative, Inc.","CLBRN","Claiborne","Claiborne Electric Cooperative","Claiborne Electric Cooperative","normal",,,,"Claiborne EC","official_website","[]",,"SERC","[""DP""]",,"1","[]","[]","[]"
"2407","NCR00724","geocoded","published",,"Cloverland Electric Cooperative","CLVRLN","Cloverland","Cloverland Electric Cooperative","Cloverland Electric Cooperative","normal",,,,"Cloverland","official_website","[]",,"RF","[""DP""]","cooperative","1","[]","[]","[]"
"2408","NCR08012","geocoded","published",,"Coldwater Board of Public Utilities","CBPU","CBPU","Coldwater Board of Public Utilities","Coldwater Board of Public Utilities","normal",,,,"CBPU","official_website","[]",,"RF","[""DP""]","municipal","1","[]","[]","[]"
"2409","NCR11790","geocoded","published",,"Concho Valley Electric Cooperative, Inc.","CVEC","CVEC","Concho Valley Electric Cooperative","Concho Valley Electric Cooperative","normal",,,,"CVEC","name_initialism","[]",,"Texas RE","[""DP""]",,"1","[]","[]","[]"
"2410","NCR13080","geocoded","published",,"Connexus Energy","Connexus","Connexus","Connexus Energy","Connexus Energy","normal",,,,"Connexus","official_website","[]",,"MRO","[""DP""]","cooperative","1","[]","[]","[]"
"2411","NCR05115","geocoded","published",,"Continental Divide Electric Cooperative","CDEC","CDEC","Continental Divide Electric Cooperative","Continental Divide Electric Cooperative","normal",,,,"CDEC","official_website","[]",,"WECC","[""DP""]",,"1","[]","[]","[]"
"2412","NCR11092","geocoded","published",,"Conway Corporation","Conway","Conway","Conway Corporation","Conway Corporation","normal",,,,"Conway Corp","official_website","[]",,"SERC","[""DP""]",,"1","[]","[]","[]"
"2413","NCR08014","geocoded","published",,"Cuyahoga Falls Electric System","CFES","CFES","Cuyahoga Falls Electric","Cuyahoga Falls Electric System","normal",,,,"CFES","name_initialism","[]",,"RF","[""DP""]",,"1","[]","[]","[]"
"2414","NCR07056","geocoded","published",,"Danvers Electric Division","Danvers","Danvers","Danvers Electric","Danvers Electric Division","normal",,,,"Danvers Electric","official_website","[]",,"NPCC","[""DP""]","municipal","1","[]","[]","[]"
"2415","NCR05498","geocoded","published",,"Delta-Montrose Electric Association","DMEA","DMEA","Delta-Montrose Electric Association","Delta-Montrose Electric Association","normal",,,,"DMEA","official_website","[]",,"WECC","[""DP""]",,"1","[]","[]","[]"
"2416","NCR00980","geocoded","published",,"Detroit Lakes Public Utilities","DLPU","DLPU","Detroit Lakes Public Utilities","Detroit Lakes Public Utilities","normal",,,,"DLPU","name_initialism","[]",,"MRO","[""DP""]","municipal","1","[]","[]","[]"
"2417","NCR00416","geocoded","published",,"Dixie Electric Membership Corporation","DEMCO","DEMCO","Dixie Electric Membership Corporation","Dixie Electric Membership Corporation","normal",,,,"DEMCO","official_website","[]",,"SERC","[""DP""]",,"1","[]","[]","[]"
"2418","NCR01226","geocoded","published",,"East Mississippi Electric Power Association","EMEPA","EMEPA","East Mississippi Electric Power Association","East Mississippi Electric Power Association","normal",,,,"EMEPA","name_initialism","[]",,"SERC","[""DP""]",,"1","[]","[]","[]"
"2419","NCR00768","geocoded","published",,"Easton Utilities Commission","Easton","Easton","Easton Utilities","Easton Utilities Commission","normal",,,,"Easton Utils","name_initialism","[]",,"RF","[""DP""]",,"1","[]","[]","[]"
"2420","NCR01232","geocoded","published",,"EnergyUnited Electric Membership Corporation","NRGYNT","EnergyUnited","EnergyUnited","EnergyUnited Electric Membership Corporation","normal",,,,"EnergyUnited","official_website","[]",,"SERC","[""DP""]",,"1","[]","[]","[]"
"2421","NCR11042","geocoded","published",,"Fairport Municipal Commision","Fairport","Fairport","Fairport Electric","Fairport Municipal Commission","normal",,,,"Fairport Electric","official_website","[]",,"NPCC","[""DP""]","municipal","1","[]","[]","[]"
"2422","NCR01240","geocoded","published",,"Fayetteville Public Works Commission","PWC","PWC","Fayetteville Public Works Commission","Fayetteville Public Works Commission","normal",,,,"PWC","common_market_name","[]",,"SERC","[""DP""]",,"1","[]","[]","[]"
"2423","NCR01244","geocoded","published",,"French Broad Electric Membership Corporation","FBEMC","FBEMC","French Broad EMC","French Broad Electric Membership Corporation","normal",,,,"FBEMC","name_initialism","[]",,"SERC","[""DP""]",,"1","[]","[]","[]"
"2424","NCR07102","geocoded","published",,"Granite State Electric Company","Liberty","Liberty","Liberty Utilities New Hampshire","Granite State Electric Company","normal",,,,"Liberty NH","official_website","[]","Liberty Utilities","NPCC","[""DP""]","IOU","1","[]","[]","[]"
"2425","NCR07103","geocoded","published",,"Green Mountain Power Corporation","GMP","GMP","Green Mountain Power","Green Mountain Power","major",,,,"GMP","official_website","[]",,"NPCC","[""DP""]","IOU","1","[]","[]","[]"
"2426","NCR10105","geocoded","published",,"Hartford Electric","Hartford","Hartford","Hartford Electric","Hartford Electric","normal",,,,"Hartford Electric","official_website","[]",,"MRO","[""DP""]","municipal","1","[]","[]","[]"
"2427","NCR10293","geocoded","published",,"Haywood Electric Membership Corporation","Haywood","Haywood","Haywood EMC","Haywood Electric Membership Corporation","normal",,,,"Haywood EMC","name_initialism","[]",,"SERC","[""DP""]",,"1","[]","[]","[]"
"2428","NCR07106","geocoded","published",,"Hingham Municipal Lighting Plant","HMLP","HMLP","Hingham Municipal Lighting Plant","Hingham Municipal Lighting Plant","normal",,,,"HMLP","official_website","[]",,"NPCC","[""DP""]","municipal","1","[]","[]","[]"
"2429","NCR00124","geocoded","published",,"Ipswich Municipal Light Department","Ipswich","Ipswich","Ipswich Municipal Light","Ipswich Municipal Light Department","normal",,,,"Ipswich","official_website","[]",,"NPCC","[""DP""]","municipal","1","[]","[]","[]"
"2430","NCR10106","geocoded","published",,"Jefferson Utilities","JFFRSN","Jefferson","Jefferson Utilities","Jefferson Utilities","normal",,,,"Jefferson Utilities","official_website","[]",,"MRO","[""DP""]","municipal","1","[]","[]","[]"
"2431","NCR10179","geocoded","published",,"Kerrville Public Utility Board","KPUB","KPUB","Kerrville Public Utility Board","Kerrville Public Utility Board","normal",,,,"KPUB","official_website","[]",,"Texas RE","[""DP""]",,"1","[]","[]","[]"
"2432","NCR12330","geocoded","published",,"L&O Power Cooperative","L&O","L&O","L&O Power Cooperative","L&O Power Cooperative","normal",,,,"L&O","official_website","[]",,"MRO","[""DP""]","cooperative","1","[]","[]","[]"
"2433","NCR11817","geocoded","published",,"Lamar County Electric Cooperative Association","Lamar","Lamar","Lamar County Electric Cooperative","Lamar County Electric Cooperative Association","normal",,,,"Lamar Electric","official_website","[]",,"Texas RE","[""DP""]",,"1","[]","[]","[]"
"2434","NCR05216","geocoded","published",,"Lassen Municipal Utility District","LMUD","LMUD","Lassen Municipal Utility District","Lassen Municipal Utility District","normal",,,,"LMUD","official_website","[]",,"WECC","[""DP""]",,"1","[]","[]","[]"
"2435","NCR00164","geocoded","published",,"Littleton Electric Light Department","LELD","LELD","Littleton Electric Light","Littleton Electric Light Department","normal",,,,"LELD","name_initialism","[]",,"NPCC","[""DP""]","municipal","1","[]","[]","[]"
"2436","NCR11798","geocoded","published",,"Lyntegar Electric Cooperative, Inc.","Lyntegar","Lyntegar","Lyntegar Electric Cooperative","Lyntegar Electric Cooperative","normal",,,,"Lyntegar","official_website","[]",,"Texas RE","[""DP""]",,"1","[]","[]","[]"
"2437","NCR07135","geocoded","published",,"Mansfield Municipal Electric Department","MMED","MMED","Mansfield Municipal Electric","Mansfield Municipal Electric Department","normal",,,,"MMED","name_initialism","[]",,"NPCC","[""DP""]","municipal","1","[]","[]","[]"
"2438","NCR00208","geocoded","published",,"Marblehead Municipal Light Department","MMLD","MMLD","Marblehead Municipal Light","Marblehead Municipal Light Department","normal",,,,"MMLD","name_initialism","[]",,"NPCC","[""DP""]","municipal","1","[]","[]","[]"
"2439","NCR11044","geocoded","published",,"Massena Electric Department","MED","MED","Massena Electric Department","Massena Electric Department","normal",,,,"MED","name_initialism","[]",,"NPCC","[""DP""]","municipal","1","[]","[]","[]"
"2440","NCR10108","geocoded","published",,"Menasha Utilities","Menasha","Menasha","Menasha Utilities","Menasha Utilities","normal",,,,"Menasha Utilities","official_website","[]",,"MRO","[""DP""]","municipal","1","[]","[]","[]"
"2441","NCR00836","geocoded","published",,"Municipal Light and Power - City of Anderson","Anderson","Anderson","Anderson Municipal Light & Power","City of Anderson Municipal Light and Power","normal",,,,"Anderson ML&P","name_initialism","[]",,"RF","[""DP""]",,"1","[]","[]","[]"
"2442","NCR05257","geocoded","published",,"Murray City Corporation","Murray","Murray","Murray City Power","Murray City Corporation","normal",,,,"Murray City","official_website","[]",,"WECC","[""DP""]",,"1","[]","[]","[]"
"2443","NCR05515","geocoded","published",,"National Nuclear Security Administration - Los Alamos National Laboratory","LANL","LANL","Los Alamos National Laboratory","Los Alamos National Laboratory","normal",,,,"LANL","official_website","[]",,"WECC","[""DP""]",,"1","[]","[]","[]"
"2444","NCR10260","geocoded","published",,"National Nuclear Security Administration and Sandia National Laboratories -","Sandia","Sandia","Sandia National Laboratories","Sandia National Laboratories","normal",,,,"Sandia","official_website","[]",,"WECC","[""DP""]",,"1","[]","[]","[]"
"2445","NCR00126","geocoded","published",,"North Attleborough Electric Department","NAED","NAED","North Attleborough Electric","North Attleborough Electric Department","normal",,,,"NAED","official_website","[]",,"NPCC","[""DP""]","municipal","1","[]","[]","[]"
"2446","NCR11553","geocoded","published",,"Northeastern Rural Electric Membership Cooperative","NREMC","NREMC","Northeastern REMC","Northeastern Rural Electric Membership Cooperative","normal",,,,"NREMC","common_market_name","[]",,"RF","[""DP""]",,"1","[]","[]","[]"
"2447","NCR10281","geocoded","published",,"Northern Virginia Electric Cooperative","NOVEC","NOVEC","Northern Virginia Electric Cooperative","Northern Virginia Electric Cooperative","normal",,,,"NOVEC","official_website","[]",,"SERC","[""DP""]",,"1","[]","[]","[]"
"2448","NCR10110","geocoded","published",,"Oconomowoc Utilities","CNMWC","Oconomowoc","Oconomowoc Utilities","Oconomowoc Utilities","normal",,,,"Oconomowoc Utilities","official_website","[]",,"MRO","[""DP""]","municipal","1","[]","[]","[]"
"2449","NCR03041","geocoded","published",,"Paducah Power System","PPS","PPS","Paducah Power System","Paducah Power System","normal",,,,"PPS","name_initialism","[]",,"SERC","[""DP""]",,"1","[]","[]","[]"
"2450","NCR01135","geocoded","published",,"Paragould Light & Water Commission","PRGLD","Paragould","Paragould Light & Water","Paragould Light & Water Commission","normal",,,,"Paragould PMU","official_website","[]",,"MRO","[""DP""]","municipal","1","[]","[]","[]"
"2451","NCR11045","geocoded","published",,"Plattsburgh Municipal Lighting Department","PMLD","PMLD","Plattsburgh Municipal Lighting","Plattsburgh Municipal Lighting Department","normal",,,,"PMLD","name_initialism","[]",,"NPCC","[""DP""]","municipal","1","[]","[]","[]"
"2452","NCR05322","geocoded","published",,"Plumas-Sierra Rural Electric Cooperative","PSREC","PSREC","PSREC","Plumas-Sierra Rural Electric Cooperative","major",,,,"PSREC","official_website","[]",,"WECC","[""DP""]",,"1","[]","[]","[]"
"2453","NCR10111","geocoded","published",,"Plymouth Utilities","Plymouth","Plymouth","Plymouth Utilities","Plymouth Utilities","normal",,,,"Plymouth Utilities","official_website","[]","WPPI Energy","MRO","[""DP""]","municipal","1","[]","[]","[]"
"2454","NCR11002","geocoded","published",,"Princeton Electric Plant Board","PEPB","PEPB","Princeton Electric Plant Board","Princeton Electric Plant Board","normal",,,,"PEPB","official_website","[]",,"SERC","[""DP""]",,"1","[]","[]","[]"
"2455","NCR05332","geocoded","published",,"Provo City Corporation","Provo","Provo Power","Provo City Corporation","Provo City Corporation","normal",,,,"Provo Power","official_website","[]",,"WECC","[""DP""]",,"1","[]","[]","[]"
"2456","NCR01139","geocoded","published",,"Public Service Commission Of Yazoo City","Yazoo","Yazoo","Yazoo City Public Service Commission","Public Service Commission of Yazoo City","normal",,,,"Yazoo PSC","name_initialism","[]",,"SERC","[""DP""]",,"1","[]","[]","[]"
"2457","NCR07206","geocoded","published",,"Reading Municipal Light Department","RMLD","RMLD","Reading Municipal Light","Reading Municipal Light Department","normal",,,,"RMLD","official_website","[]",,"NPCC","[""DP""]","municipal","1","[]","[]","[]"
"2458","NCR10112","geocoded","published",,"Reedsburg Utility Commission","RDSBRG","Reedsburg","Reedsburg Utility Commission","Reedsburg Utility Commission","normal",,,,"Reedsburg Utility","official_website","[]",,"MRO","[""DP""]","municipal","1","[]","[]","[]"
"2459","NCR00909","geocoded","published",,"Richmond Power and Light","RP&L","RP&L","Richmond Power and Light","Richmond Power and Light","normal",,,,"RP&L","common_market_name","[]",,"RF","[""DP""]",,"1","[]","[]","[]"
"2460","NCR03038","geocoded","published",,"Rio Grande Electric Co Op","RGEC","RGEC","Rio Grande Electric Cooperative","Rio Grande Electric Cooperative","normal",,,,"RGEC","official_website","[]",,"Texas RE","[""DP""]",,"1","[]","[]","[]"
"2461","NCR10113","geocoded","published",,"River Falls Municipal Utilities","RF","River Falls","River Falls Municipal Utilities","River Falls Municipal Utilities","normal",,,,"River Falls MU","official_website","[]","WPPI Energy","MRO","[""DP""]","municipal","1","[]","[]","[]"
"2462","NCR05524","geocoded","published",,"San Luis Valley Rural Electric Cooperative, Inc.","SLVREC","SLVREC","SLVREC","San Luis Valley Rural Electric Cooperative, Inc.","normal",,,,"SLVREC","official_website","[]",,"WECC","[""DP""]",,"1","[]","[]","[]"
"2463","NCR08031","geocoded","published",,"South Central Power Co.","SCP","SCP","South Central Power","South Central Power","normal",,,,"South Central","official_website","[]",,"RF","[""DP""]",,"1","[]","[]","[]"
"2464","NCR11792","geocoded","published",,"South Hadley Electric Light Department","SHELD","SHELD","South Hadley Electric Light","South Hadley Electric Light Department","normal",,,,"SHELD","official_website","[]",,"NPCC","[""DP""]","municipal","1","[]","[]","[]"
"2465","NCR11789","geocoded","published",,"Southwest Texas Electric Cooperative, Inc.","SWTEC","SWTEC","Southwest Texas Electric Cooperative","Southwest Texas Electric Cooperative","normal",,,,"SWTEC","official_website","[]",,"Texas RE","[""DP""]",,"1","[]","[]","[]"
"2466","NCR01324","geocoded","published",,"Southwestern Electric Cooperative, Inc.","SWECI","SWECI","Southwestern Electric Cooperative","Southwestern Electric Cooperative","normal",,,,"SWECI","name_initialism","[]",,"SERC","[""DP""]",,"1","[]","[]","[]"
"2467","NCR11384","geocoded","published",,"Taylor Electric Cooperative, Inc.","TE","Taylor EC","Taylor Electric Cooperative","Taylor Electric Cooperative","normal",,,,"Taylor EC","official_website","[]",,"Texas RE","[""DP""]",,"1","[]","[]","[]"
"2468","NCR01152","geocoded","published",,"Terrebonne Parish Consolidated Government","TPCG","TPCG","Terrebonne Parish Utilities","Terrebonne Parish Consolidated Government","normal",,,,"TPCG","official_website","[]",,"SERC","[""DP""]",,"1","[]","[]","[]"
"2469","NCR01348","geocoded","published",,"Town of Sharpsburg","SHRPSB","Sharpsburg","Town of Sharpsburg","Town of Sharpsburg","normal",,,,"Sharpsburg","official_website","[]",,"SERC","[""DP""]",,"1","[]","[]","[]"
"2470","NCR01349","geocoded","published",,"Town of Stantonsburg","STNTNS","Stantonsburg","Town of Stantonsburg","Town of Stantonsburg","normal",,,,"Stantonsburg","official_website","[]",,"SERC","[""DP""]",,"1","[]","[]","[]"
"2471","NCR01350","geocoded","published",,"Town of Waynesville","WYNSVL","Waynesville","Town of Waynesville","Town of Waynesville","normal",,,,"Waynesville","official_website","[]",,"SERC","[""DP""]",,"1","[]","[]","[]"
"2472","NCR05536","geocoded","published",,"United Power, Inc","United","United Power","United Power","United Power, Inc","normal",,,,"United Power","official_website","[]",,"WECC","[""DP""]",,"1","[]","[]","[]"
"2473","NCR07223","geocoded","published",,"Unitil Energy Systems, Inc.","UES","UES","Unitil Energy Systems","Unitil Energy Systems","major",,,,"UES","common_market_name","[]","Unitil Corporation","NPCC","[""DP""]","IOU","1","[]","[]","[]"
"2474","NCR07224","geocoded","published",,"Vermont Electric Cooperative","VEC","VEC","Vermont Electric Cooperative","Vermont Electric Cooperative","normal",,,,"VEC","official_website","[]",,"NPCC","[""DP""]","cooperative","1","[]","[]","[]"
"2475","NCR11043","geocoded","published",,"Village of Lake Placid","LP","Lake Placid","Village of Lake Placid","Village of Lake Placid","normal",,,,"Lake Placid","common_market_name","[]",,"NPCC","[""DP""]","municipal","1","[]","[]","[]"
"2476","NCR11047","geocoded","published",,"Village of Solvay Electric Dept.","Solvay","Solvay","Solvay Electric","Village of Solvay Electric","normal",,,,"Solvay Electric","official_website","[]",,"NPCC","[""DP""]","municipal","1","[]","[]","[]"
"2477","NCR10253","geocoded","published",,"Wakefield Municipal Gas and Light Department","WMGLD","WMGLD","Wakefield MGLD","Wakefield Municipal Gas and Light","normal",,,,"WMGLD","official_website","[]",,"NPCC","[""DP""]","municipal","1","[]","[]","[]"
"2478","NCR04160","geocoded","published",,"Weatherford Municipal Utility System","WMUS","WMUS","Weatherford Municipal Utilities","Weatherford Municipal Utility System","normal",,,,"WMUS","name_initialism","[]",,"Texas RE","[""DP""]",,"1","[]","[]","[]"
"2479","NCR07230","geocoded","published",,"Wellesley Municipal Light Plant","WMLP","WMLP","Wellesley MLP","Wellesley Municipal Light Plant","normal",,,,"WMLP","official_website","[]",,"NPCC","[""DP""]","municipal","1","[]","[]","[]"
"2480","NCR07233","geocoded","published",,"Westfield Gas & Electric Light Department","WG+E","Westfield","Westfield G&E","Westfield Gas & Electric","normal",,,,"WG+E","official_website","[]",,"NPCC","[""DP""]","municipal","1","[]","[]","[]"
"2481","NCR00081","geocoded","published",,"Winter Park, City of","WP","Winter Park","City of Winter Park","City of Winter Park","normal",,,,"Winter Park","official_website","[]",,"SERC","[""DP""]",,"1","[]","[]","[]"
"2482","NCR01042","geocoded","published",,"Wisconsin Rapids Water Works & Lighting Commission","WRWWLC","WRWWLC","Wisconsin Rapids Utilities","Wisconsin Rapids Water Works & Lighting","normal",,,,"WRWWLC","name_initialism","[]",,"MRO","[""DP""]","municipal","1","[]","[]","[]"
"2483","NCR07112","geocoded","combined_member","NCR07111","Hydro-Québec Reliability Coordinator for Québec (HQCF)",,"HQCF","Hydro-Québec RC","Hydro-Québec Reliability Coordinator","normal",,,,"HQCF","official_website","[]","Hydro-Quebec","NPCC","[""BA"",""RC"",""TOP""]","other","24","[]","[]","[]"
"2484","NCR01056","geocoded","combined_member","NCR00682","AEP as Agent for AEP OK Transco., PSCO, and SWEPCO",,"AEPW","AEP Agent","AEP Agent Services","normal",,,,"AEPW","nerc_cores","[]","American Electric Power Company, Inc.","MRO","[""DP"",""GO"",""GOP"",""RP"",""TO"",""TOP"",""TP""]","IOU","19","[]","[]","[]"
"2485","NCR00820","geocoded","combined_member","NCR00803","METC",,"METC","Michigan Electric Transmission","Michigan Electric Transmission Company","normal",,,,"METC","common_market_name","[]",,"RF","[""TO"",""TOP"",""TP""]",,"12","[]","[]","[]"
"2486","NCR03049","geocoded","combined_member","NCR03051","Arlington Valley, LLC - AVBA",,"AVBA","Arlington Valley","Arlington Valley","normal",,,,"AVBA","nerc_cores","[]",,"WECC","[""BA""]",,"8","[]","[]","[]"
"2487","NCR11382","geocoded","combined_member","NCR10395","BHE Wind Watch, LLC",,"WindWatch","BHE Wind Watch","BHE Wind Watch","normal",,,,"Wind Watch","common_market_name","[]",,"WECC","[""BA""]",,"8","[]","[]","[]"
"2488","NCR00023","geocoded","combined_member","NCR00022","Florida Municipal Power Pool",,"FMPP","Florida Municipal Power Pool","Florida Municipal Power Pool","normal",,,,"FMPP","common_market_name","[]",,"SERC","[""BA""]",,"8","[]","[]","[]"
"2489","NCR08023","geocoded","combined_member","NCR00803","Michigan Electric Coordinated Systems",,"MECS","Michigan Electric Coordinated Systems","Michigan Electric Coordinated Systems","normal",,,,"MECS","common_market_name","[]",,"RF","[""BA""]",,"8","[]","[]","[]"
"2490","NCR02552","geocoded","combined_member","NCR05263","New Harquahala Generating Company, LLC - HGBA",,"HGBA","Harquahala Generating","New Harquahala Generating Company","normal",,,,"HGBA","name_initialism","[]",,"WECC","[""BA""]",,"8","[]","[]","[]"
"2491","NCR11498","geocoded","combined_member","NCR11716","Wisconsin Electric Power - MIUP",,"WEPCO","Wisconsin Electric Power","We Energies","normal",,,,"WEPCO MIUP","name_initialism","[]",,"RF","[""BA""]",,"8","[]","[]","[]"
"2492","NCR13242","geocoded","combined_member","NCR13243","American Falls Solar II, LLC",,"AFS II","American Falls Solar II","American Falls Solar II","normal",,,,"AFS II","name_initialism","[]",,"WECC","[""GO"",""GOP""]",,"4","[]","[]","[]"
"2493","NCR11112","geocoded","combined_member","NCR00538","Astoria Energy II LLC",,"Astoria II","Astoria Energy II","Astoria Energy II","normal",,,,"Astoria II","common_market_name","[]","APG Asset Management","NPCC","[""GO"",""GOP""]","merchant","4","[]","[]","[]"
"2494","NCR13418","geocoded","combined_member","NCR13110","BRP Tortolas BESS LLC",,"Tortolas","BRP Tortolas BESS","BRP Tortolas BESS","normal",,,,"Tortolas","name_initialism","[]",,"Texas RE","[""GO"",""GOP""]",,"4","[]","[]","[]"
"2495","NCR11785","geocoded","combined_member","NCR11314","Clearlight Energy (America) LLC",,"Clearlight","Clearlight Energy","Clearlight Energy","normal",,,,"Clearlight","official_website","[]","Clearlight Energy","MRO","[""GO"",""GOP""]","merchant","4","[]","[]","[]"
"2496","NCR11724","geocoded","combined_member","NCR13098","Lightstone Generation LLC",,"Lightstone","Lightstone Generation","Lightstone Generation","normal",,,,"Lightstone","name_initialism","[]",,"RF","[""GO"",""GOP""]",,"4","[]","[]","[]"
"2497","NCR12010","geocoded","combined_member","NCR12009","Northfield Mountain LLC",,"Northfield","Northfield Mountain","Northfield Mountain Pumped Storage","normal",,,,"Northfield","common_market_name","[]","FirstLight Power","NPCC","[""GO"",""GOP""]","merchant","4","[]","[]","[]"
"2498","NCR11881","geocoded","combined_member","NCR11521","ORNI 41",,"ORNI 41","ORNI 41","ORNI 41","normal",,,,"ORNI 41","name_initialism","[]",,"WECC","[""GO"",""GOP""]",,"4","[]","[]","[]"
"2499","NCR13118","geocoded","combined_member","NCR12065","PP Jaguar BESS LLC",,"Jaguar","PP Jaguar BESS","PP Jaguar BESS","normal",,,,"PP Jaguar","name_initialism","[]",,"Texas RE","[""GO"",""GOP""]",,"4","[]","[]","[]"
"2500","NCR10371","geocoded","combined_member","NCR11061","Rensselaer Generating LLC",,"Rensselaer","Rensselaer Generating","Rensselaer Generating","normal",,,,"Rensselaer","common_market_name","[]",,"NPCC","[""GO"",""GOP""]","merchant","4","[]","[]","[]"
"2501","NCR11362","geocoded","combined_member","NCR00889","Talen Generation, LLC",,"Talen","Talen Generation","Talen Generation","major",,,,"Talen Gen","common_market_name","[]",,"RF","[""GO"",""GOP""]",,"4","[]","[]","[]"
"2502","NCR00936","geocoded","combined_member","NCR11107","University Park Energy, LLC",,"UPE","University Park Energy","University Park Energy","normal",,,,"UPE","name_initialism","[]",,"RF","[""GO"",""GOP""]",,"4","[]","[]","[]"
"2503","NCR05537","geocoded","combined_member","NCR00978","USACE - Omaha District",,"USACE Omaha","USACE - Omaha District","USACE - Omaha District","normal",,,,"USACE Omaha","name_initialism","[]",,"WECC","[""GO"",""GOP""]",,"4","[]","[]","[]"
"2504","NCR00464","geocoded","combined_member","NCR00026","Florida Reserve Sharing Group",,"FRSG","Florida Reserve Sharing Group","Florida Reserve Sharing Group","normal",,,,"FRSG","name_initialism","[]",,"SERC","[""RSG""]",,"3","[]","[]","[]"
"2505","NCR11643","geocoded","combined_member","NCR11634","63SU 8ME LLC",,"63SU","63SU 8ME","63SU 8ME","normal",,,,"63SU","name_initialism","[]",,"WECC","[""GO""]",,"2","[]","[]","[]"
"2506","NCR13097","geocoded","combined_member","NCR12523","69SV 8me, LLC",,"69SV","69SV 8me","69SV 8me","normal",,,,"69SV","name_initialism","[]",,"WECC","[""GO""]",,"2","[]","[]","[]"
"2507","NCR13171","geocoded","combined_member","NCR13172","Atlas IX, LLC",,"Atlas IX","Atlas IX Solar","Atlas IX Solar","normal",,,,"Atlas IX","name_initialism","[]",,"WECC","[""GO""]",,"2","[]","[]","[]"
"2508","NCR00503","geocoded","combined_member","NCR10237","BNY Power Operations, LLC",,"BNY","BNY Power Operations","BNY Power Operations","normal",,,,"BNY Power","name_initialism","[]","Brooklyn Navy Yard Cogeneration Partners","NPCC","[""GOP""]","merchant","2","[]","[]","[]"
"2509","NCR13333","geocoded","combined_member","NCR11869","Clean Energy Future - Trumbull, LLC",,"Trumbull","Clean Energy Future Trumbull","Clean Energy Future - Trumbull","normal",,,,"Trumbull Energy","common_market_name","[]",,"RF","[""GO""]","merchant","2","[]","[]","[]"
"2510","NCR12524","geocoded","combined_member","NCR12570","Deriva Energy Solar Holdings, LLC",,"Deriva","Deriva Energy Solar","Deriva Energy Solar Holdings","normal",,,,"Deriva Solar","name_initialism","[]","Deriva Energy","MRO","[""GOP""]","merchant","2","[]","[]","[]"
"2511","NCR12085","geocoded","combined_member","NCR12081","Desert Harvest II, LLC",,"Desert II","Desert Harvest II","Desert Harvest II","normal",,,,"Desert Harvest II","common_market_name","[]",,"WECC","[""GO""]",,"2","[]","[]","[]"
"2512","NCR11582","geocoded","combined_member","NCR11727","Evergreen Wind Power II, LLC",,"Oakfield","Oakfield Wind","Evergreen Wind Power II","normal",,,,"Oakfield Wind","common_market_name","[]","Onward Energy","NPCC","[""GO""]","merchant","2","[]","[]","[]"
"2513","NCR04074","geocoded","combined_member","NCR04093","GEN TEX Power Corp",,"GenTex","GEN TEX Power","GEN TEX Power","normal",,,,"GenTex","common_market_name","[]",,"Texas RE","[""GO""]",,"2","[]","[]","[]"
"2514","NCR13422","geocoded","combined_member","NCR13285","Kelso 2 Solar, LLC",,"Kelso 2","Kelso 2 Solar","Kelso 2 Solar","normal",,,,"Kelso 2","name_initialism","[]",,"SERC","[""GO""]",,"2","[]","[]","[]"
"2515","NCR12347","geocoded","combined_member","NCR12346","Lockhart Solar PV ll, LLC (Lockhart ll)",,"Lockhart II","Lockhart Solar II","Lockhart Solar PV II","normal",,,,"Lockhart II","common_market_name","[]",,"WECC","[""GO""]",,"2","[]","[]","[]"
"2516","NCR12080","geocoded","combined_member","NCR12079","Maverick Solar 4, LLC",,"Maverick 4","Maverick Solar 4","Maverick Solar 4","normal",,,,"Maverick 4","name_initialism","[]",,"WECC","[""GO""]",,"2","[]","[]","[]"
"2517","NCR12198","geocoded","combined_member","NCR12079","Maverick Solar 6, LLC",,"Maverick 6","Maverick Solar 6","Maverick Solar 6","normal",,,,"Maverick 6","name_initialism","[]",,"WECC","[""GO""]",,"2","[]","[]","[]"
"2518","NCR12199","geocoded","combined_member","NCR12079","Maverick Solar 7, LLC",,"Maverick 7","Maverick Solar 7","Maverick Solar 7","normal",,,,"Maverick 7","name_initialism","[]",,"WECC","[""GO""]",,"2","[]","[]","[]"
"2519","NCR12449","geocoded","combined_member","NCR12553","MS Solar 6, LLC",,"MS Solar 6","MS Solar 6","MS Solar 6","normal",,,,"MS Solar 6","name_initialism","[]",,"SERC","[""GO""]",,"2","[]","[]","[]"
"2520","NCR10234","geocoded","combined_member","NCR10229","NAES Corporation - Chesapeake",,"Chesapeake","NAES Chesapeake","Chesapeake Energy Center","normal",,,,"NAES Chesapeake","name_initialism","[]",,"RF","[""GOP""]",,"2","[]","[]","[]"
"2521","NCR11970","geocoded","combined_member","NCR11969","NAES Corporation - Hickory Run",,"Hickory Run","NAES Hickory Run","Hickory Run Energy Center","normal",,,,"NAES Hickory Run","name_initialism","[]",,"RF","[""GOP""]",,"2","[]","[]","[]"
"2522","NCR13075","geocoded","combined_member","NCR12257","NAES Corporation - Indeck Niles",,"Niles","NAES Indeck Niles","Indeck Niles Energy Center","normal",,,,"NAES Indeck Niles","name_initialism","[]",,"RF","[""GOP""]",,"2","[]","[]","[]"
"2523","NCR07167","geocoded","combined_member","NCR07132","NAES Corporation - Lockport",,"Lockport","NAES Lockport","Lockport Energy Associates","normal",,,,"Lockport","name_initialism","[]",,"NPCC","[""GOP""]","merchant","2","[]","[]","[]"
"2524","NCR07169","geocoded","combined_member","NCR07090","NAES Corporation - North Tonawanda",,"Tonawanda","NAES North Tonawanda","North Tonawanda Energy","normal",,,,"N. Tonawanda","common_market_name","[]",,"NPCC","[""GOP""]","merchant","2","[]","[]","[]"
"2525","NCR11590","geocoded","combined_member","NCR05349","NAES Corporation - Rathdrum Power",,"Rathdrum","NAES Rathdrum Power","Rathdrum Power","normal",,,,"NAES Rathdrum","name_initialism","[]",,"WECC","[""GOP""]",,"2","[]","[]","[]"
"2526","NCR12400","geocoded","combined_member","NCR12390","NAES Corporation Heritage Brunot Island",,"Brunot","Heritage Brunot Island","Heritage Brunot Island","normal",,,,"Brunot","common_market_name","[]",,"RF","[""GOP""]",,"2","[]","[]","[]"
"2527","NCR12401","geocoded","combined_member","NCR12391","NAES Corporation Heritage Gilbert",,"Gilbert","Heritage Gilbert","Heritage Gilbert","normal",,,,"Gilbert","common_market_name","[]",,"RF","[""GOP""]",,"2","[]","[]","[]"
"2528","NCR12404","geocoded","combined_member","NCR12393","NAES Corporation Heritage Mountain",,"Mountain","Heritage Mountain","Heritage Mountain","normal",,,,"Mountain","common_market_name","[]",,"RF","[""GOP""]",,"2","[]","[]","[]"
"2529","NCR12403","geocoded","combined_member","NCR12394","NAES Corporation Heritage New Castle",,"New Castle","Heritage New Castle","Heritage New Castle","normal",,,,"New Castle","common_market_name","[]",,"RF","[""GOP""]",,"2","[]","[]","[]"
"2530","NCR12385","geocoded","combined_member","NCR12395","NAES Corporation Heritage Portland",,"Portland","Heritage Portland","Heritage Portland","normal",,,,"Portland","common_market_name","[]",,"RF","[""GOP""]",,"2","[]","[]","[]"
"2531","NCR12386","geocoded","combined_member","NCR12396","NAES Corporation Heritage Sayreville",,"Sayreville","Heritage Sayreville","Heritage Sayreville","normal",,,,"Sayreville","common_market_name","[]",,"RF","[""GOP""]",,"2","[]","[]","[]"
"2532","NCR12387","geocoded","combined_member","NCR12397","NAES Corporation Heritage Shawville",,"Shawville","Heritage Shawville","Heritage Shawville","normal",,,,"Shawville","common_market_name","[]",,"RF","[""GOP""]",,"2","[]","[]","[]"
"2533","NCR12405","geocoded","combined_member","NCR11141","NAES Corporation Heritage Single Units",,"Heritage SU","Heritage Single Units","Heritage Single Units","normal",,,,"Heritage SU","name_initialism","[]",,"RF","[""GOP""]",,"2","[]","[]","[]"
"2534","NCR12388","geocoded","combined_member","NCR12398","NAES Corporation Heritage Titus",,"Titus","Heritage Titus","Heritage Titus","normal",,,,"Titus","common_market_name","[]",,"RF","[""GOP""]",,"2","[]","[]","[]"
"2535","NCR12389","geocoded","combined_member","NCR12399","NAES Corporation Heritage Tolna",,"Tolna","Heritage Tolna","Heritage Tolna","normal",,,,"Tolna","common_market_name","[]",,"RF","[""GOP""]",,"2","[]","[]","[]"
"2536","NCR11527","geocoded","combined_member","NCR11526","NAES Corporation-Newark Energy Center",,"NEC","NAES Newark Energy Center","Newark Energy Center","normal",,,,"NEC","name_initialism","[]",,"RF","[""GOP""]",,"2","[]","[]","[]"
"2537","NCR13328","geocoded","combined_member","NCR13327","Pomona Energy Storage 2",,"Pomona ES 2","Pomona Energy Storage 2","Pomona Energy Storage 2","normal",,,,"Pomona ES 2","name_initialism","[]",,"WECC","[""GO""]",,"2","[]","[]","[]"
"2538","NCR12152","geocoded","combined_member","NCR12031","Prospero Solar II, LLC",,"Prospero II","Prospero Solar II","Prospero Solar II","normal",,,,"Prospero II","name_initialism","[]",,"Texas RE","[""GO""]",,"2","[]","[]","[]"
"2539","NCR12063","geocoded","combined_member","NCR11951","RE Mustang Two LLC",,"Mustang Two","RE Mustang Two","RE Mustang Two LLC","normal",,,,"Mustang Two","common_market_name","[]",,"WECC","[""GO""]",,"2","[]","[]","[]"
"2540","NCR13443","geocoded","combined_member","NCR13442","Richland Township Solar II, LLC",,"Richland II","Richland Township Solar II","Richland Township Solar II","normal",,,,"Richland II","common_market_name","[]",,"SERC","[""GO""]",,"2","[]","[]","[]"
"2541","NCR13249","geocoded","combined_member","NCR13248","Rosamond Two LLC",,"Rosamond Two","Rosamond Two","Rosamond Two LLC","normal",,,,"Rosamond Two","common_market_name","[]",,"WECC","[""GO""]",,"2","[]","[]","[]"
"2542","NCR05367","geocoded","combined_member","NCR05107","Rosebud Operating Services, Inc.",,"ROSI","Rosebud Operating Services","Rosebud Operating Services, Inc.","normal",,,,"ROSI","name_initialism","[]",,"WECC","[""GOP""]",,"2","[]","[]","[]"
"2543","NCR12200","geocoded","combined_member","NCR12267","SE Athos II, LLC",,"Athos II","SE Athos II","SE Athos II, LLC","normal",,,,"Athos II","common_market_name","[]",,"WECC","[""GO""]",,"2","[]","[]","[]"
"2544","NCR10292","geocoded","combined_member","NCR11232","Shiloh Wind Project 2, LLC",,"Shiloh II","Shiloh Wind Project 2","Shiloh Wind Project 2, LLC","normal",,,,"Shiloh II","common_market_name","[]",,"WECC","[""GO""]",,"2","[]","[]","[]"
"2545","NCR13175","geocoded","combined_member","NCR12540","Sierra Pinta Energy Storage, LLC",,"Sierra Pinta","Sierra Pinta Energy Storage","Sierra Pinta Energy Storage, LLC","normal",,,,"Sierra Pinta","official_website","[]",,"WECC","[""GO""]",,"2","[]","[]","[]"
"2546","NCR12012","geocoded","combined_member","NCR01330","Veolia Energy Operating Services, LLC",,"Veolia","Veolia Energy Operating Services","Veolia Energy Operating Services","major",,,,"Veolia","official_website","[]",,"SERC","[""GOP""]",,"2","[]","[]","[]"
"2547","NCR11625","geocoded","combined_member","NCR11623","WestRock Southeast, LLC",,"WestRock","WestRock Southeast","WestRock Southeast","normal",,,,"WestRock SE","name_initialism","[]",,"SERC","[""GOP""]",,"2","[]","[]","[]"
"2548","NCR-SEED-024","geocoded","retired_seed",,"Southern Company Services, Inc.",,"Southern Co.","Southern Company Services","Southern Company Services, Inc.","major",,,,"Southern Co.","common_market_name","[]",,"SERC","[""RC"",""BA"",""TOP"",""TP"",""PC"",""TSP"",""RP""]","IOU","42","[]","[]","[]"
"2549","NCR-SEED-037","geocoded","retired_seed",,"Indiana Michigan Power Company",,"I&M","Indiana Michigan Power","Indiana Michigan Power Company","normal",,,,"I&M","common_market_name","[]",,"RF","[""TO"",""TOP"",""DP"",""GO"",""GOP"",""LSE"",""TSP""]","IOU","20","[]","[]","[]"
"2550","NCR-SEED-038","geocoded","retired_seed",,"Ohio Edison Company",,"Ohio Edison","Ohio Edison","Ohio Edison Company","normal",,,,"Ohio Edison","common_market_name","[]",,"RF","[""TO"",""TOP"",""DP"",""LSE"",""TSP""]","IOU","16","[]","[]","[]"
"2551","NCR-SEED-053","geocoded","retired_seed",,"AEP Texas Inc.",,"AEP Texas","AEP Texas","AEP Texas Inc.","major",,,,"AEP Texas","common_market_name","[]",,"Texas RE","[""TO"",""TOP"",""DP"",""TSP""]","IOU","14","[]","[]","[]"
